film,Action,Adventure,Animation,Biography,Comedy,Crime,Drama,Family,Fantasy,Film-Noir,History,Horror,Music,Musical,Mystery,Romance,Sci-Fi,Sport,Thriller,War,Western
(500) Days of Summer,False,False,False,False,True,False,True,False,False,False,False,False,False,False,False,True,False,False,False,False,False
12 Angry Men,False,False,False,False,False,True,True,False,False,False,False,False,False,False,False,False,False,False,False,False,False
12 Years a Slave,False,False,False,True,False,False,True,False,False,False,True,False,False,False,False,False,False,False,False,False,False
1917,False,False,False,False,False,False,True,False,False,False,False,False,False,False,False,False,False,False,True,True,False
2001: A Space Odyssey,False,True,False,False,False,False,False,False,False,False,False,False,False,False,False,False,True,False,False,False,False
21 Grams,False,False,False,False,False,True,True,False,False,False,False,False,False,False,False,False,False,False,True,False,False
25th Hour,False,False,False,False,False,False,True,False,False,False,False,False,False,False,False,False,False,False,False,False,False
28 Days Later...,False,False,False,False,False,False,True,False,False,False,False,True,False,False,False,False,True,False,False,False,False
3 Idiots,False,False,False,False,True,False,True,False,False,False,False,False,False,False,False,False,False,False,False,False,False
300,True,False,False,False,False,False,True,False,False,False,False,False,False,False,False,False,False,False,False,False,False
3:10 to Yuma,True,False,False,False,False,True,True,False,False,False,False,False,False,False,False,False,False,False,False,False,False
50/50,False,False,False,False,True,False,True,False,False,False,False,False,False,False,False,True,False,False,False,False,False
A Beautiful Mind,False,False,False,True,False,False,True,False,False,False,False,False,False,False,False,False,False,False,False,False,False
A Bronx Tale,False,False,False,False,False,True,True,False,False,False,False,False,False,False,False,True,False,False,False,False,False
A Christmas Story,False,False,False,False,True,False,False,True,False,False,False,False,False,False,False,False,False,False,False,False,False
A Clockwork Orange,False,False,False,False,False,True,True,False,False,False,False,False,False,False,False,False,True,False,False,False,False
A Few Good Men,False,False,False,False,False,False,True,False,False,False,False,False,False,False,False,False,False,False,True,False,False
A Hard Day's Night,False,False,False,False,True,False,False,False,False,False,False,False,True,True,False,False,False,False,False,False,False
A Little Princess,False,False,False,False,False,False,True,True,True,False,False,False,False,False,False,False,False,False,False,False,False
A Man for All Seasons,False,False,False,True,False,False,True,False,False,False,True,False,False,False,False,False,False,False,False,False,False
A Star Is Born,False,False,False,False,False,False,True,False,False,False,False,False,True,False,False,True,False,False,False,False,False
A Streetcar Named Desire,False,False,False,False,False,False,True,False,False,False,False,False,False,False,False,False,False,False,False,False,False
About Time,False,False,False,False,True,False,True,False,True,False,False,False,False,False,False,False,False,False,False,False,False
Ace in the Hole,False,False,False,False,False,False,True,False,False,True,False,False,False,False,False,False,False,False,False,False,False
Adams æbler,False,False,False,False,True,True,True,False,False,False,False,False,False,False,False,False,False,False,False,False,False
Adaptation.,False,False,False,False,True,False,True,False,False,False,False,False,False,False,False,False,False,False,False,False,False
After Hours,False,False,False,False,True,True,True,False,False,False,False,False,False,False,False,False,False,False,False,False,False
Ah-ga-ssi,False,False,False,False,False,False,True,False,False,False,False,False,False,False,False,True,False,False,True,False,False
Airplane!,False,False,False,False,True,False,False,False,False,False,False,False,False,False,False,False,False,False,False,False,False
Aladdin,False,True,True,False,True,False,False,False,False,False,False,False,False,False,False,False,False,False,False,False,False
Alien,False,False,False,False,False,False,False,False,False,False,False,True,False,False,False,False,True,False,False,False,False
Aliens,True,True,False,False,False,False,False,False,False,False,False,False,False,False,False,False,True,False,False,False,False
All About Eve,False,False,False,False,False,False,True,False,False,False,False,False,False,False,False,False,False,False,False,False,False
All Quiet on the Western Front,False,False,False,False,False,False,True,False,False,False,False,False,False,False,False,False,False,False,False,True,False
All That Jazz,False,False,False,False,False,False,True,False,False,False,False,False,True,True,False,False,False,False,False,False,False
All the President's Men,False,False,False,True,False,False,True,False,False,False,True,False,False,False,False,False,False,False,False,False,False
Almost Famous,False,True,False,False,True,False,True,False,False,False,False,False,False,False,False,False,False,False,False,False,False
Amadeus,False,False,False,True,False,False,True,False,False,False,True,False,False,False,False,False,False,False,False,False,False
American Beauty,False,False,False,False,False,False,True,False,False,False,False,False,False,False,False,False,False,False,False,False,False
American Gangster,False,False,False,True,False,True,True,False,False,False,False,False,False,False,False,False,False,False,False,False,False
American History X,False,False,False,False,False,False,True,False,False,False,False,False,False,False,False,False,False,False,False,False,False
American Psycho,False,False,False,False,True,True,True,False,False,False,False,False,False,False,False,False,False,False,False,False,False
Amores perros,False,False,False,False,False,False,True,False,False,False,False,False,False,False,False,False,False,False,True,False,False
Amour,False,False,False,False,False,False,True,False,False,False,False,False,False,False,False,True,False,False,False,False,False
Amélie,False,False,False,False,True,False,False,False,False,False,False,False,False,False,False,True,False,False,False,False,False
Annie Hall,False,False,False,False,True,False,False,False,False,False,False,False,False,False,False,True,False,False,False,False,False
Apocalypse Now,False,False,False,False,False,False,True,False,False,False,False,False,False,False,True,False,False,False,False,True,False
Apocalypto,True,True,False,False,False,False,True,False,False,False,False,False,False,False,False,False,False,False,False,False,False
Apollo 13,False,True,False,False,False,False,True,False,False,False,True,False,False,False,False,False,False,False,False,False,False
Argo,False,False,False,True,False,False,True,False,False,False,False,False,False,False,False,False,False,False,True,False,False
Arrival,False,False,False,False,False,False,True,False,False,False,False,False,False,False,False,False,True,False,False,False,False
As Good as It Gets,False,False,False,False,True,False,True,False,False,False,False,False,False,False,False,True,False,False,False,False,False
Atonement,False,False,False,False,False,False,True,False,False,False,False,False,False,False,True,True,False,False,False,False,False
Au revoir les enfants,False,False,False,False,False,False,True,False,False,False,False,False,False,False,False,False,False,False,False,True,False
Avatar,True,True,False,False,False,False,False,False,True,False,False,False,False,False,False,False,False,False,False,False,False
Avengers: Endgame,True,True,False,False,False,False,True,False,False,False,False,False,False,False,False,False,False,False,False,False,False
Avengers: Infinity War,True,True,False,False,False,False,False,False,False,False,False,False,False,False,False,False,True,False,False,False,False
Awakenings,False,False,False,True,False,False,True,False,False,False,False,False,False,False,False,False,False,False,False,False,False
Baby Driver,True,False,False,False,False,True,True,False,False,False,False,False,False,False,False,False,False,False,False,False,False
Bacheha-Ye aseman,False,False,False,False,False,False,True,True,False,False,False,False,False,False,False,False,False,True,False,False,False
Back to the Future,False,True,False,False,True,False,False,False,False,False,False,False,False,False,False,False,True,False,False,False,False
Back to the Future Part II,False,True,False,False,True,False,False,False,False,False,False,False,False,False,False,False,True,False,False,False,False
Barton Fink,False,False,False,False,True,False,True,False,False,False,False,False,False,False,False,False,False,False,True,False,False
Batman Begins,True,True,False,False,False,False,False,False,False,False,False,False,False,False,False,False,False,False,False,False,False
Beauty and the Beast,False,False,True,False,False,False,False,True,True,False,False,False,False,False,False,False,False,False,False,False,False
Before Midnight,False,False,False,False,False,False,True,False,False,False,False,False,False,False,False,True,False,False,False,False,False
Before Sunrise,False,False,False,False,False,False,True,False,False,False,False,False,False,False,False,True,False,False,False,False,False
Before Sunset,False,False,False,False,False,False,True,False,False,False,False,False,False,False,False,True,False,False,False,False,False
Being John Malkovich,False,False,False,False,True,False,True,False,True,False,False,False,False,False,False,False,False,False,False,False,False
Being There,False,False,False,False,True,False,True,False,False,False,False,False,False,False,False,False,False,False,False,False,False
Ben-Hur,False,True,False,False,False,False,True,False,False,False,True,False,False,False,False,False,False,False,False,False,False
Big Fish,False,True,False,False,False,False,True,False,True,False,False,False,False,False,False,False,False,False,False,False,False
Big Hero 6,True,True,True,False,False,False,False,False,False,False,False,False,False,False,False,False,False,False,False,False,False
Billy Elliot,False,False,False,False,False,False,True,False,False,False,False,False,True,False,False,False,False,False,False,False,False
Bin-jip,False,False,False,False,False,True,True,False,False,False,False,False,False,False,False,True,False,False,False,False,False
Birdman or (The Unexpected Virtue of Ignorance),False,False,False,False,True,False,True,False,False,False,False,False,False,False,False,False,False,False,False,False,False
Black Hawk Down,False,False,False,False,False,False,True,False,False,False,True,False,False,False,False,False,False,False,False,True,False
Black Swan,False,False,False,False,False,False,True,False,False,False,False,False,False,False,False,False,False,False,True,False,False
Blade Runner,True,False,False,False,False,False,False,False,False,False,False,False,False,False,False,False,True,False,True,False,False
Blade Runner 2049,True,False,False,False,False,False,True,False,False,False,False,False,False,False,True,False,False,False,False,False,False
Blazing Saddles,False,False,False,False,True,False,False,False,False,False,False,False,False,False,False,False,False,False,False,False,True
Blood Diamond,False,True,False,False,False,False,True,False,False,False,False,False,False,False,False,False,False,False,True,False,False
Blood Simple,False,False,False,False,False,True,True,False,False,False,False,False,False,False,False,False,False,False,True,False,False
Blow,False,False,False,True,False,True,True,False,False,False,False,False,False,False,False,False,False,False,False,False,False
Blue Velvet,False,False,False,False,False,False,True,False,False,False,False,False,False,False,True,False,False,False,True,False,False
Bohemian Rhapsody,False,False,False,True,False,False,True,False,False,False,False,False,True,False,False,False,False,False,False,False,False
Boksuneun naui geot,False,False,False,False,False,True,True,False,False,False,False,False,False,False,False,False,False,False,True,False,False
Bom Yeoareum Gaeul Gyeoul Geurigo Bom,False,False,False,False,False,False,True,False,False,False,False,False,False,False,False,True,False,False,False,False,False
Boogie Nights,False,False,False,False,False,False,True,False,False,False,False,False,False,False,False,False,False,False,False,False,False
Bound by Honor,False,False,False,False,False,True,True,False,False,False,False,False,False,False,False,False,False,False,False,False,False
Boyhood,False,False,False,False,False,False,True,False,False,False,False,False,False,False,False,False,False,False,False,False,False
Boyz n the Hood,False,False,False,False,False,True,True,False,False,False,False,False,False,False,False,False,False,False,False,False,False
Braveheart,False,False,False,True,False,False,True,False,False,False,True,False,False,False,False,False,False,False,False,False,False
Brazil,False,False,False,False,False,False,True,False,False,False,False,False,False,False,False,False,True,False,False,False,False
Breaking the Waves,False,False,False,False,False,False,True,False,False,False,False,False,False,False,False,False,False,False,False,False,False
Bridge of Spies,False,False,False,False,False,False,True,False,False,False,True,False,False,False,False,False,False,False,True,False,False
Brokeback Mountain,False,False,False,False,False,False,True,False,False,False,False,False,False,False,False,True,False,False,False,False,False
Butch Cassidy and the Sundance Kid,False,False,False,True,False,True,True,False,False,False,False,False,False,False,False,False,False,False,False,False,False
Cabaret,False,False,False,False,False,False,True,False,False,False,False,False,True,True,False,False,False,False,False,False,False
Call Me by Your Name,False,False,False,False,False,False,True,False,False,False,False,False,False,False,False,True,False,False,False,False,False
Capharnaüm,False,False,False,False,False,False,True,False,False,False,False,False,False,False,False,False,False,False,False,False,False
Captain America: Civil War,True,True,False,False,False,False,False,False,False,False,False,False,False,False,False,False,True,False,False,False,False
Captain America: The Winter Soldier,True,True,False,False,False,False,False,False,False,False,False,False,False,False,False,False,True,False,False,False,False
Captain Fantastic,False,False,False,False,True,False,True,False,False,False,False,False,False,False,False,False,False,False,False,False,False
Captain Phillips,False,True,False,True,False,True,False,False,False,False,False,False,False,False,False,False,False,False,False,False,False
Carlito's Way,False,False,False,False,False,True,True,False,False,False,False,False,False,False,False,False,False,False,True,False,False
Casablanca,False,False,False,False,False,False,True,False,False,False,False,False,False,False,False,True,False,False,False,True,False
Casino,False,False,False,False,False,True,True,False,False,False,False,False,False,False,False,False,False,False,False,False,False
Casino Royale,True,True,False,False,False,False,False,False,False,False,False,False,False,False,False,False,False,False,True,False,False
Cast Away,False,True,False,False,False,False,True,False,False,False,False,False,False,False,False,True,False,False,False,False,False
Cat on a Hot Tin Roof,False,False,False,False,False,False,True,False,False,False,False,False,False,False,False,False,False,False,False,False,False
Catch Me If You Can,False,False,False,True,False,True,True,False,False,False,False,False,False,False,False,False,False,False,False,False,False
Central do Brasil,False,False,False,False,False,False,True,False,False,False,False,False,False,False,False,False,False,False,False,False,False
Chak De! India,False,False,False,False,False,False,True,True,False,False,False,False,False,False,False,False,False,True,False,False,False
Changeling,False,False,False,True,False,True,True,False,False,False,False,False,False,False,False,False,False,False,False,False,False
Charade,False,False,False,False,True,False,False,False,False,False,False,False,False,False,True,True,False,False,False,False,False
Children of Men,False,True,False,False,False,False,True,False,False,False,False,False,False,False,False,False,True,False,False,False,False
Chinatown,False,False,False,False,False,False,True,False,False,False,False,False,False,False,True,False,False,False,True,False,False
Chung Hing sam lam,False,False,False,False,True,True,True,False,False,False,False,False,False,False,False,False,False,False,False,False,False
Cidade de Deus,False,False,False,False,False,True,True,False,False,False,False,False,False,False,False,False,False,False,False,False,False
Cinderella Man,False,False,False,True,False,False,True,False,False,False,True,False,False,False,False,False,False,False,False,False,False
Citizen Kane,False,False,False,False,False,False,True,False,False,False,False,False,False,False,True,False,False,False,False,False,False
City Lights,False,False,False,False,True,False,True,False,False,False,False,False,False,False,False,True,False,False,False,False,False
Clerks,False,False,False,False,True,False,False,False,False,False,False,False,False,False,False,False,False,False,False,False,False
Close Encounters of the Third Kind,False,False,False,False,False,False,True,False,False,False,False,False,False,False,False,False,True,False,False,False,False
Coco,False,True,True,False,False,False,False,True,False,False,False,False,False,False,False,False,False,False,False,False,False
Control,False,False,False,True,False,False,True,False,False,False,False,False,True,False,False,False,False,False,False,False,False
Cool Hand Luke,False,False,False,False,False,True,True,False,False,False,False,False,False,False,False,False,False,False,False,False,False
Coraline,False,False,True,False,False,False,True,True,False,False,False,False,False,False,False,False,False,False,False,False,False
Cowboy Bebop: Tengoku no tobira,True,False,True,False,False,True,False,False,False,False,False,False,False,False,False,False,False,False,False,False,False
Crash,False,False,False,False,False,True,True,False,False,False,False,False,False,False,False,False,False,False,True,False,False
Creed,False,False,False,False,False,False,True,False,False,False,False,False,False,False,False,False,False,True,False,False,False
Crimes and Misdemeanors,False,False,False,False,True,False,True,False,False,False,False,False,False,False,False,False,False,False,False,False,False
"Crna macka, beli macor",False,False,False,False,True,True,False,False,False,False,False,False,False,False,False,True,False,False,False,False,False
Dallas Buyers Club,False,False,False,True,False,False,True,False,False,False,False,False,False,False,False,False,False,False,False,False,False
Dancer in the Dark,False,False,False,False,False,True,True,False,False,False,False,False,False,True,False,False,False,False,False,False,False
Dances with Wolves,False,True,False,False,False,False,True,False,False,False,False,False,False,False,False,False,False,False,False,False,True
Darbareye Elly,False,False,False,False,False,False,True,False,False,False,False,False,False,False,True,False,False,False,False,False,False
Dark City,False,False,False,False,False,False,False,False,False,False,False,False,False,False,True,False,True,False,True,False,False
Das Boot,False,True,False,False,False,False,True,False,False,False,False,False,False,False,False,False,False,False,True,False,False
Das Experiment,False,False,False,False,False,False,True,False,False,False,False,False,False,False,False,False,False,False,True,False,False
Das weiße Band - Eine deutsche Kindergeschichte,False,False,False,False,False,False,True,False,False,False,True,False,False,False,True,False,False,False,False,False,False
Dawn of the Dead,True,True,False,False,False,False,False,False,False,False,False,True,False,False,False,False,False,False,False,False,False
Dawn of the Planet of the Apes,True,True,False,False,False,False,True,False,False,False,False,False,False,False,False,False,False,False,False,False,False
Dazed and Confused,False,False,False,False,True,False,False,False,False,False,False,False,False,False,False,False,False,False,False,False,False
Dead Man,False,True,False,False,False,False,True,False,True,False,False,False,False,False,False,False,False,False,False,False,False
Dead Poets Society,False,False,False,False,True,False,True,False,False,False,False,False,False,False,False,False,False,False,False,False,False
Deadpool,True,True,False,False,True,False,False,False,False,False,False,False,False,False,False,False,False,False,False,False,False
Deadpool 2,True,True,False,False,True,False,False,False,False,False,False,False,False,False,False,False,False,False,False,False,False
Delicatessen,False,False,False,False,True,True,False,False,False,False,False,False,False,False,False,False,False,False,False,False,False
Deliverance,False,True,False,False,False,False,True,False,False,False,False,False,False,False,False,False,False,False,True,False,False
Der Himmel über Berlin,False,False,False,False,False,False,True,False,True,False,False,False,False,False,False,True,False,False,False,False,False
Der Name der Rose,False,False,False,False,False,True,True,False,False,False,False,False,False,False,True,False,False,False,False,False,False
Der Untergang,False,False,False,True,False,False,True,False,False,False,True,False,False,False,False,False,False,False,False,False,False
Despicable Me,False,False,True,False,True,True,False,False,False,False,False,False,False,False,False,False,False,False,False,False,False
Dial M for Murder,False,False,False,False,False,True,False,False,False,False,False,False,False,False,False,False,False,False,True,False,False
Diarios de motocicleta,False,True,False,True,False,False,True,False,False,False,False,False,False,False,False,False,False,False,False,False,False
Die Hard,True,False,False,False,False,False,False,False,False,False,False,False,False,False,False,False,False,False,True,False,False
Die Hard: With a Vengeance,True,True,False,False,False,False,False,False,False,False,False,False,False,False,False,False,False,False,True,False,False
Dirty Harry,True,False,False,False,False,True,False,False,False,False,False,False,False,False,False,False,False,False,True,False,False
District 9,True,False,False,False,False,False,False,False,False,False,False,False,False,False,False,False,True,False,True,False,False
Django Unchained,False,False,False,False,False,False,True,False,False,False,False,False,False,False,False,False,False,False,False,False,True
Do the Right Thing,False,False,False,False,True,False,True,False,False,False,False,False,False,False,False,False,False,False,False,False,False
Doctor Zhivago,False,False,False,False,False,False,True,False,False,False,False,False,False,False,False,True,False,False,False,True,False
Dog Day Afternoon,False,False,False,True,False,True,True,False,False,False,False,False,False,False,False,False,False,False,False,False,False
Dogville,False,False,False,False,False,True,True,False,False,False,False,False,False,False,False,False,False,False,False,False,False
Donnie Brasco,False,False,False,True,False,True,True,False,False,False,False,False,False,False,False,False,False,False,False,False,False
Donnie Darko,False,False,False,False,False,False,True,False,False,False,False,False,False,False,True,False,True,False,False,False,False
Double Indemnity,False,False,False,False,False,True,True,False,False,True,False,False,False,False,False,False,False,False,False,False,False
Down by Law,False,False,False,False,True,True,True,False,False,False,False,False,False,False,False,False,False,False,False,False,False
Dr. Strangelove or: How I Learned to Stop Worrying and Love the Bomb,False,False,False,False,True,False,False,False,False,False,False,False,False,False,False,False,False,False,False,False,False
Drive,False,False,False,False,False,True,True,False,False,False,False,False,False,False,False,False,False,False,False,False,False
Dunkirk,True,False,False,False,False,False,True,False,False,False,True,False,False,False,False,False,False,False,False,False,False
E.T. the Extra-Terrestrial,False,False,False,False,False,False,False,True,False,False,False,False,False,False,False,False,True,False,False,False,False
Eastern Promises,True,False,False,False,False,True,True,False,False,False,False,False,False,False,False,False,False,False,False,False,False
Ed Wood,False,False,False,True,True,False,True,False,False,False,False,False,False,False,False,False,False,False,False,False,False
Edge of Tomorrow,True,True,False,False,False,False,False,False,False,False,False,False,False,False,False,False,True,False,False,False,False
Edward Scissorhands,False,False,False,False,False,False,True,False,True,False,False,False,False,False,False,True,False,False,False,False,False
Efter brylluppet,False,False,False,False,False,False,True,False,False,False,False,False,False,False,False,False,False,False,False,False,False
El secreto de sus ojos,False,False,False,False,False,False,True,False,False,False,False,False,False,False,True,True,False,False,False,False,False
Empire of the Sun,True,False,False,False,False,False,True,False,False,False,True,False,False,False,False,False,False,False,False,False,False
En man som heter Ove,False,False,False,False,True,False,True,False,False,False,False,False,False,False,False,True,False,False,False,False,False
End of Watch,True,False,False,False,False,True,True,False,False,False,False,False,False,False,False,False,False,False,False,False,False
Enemy at the Gates,False,False,False,False,False,False,True,False,False,False,True,False,False,False,False,False,False,False,False,True,False
Enter the Dragon,True,False,False,False,False,True,True,False,False,False,False,False,False,False,False,False,False,False,False,False,False
Escape from Alcatraz,True,False,False,True,False,True,False,False,False,False,False,False,False,False,False,False,False,False,False,False,False
Eternal Sunshine of the Spotless Mind,False,False,False,False,False,False,True,False,False,False,False,False,False,False,False,True,True,False,False,False,False
Evil Dead II,True,False,False,False,True,False,False,False,True,False,False,False,False,False,False,False,False,False,False,False,False
Ex Machina,False,False,False,False,False,False,True,False,False,False,False,False,False,False,False,False,True,False,True,False,False
Fa yeung nin wah,False,False,False,False,False,False,True,False,False,False,False,False,False,False,False,True,False,False,False,False,False
Falling Down,True,False,False,False,False,True,True,False,False,False,False,False,False,False,False,False,False,False,False,False,False
Fanny och Alexander,False,False,False,False,False,False,True,False,False,False,False,False,False,False,False,False,False,False,False,False,False
Fantasia,False,False,True,False,False,False,False,True,True,False,False,False,False,False,False,False,False,False,False,False,False
Fantastic Mr. Fox,False,True,True,False,True,False,False,False,False,False,False,False,False,False,False,False,False,False,False,False,False
Fargo,False,False,False,False,False,True,True,False,False,False,False,False,False,False,False,False,False,False,True,False,False
Fear and Loathing in Las Vegas,False,True,False,False,True,False,True,False,False,False,False,False,False,False,False,False,False,False,False,False,False
Ferris Bueller's Day Off,False,False,False,False,True,False,False,False,False,False,False,False,False,False,False,False,False,False,False,False,False
Festen,False,False,False,False,False,False,True,False,False,False,False,False,False,False,False,False,False,False,False,False,False
Fiddler on the Roof,False,False,False,False,False,False,True,True,False,False,False,False,False,True,False,False,False,False,False,False,False
Fight Club,False,False,False,False,False,False,True,False,False,False,False,False,False,False,False,False,False,False,False,False,False
Finding Nemo,False,True,True,False,True,False,False,False,False,False,False,False,False,False,False,False,False,False,False,False,False
Finding Neverland,False,False,False,True,False,False,True,True,False,False,False,False,False,False,False,False,False,False,False,False,False
First Blood,True,True,False,False,False,False,False,False,False,False,False,False,False,False,False,False,False,False,False,False,False
Flipped,False,False,False,False,True,False,True,False,False,False,False,False,False,False,False,True,False,False,False,False,False
Ford v Ferrari,True,False,False,True,False,False,True,False,False,False,False,False,False,False,False,False,False,False,False,False,False
Forrest Gump,False,False,False,False,False,False,True,False,False,False,False,False,False,False,False,True,False,False,False,False,False
Forushande,False,False,False,False,False,False,True,False,False,False,False,False,False,False,False,False,False,False,False,False,False
Fried Green Tomatoes,False,False,False,False,False,False,True,False,False,False,False,False,False,False,False,False,False,False,False,False,False
From Here to Eternity,False,False,False,False,False,False,True,False,False,False,False,False,False,False,False,True,False,False,False,True,False
Frost/Nixon,False,False,False,True,False,False,True,False,False,False,True,False,False,False,False,False,False,False,False,False,False
Full Metal Jacket,False,False,False,False,False,False,True,False,False,False,False,False,False,False,False,False,False,False,False,True,False
Gake no ue no Ponyo,False,True,True,False,True,False,False,False,False,False,False,False,False,False,False,False,False,False,False,False,False
Gandhi,False,False,False,True,False,False,True,False,False,False,True,False,False,False,False,False,False,False,False,False,False
Gattaca,False,False,False,False,False,False,True,False,False,False,False,False,False,False,False,False,True,False,True,False,False
Get Out,False,False,False,False,False,False,False,False,False,False,False,True,False,False,True,False,False,False,True,False,False
Ghostbusters,True,False,False,False,True,False,False,False,True,False,False,False,False,False,False,False,False,False,False,False,False
Gifted,False,False,False,False,False,False,True,False,False,False,False,False,False,False,False,False,False,False,False,False,False
Gisaengchung,False,False,False,False,True,False,True,False,False,False,False,False,False,False,False,False,False,False,True,False,False
Giù la testa,False,False,False,False,False,False,True,False,False,False,False,False,False,False,False,False,False,False,False,True,True
Gladiator,True,True,False,False,False,False,True,False,False,False,False,False,False,False,False,False,False,False,False,False,False
Glengarry Glen Ross,False,False,False,False,False,True,True,False,False,False,False,False,False,False,True,False,False,False,False,False,False
Glory,False,False,False,True,False,False,True,False,False,False,True,False,False,False,False,False,False,False,False,False,False
Goldfinger,True,True,False,False,False,False,False,False,False,False,False,False,False,False,False,False,False,False,True,False,False
Gone Baby Gone,False,False,False,False,False,True,True,False,False,False,False,False,False,False,True,False,False,False,False,False,False
Gone Girl,False,False,False,False,False,False,True,False,False,False,False,False,False,False,True,False,False,False,True,False,False
Gone with the Wind,False,False,False,False,False,False,True,False,False,False,True,False,False,False,False,True,False,False,False,False,False
Good Bye Lenin!,False,False,False,False,True,False,True,False,False,False,False,False,False,False,False,True,False,False,False,False,False
Good Will Hunting,False,False,False,False,False,False,True,False,False,False,False,False,False,False,False,True,False,False,False,False,False
Goodfellas,False,False,False,True,False,True,True,False,False,False,False,False,False,False,False,False,False,False,False,False,False
Gran Torino,False,False,False,False,False,False,True,False,False,False,False,False,False,False,False,False,False,False,False,False,False
Gravity,False,False,False,False,False,False,True,False,False,False,False,False,False,False,False,False,True,False,True,False,False
Green Book,False,False,False,True,True,False,True,False,False,False,False,False,False,False,False,False,False,False,False,False,False
Groundhog Day,False,False,False,False,True,False,False,False,True,False,False,False,False,False,False,True,False,False,False,False,False
Guardians of the Galaxy,True,True,False,False,True,False,False,False,False,False,False,False,False,False,False,False,False,False,False,False,False
Guardians of the Galaxy Vol. 2,True,True,False,False,True,False,False,False,False,False,False,False,False,False,False,False,False,False,False,False,False
Gully Boy,False,False,False,False,False,False,True,False,False,False,False,False,True,False,False,True,False,False,False,False,False
Hable con ella,False,False,False,False,False,False,True,False,False,False,False,False,False,False,True,True,False,False,False,False,False
Hacksaw Ridge,False,False,False,True,False,False,True,False,False,False,True,False,False,False,False,False,False,False,False,False,False
Halloween,False,False,False,False,False,False,False,False,False,False,False,True,False,False,False,False,False,False,True,False,False
Hannah and Her Sisters,False,False,False,False,True,False,True,False,False,False,False,False,False,False,False,False,False,False,False,False,False
Harry Potter and the Deathly Hallows: Part 1,False,True,False,False,False,False,False,True,True,False,False,False,False,False,False,False,False,False,False,False,False
Harry Potter and the Deathly Hallows: Part 2,False,True,False,False,False,False,True,False,True,False,False,False,False,False,False,False,False,False,False,False,False
Harry Potter and the Goblet of Fire,False,True,False,False,False,False,False,True,True,False,False,False,False,False,False,False,False,False,False,False,False
Harry Potter and the Half-Blood Prince,True,True,False,False,False,False,False,True,False,False,False,False,False,False,False,False,False,False,False,False,False
Harry Potter and the Prisoner of Azkaban,False,True,False,False,False,False,False,True,True,False,False,False,False,False,False,False,False,False,False,False,False
Harry Potter and the Sorcerer's Stone,False,True,False,False,False,False,False,True,True,False,False,False,False,False,False,False,False,False,False,False,False
Hauru no ugoku shiro,False,True,True,False,False,False,False,True,False,False,False,False,False,False,False,False,False,False,False,False,False
Heat,False,False,False,False,False,True,True,False,False,False,False,False,False,False,False,False,False,False,True,False,False
Hedwig and the Angry Inch,False,False,False,False,True,False,True,False,False,False,False,False,True,False,False,False,False,False,False,False,False
Hell or High Water,True,False,False,False,False,True,True,False,False,False,False,False,False,False,False,False,False,False,False,False,False
Her,False,False,False,False,False,False,True,False,False,False,False,False,False,False,False,True,True,False,False,False,False
Hidden Figures,False,False,False,True,False,False,True,False,False,False,True,False,False,False,False,False,False,False,False,False,False
High Noon,False,False,False,False,False,False,True,False,False,False,False,False,False,False,False,False,False,False,True,False,True
Home Alone,False,False,False,False,True,False,False,True,False,False,False,False,False,False,False,False,False,False,False,False,False
Hot Fuzz,True,False,False,False,True,False,False,False,False,False,False,False,False,False,True,False,False,False,False,False,False
Hotel Rwanda,False,False,False,True,False,False,True,False,False,False,True,False,False,False,False,False,False,False,False,False,False
How to Train Your Dragon,True,True,True,False,False,False,False,False,False,False,False,False,False,False,False,False,False,False,False,False,False
How to Train Your Dragon 2,True,True,True,False,False,False,False,False,False,False,False,False,False,False,False,False,False,False,False,False,False
Hunt for the Wilderpeople,False,True,False,False,True,False,True,False,False,False,False,False,False,False,False,False,False,False,False,False,False
Huo Yuan Jia,True,False,False,True,False,False,True,False,False,False,False,False,False,False,False,False,False,False,False,False,False
Hævnen,False,False,False,False,False,False,True,False,False,False,False,False,False,False,False,True,False,False,False,False,False
I Am Sam,False,False,False,False,False,False,True,False,False,False,False,False,False,False,False,False,False,False,False,False,False
"I, Daniel Blake",False,False,False,False,False,False,True,False,False,False,False,False,False,False,False,False,False,False,False,False,False
"Il buono, il brutto, il cattivo",False,False,False,False,False,False,False,False,False,False,False,False,False,False,False,False,False,False,False,False,True
Il conformista,False,False,False,False,False,False,True,False,False,False,False,False,False,False,False,False,False,False,False,False,False
Il postino,False,False,False,True,True,False,True,False,False,False,False,False,False,False,False,False,False,False,False,False,False
In America,False,False,False,False,False,False,True,False,False,False,False,False,False,False,False,False,False,False,False,False,False
In Bruges,False,False,False,False,True,True,True,False,False,False,False,False,False,False,False,False,False,False,False,False,False
In the Heat of the Night,False,False,False,False,False,True,True,False,False,False,False,False,False,False,True,False,False,False,False,False,False
In the Name of the Father,False,False,False,True,False,True,True,False,False,False,False,False,False,False,False,False,False,False,False,False,False
Incendies,False,False,False,False,False,False,True,False,False,False,False,False,False,False,True,False,False,False,False,True,False
Inception,True,True,False,False,False,False,False,False,False,False,False,False,False,False,False,False,True,False,False,False,False
Incredibles 2,True,True,True,False,False,False,False,False,False,False,False,False,False,False,False,False,False,False,False,False,False
Indiana Jones and the Last Crusade,True,True,False,False,False,False,False,False,False,False,False,False,False,False,False,False,False,False,False,False,False
Inglourious Basterds,False,True,False,False,False,False,True,False,False,False,False,False,False,False,False,False,False,False,False,True,False
Inside Man,False,False,False,False,False,True,True,False,False,False,False,False,False,False,True,False,False,False,False,False,False
Inside Out,False,True,True,False,True,False,False,False,False,False,False,False,False,False,False,False,False,False,False,False,False
Interstellar,False,True,False,False,False,False,True,False,False,False,False,False,False,False,False,False,True,False,False,False,False
Into the Wild,False,True,False,True,False,False,True,False,False,False,False,False,False,False,False,False,False,False,False,False,False
Iron Man,True,True,False,False,False,False,False,False,False,False,False,False,False,False,False,False,True,False,False,False,False
Isle of Dogs,False,True,True,False,True,False,False,False,False,False,False,False,False,False,False,False,False,False,False,False,False
It Happened One Night,False,False,False,False,True,False,False,False,False,False,False,False,False,False,False,True,False,False,False,False,False
JFK,False,False,False,False,False,False,True,False,False,False,True,False,False,False,False,False,False,False,True,False,False
Jagten,False,False,False,False,False,False,True,False,False,False,False,False,False,False,False,False,False,False,False,False,False
Jaws,False,True,False,False,False,False,False,False,False,False,False,False,False,False,False,False,False,False,True,False,False
Jeux d'enfants,False,False,False,False,True,False,True,False,False,False,False,False,False,False,False,True,False,False,False,False,False
Jodaeiye Nader az Simin,False,False,False,False,False,False,True,False,False,False,False,False,False,False,False,False,False,False,False,False,False
Jojo Rabbit,False,False,False,False,True,False,True,False,False,False,False,False,False,False,False,False,False,False,False,True,False
Joker,False,False,False,False,False,True,True,False,False,False,False,False,False,False,False,False,False,False,True,False,False
Joyeux Noël,False,False,False,False,False,False,True,False,False,False,True,False,True,False,False,False,False,False,False,False,False
Jurassic Park,True,True,False,False,False,False,False,False,False,False,False,False,False,False,False,False,True,False,False,False,False
Kaguyahime no monogatari,False,True,True,False,False,False,True,False,False,False,False,False,False,False,False,False,False,False,False,False,False
Kai po che!,False,False,False,False,False,False,True,False,False,False,False,False,False,False,False,False,False,True,False,False,False
Kal Ho Naa Ho,False,False,False,False,True,False,True,False,False,False,False,False,False,True,False,False,False,False,False,False,False
Kari-gurashi no Arietti,False,True,True,False,False,False,False,True,False,False,False,False,False,False,False,False,False,False,False,False,False
Kaze no tani no Naushika,False,True,True,False,False,False,False,False,True,False,False,False,False,False,False,False,False,False,False,False,False
Kaze tachinu,False,False,True,True,False,False,True,False,False,False,False,False,False,False,False,False,False,False,False,False,False
Kelly's Heroes,False,True,False,False,True,False,False,False,False,False,False,False,False,False,False,False,False,False,False,True,False
Kick-Ass,True,False,False,False,True,True,False,False,False,False,False,False,False,False,False,False,False,False,False,False,False
Kill Bill: Vol. 1,True,False,False,False,False,True,True,False,False,False,False,False,False,False,False,False,False,False,False,False,False
Kill Bill: Vol. 2,True,False,False,False,False,True,False,False,False,False,False,False,False,False,False,False,False,False,True,False,False
Kimi no na wa.,False,False,True,False,False,False,True,False,True,False,False,False,False,False,False,False,False,False,False,False,False
King Kong,False,True,False,False,False,False,False,False,False,False,False,True,False,False,False,False,True,False,False,False,False
Kingsman: The Secret Service,True,True,False,False,True,False,False,False,False,False,False,False,False,False,False,False,False,False,False,False,False
Knives Out,False,False,False,False,True,True,True,False,False,False,False,False,False,False,False,False,False,False,False,False,False
Kramer vs. Kramer,False,False,False,False,False,False,True,False,False,False,False,False,False,False,False,False,False,False,False,False,False
Kubo and the Two Strings,True,True,True,False,False,False,False,False,False,False,False,False,False,False,False,False,False,False,False,False,False
Kung fu,True,False,False,False,True,False,False,False,True,False,False,False,False,False,False,False,False,False,False,False,False
Kôkaku Kidôtai,True,False,True,False,False,True,False,False,False,False,False,False,False,False,False,False,False,False,False,False,False
L.A. Confidential,False,False,False,False,False,True,True,False,False,False,False,False,False,False,True,False,False,False,False,False,False
La La Land,False,False,False,False,True,False,True,False,False,False,False,False,True,False,False,False,False,False,False,False,False
La Vie En Rose,False,False,False,True,False,False,True,False,False,False,False,False,True,False,False,False,False,False,False,False,False
La dolce vita,False,False,False,False,True,False,True,False,False,False,False,False,False,False,False,False,False,False,False,False,False
La double vie de Véronique,False,False,False,False,False,False,True,False,True,False,False,False,True,False,False,False,False,False,False,False,False
La leggenda del pianista sull'oceano,False,False,False,False,False,False,True,False,False,False,False,False,True,False,False,True,False,False,False,False,False
La migliore offerta,False,False,False,False,False,True,True,False,False,False,False,False,False,False,True,False,False,False,False,False,False
La montaña sagrada,False,True,False,False,False,False,True,False,True,False,False,False,False,False,False,False,False,False,False,False,False
La piel que habito,False,False,False,False,False,False,True,False,False,False,False,True,False,False,False,False,False,False,True,False,False
La planète sauvage,False,False,True,False,False,False,False,False,False,False,False,False,False,False,False,False,True,False,False,False,False
La vie d'Adèle,False,False,False,False,False,False,True,False,False,False,False,False,False,False,False,True,False,False,False,False,False
La vita è bella,False,False,False,False,True,False,True,False,False,False,False,False,False,False,False,True,False,False,False,False,False
Lagaan: Once Upon a Time in India,False,True,False,False,False,False,True,False,False,False,False,False,False,True,False,False,False,False,False,False,False
Lawrence of Arabia,False,True,False,True,False,False,True,False,False,False,False,False,False,False,False,False,False,False,False,False,False
Le Petit Prince,False,True,True,False,False,False,True,False,False,False,False,False,False,False,False,False,False,False,False,False,False
Le charme discret de la bourgeoisie,False,False,False,False,True,False,False,False,False,False,False,False,False,False,False,False,False,False,False,False,False
Le dîner de cons,False,False,False,False,True,False,False,False,False,False,False,False,False,False,False,False,False,False,False,False,False
Le locataire,False,False,False,False,False,False,True,False,False,False,False,False,False,False,False,False,False,False,True,False,False
Le passé,False,False,False,False,False,False,True,False,False,False,False,False,False,False,True,False,False,False,False,False,False
Le scaphandre et le papillon,False,False,False,True,False,False,True,False,False,False,False,False,False,False,False,False,False,False,False,False,False
Les choristes,False,False,False,False,False,False,True,False,False,False,False,False,True,False,False,False,False,False,False,False,False
Les triplettes de Belleville,False,False,True,False,True,False,True,False,False,False,False,False,False,False,False,False,False,False,False,False,False
Lethal Weapon,True,False,False,False,False,True,False,False,False,False,False,False,False,False,False,False,False,False,True,False,False
Letters from Iwo Jima,True,True,False,False,False,False,True,False,False,False,False,False,False,False,False,False,False,False,False,False,False
Leviafan,False,False,False,False,False,True,True,False,False,False,False,False,False,False,False,False,False,False,False,False,False
Life of Brian,False,False,False,False,True,False,False,False,False,False,False,False,False,False,False,False,False,False,False,False,False
Life of Pi,False,True,False,False,False,False,True,False,True,False,False,False,False,False,False,False,False,False,False,False,False
Lilja 4-ever,False,False,False,False,False,True,True,False,False,False,False,False,False,False,False,False,False,False,False,False,False
Lion,False,False,False,True,False,False,True,False,False,False,False,False,False,False,False,False,False,False,False,False,False
Little Miss Sunshine,False,False,False,False,True,False,True,False,False,False,False,False,False,False,False,False,False,False,False,False,False
Little Women,False,False,False,False,False,False,True,False,False,False,False,False,False,False,False,True,False,False,False,False,False
"Lock, Stock and Two Smoking Barrels",True,False,False,False,True,True,False,False,False,False,False,False,False,False,False,False,False,False,False,False,False
Logan,True,False,False,False,False,False,True,False,False,False,False,False,False,False,False,False,True,False,False,False,False
Lola rennt,False,False,False,False,False,True,True,False,False,False,False,False,False,False,False,False,False,False,True,False,False
Lord of War,True,False,False,False,False,True,True,False,False,False,False,False,False,False,False,False,False,False,False,False,False
Lost Highway,False,False,False,False,False,False,False,False,False,False,False,False,False,False,True,False,False,False,True,False,False
Lost in Translation,False,False,False,False,True,False,True,False,False,False,False,False,False,False,False,False,False,False,False,False,False
Loving Vincent,False,False,True,True,False,True,False,False,False,False,False,False,False,False,False,False,False,False,False,False,False
Lucky Number Slevin,True,False,False,False,False,True,True,False,False,False,False,False,False,False,False,False,False,False,False,False,False
Låt den rätte komma in,False,False,False,False,False,True,True,False,True,False,False,False,False,False,False,False,False,False,False,False,False
Léon,True,False,False,False,False,True,True,False,False,False,False,False,False,False,False,False,False,False,False,False,False
Mad Max 2,True,True,False,False,False,False,False,False,False,False,False,False,False,False,False,False,True,False,False,False,False
Mad Max: Fury Road,True,True,False,False,False,False,False,False,False,False,False,False,False,False,False,False,True,False,False,False,False
Madeo,False,False,False,False,False,True,True,False,False,False,False,False,False,False,True,False,False,False,False,False,False
Magnolia,False,False,False,False,False,False,True,False,False,False,False,False,False,False,False,False,False,False,False,False,False
Malcolm X,False,False,False,True,False,False,True,False,False,False,True,False,False,False,False,False,False,False,False,False,False
Man on Fire,True,False,False,False,False,True,True,False,False,False,False,False,False,False,False,False,False,False,False,False,False
Manbiki kazoku,False,False,False,False,False,True,True,False,False,False,False,False,False,False,False,False,False,False,False,False,False
Manchester by the Sea,False,False,False,False,False,False,True,False,False,False,False,False,False,False,False,False,False,False,False,False,False
Manhattan,False,False,False,False,True,False,True,False,False,False,False,False,False,False,False,True,False,False,False,False,False
Mar adentro,False,False,False,True,False,False,True,False,False,False,False,False,False,False,False,False,False,False,False,False,False
Marriage Story,False,False,False,False,True,False,True,False,False,False,False,False,False,False,False,True,False,False,False,False,False
Mary Poppins,False,False,False,False,True,False,False,True,True,False,False,False,False,False,False,False,False,False,False,False,False
Match Point,False,False,False,False,False,False,True,False,False,False,False,False,False,False,False,True,False,False,True,False,False
Me and Earl and the Dying Girl,False,False,False,False,True,False,True,False,False,False,False,False,False,False,False,False,False,False,False,False,False
Memento,False,False,False,False,False,False,False,False,False,False,False,False,False,False,True,False,False,False,True,False,False
Midnight Cowboy,False,False,False,False,False,False,True,False,False,False,False,False,False,False,False,False,False,False,False,False,False
Midnight Express,False,False,False,True,False,True,True,False,False,False,False,False,False,False,False,False,False,False,False,False,False
Midnight in Paris,False,False,False,False,True,False,False,False,True,False,False,False,False,False,False,True,False,False,False,False,False
Miller's Crossing,False,False,False,False,False,True,True,False,False,False,False,False,False,False,False,False,False,False,True,False,False
Million Dollar Baby,False,False,False,False,False,False,True,False,False,False,False,False,False,False,False,False,False,True,False,False,False
Minority Report,True,False,False,False,False,True,False,False,False,False,False,False,False,False,True,False,False,False,False,False,False
Misery,False,False,False,False,False,False,True,False,False,False,False,False,False,False,False,False,False,False,True,False,False
Mission: Impossible - Fallout,True,True,False,False,False,False,False,False,False,False,False,False,False,False,False,False,False,False,True,False,False
Mississippi Burning,False,False,False,False,False,True,True,False,False,False,True,False,False,False,False,False,False,False,False,False,False
Moana,False,True,True,False,True,False,False,False,False,False,False,False,False,False,False,False,False,False,False,False,False
Modern Times,False,False,False,False,True,False,True,True,False,False,False,False,False,False,False,False,False,False,False,False,False
Mommy,False,False,False,False,False,False,True,False,False,False,False,False,False,False,False,False,False,False,False,False,False
Moneyball,False,False,False,True,False,False,True,False,False,False,False,False,False,False,False,False,False,True,False,False,False
Mononoke-hime,True,True,True,False,False,False,False,False,False,False,False,False,False,False,False,False,False,False,False,False,False
"Monsters, Inc.",False,True,True,False,True,False,False,False,False,False,False,False,False,False,False,False,False,False,False,False,False
Monty Python and the Holy Grail,False,True,False,False,True,False,False,False,True,False,False,False,False,False,False,False,False,False,False,False,False
Moon,False,False,False,False,False,False,True,False,False,False,False,False,False,False,True,False,True,False,False,False,False
Moonrise Kingdom,False,False,False,False,True,False,True,False,False,False,False,False,False,False,False,True,False,False,False,False,False
Mou gaan dou,True,False,False,False,False,True,True,False,False,False,False,False,False,False,False,False,False,False,False,False,False
Mr. Nobody,False,False,False,False,False,False,True,False,True,False,False,False,False,False,False,True,False,False,False,False,False
Mr. Smith Goes to Washington,False,False,False,False,True,False,True,False,False,False,False,False,False,False,False,False,False,False,False,False,False
Mulan,False,True,True,False,False,False,False,True,False,False,False,False,False,False,False,False,False,False,False,False,False
Mulholland Dr.,False,False,False,False,False,False,True,False,False,False,False,False,False,False,True,False,False,False,True,False,False
Mustang,False,False,False,False,False,False,True,False,False,False,False,False,False,False,False,False,False,False,False,False,False
My Cousin Vinny,False,False,False,False,True,True,False,False,False,False,False,False,False,False,False,False,False,False,False,False,False
My Fair Lady,False,False,False,False,False,False,True,True,False,False,False,False,False,True,False,False,False,False,False,False,False
My Left Foot: The Story of Christy Brown,False,False,False,True,False,False,True,False,False,False,False,False,False,False,False,False,False,False,False,False,False
My Name Is Khan,False,False,False,False,False,False,True,False,False,False,False,False,False,False,False,False,False,False,False,False,False
Mysterious Skin,False,False,False,False,False,False,True,False,False,False,False,False,False,False,False,False,False,False,False,False,False
Mystic River,False,False,False,False,False,True,True,False,False,False,False,False,False,False,True,False,False,False,False,False,False
Män som hatar kvinnor,False,False,False,False,False,True,True,False,False,False,False,False,False,False,True,False,False,False,False,False,False
Nebraska,False,True,False,False,True,False,True,False,False,False,False,False,False,False,False,False,False,False,False,False,False
Nelyubov,False,False,False,False,False,False,True,False,False,False,False,False,False,False,False,False,False,False,False,False,False
Night on Earth,False,False,False,False,True,False,True,False,False,False,False,False,False,False,False,False,False,False,False,False,False
Nightcrawler,False,False,False,False,False,True,True,False,False,False,False,False,False,False,False,False,False,False,True,False,False
No Country for Old Men,False,False,False,False,False,True,True,False,False,False,False,False,False,False,False,False,False,False,True,False,False
No Man's Land,False,False,False,False,True,False,True,False,False,False,False,False,False,False,False,False,False,False,False,True,False
North by Northwest,False,True,False,False,False,False,False,False,False,False,False,False,False,False,True,False,False,False,True,False,False
Notorious,False,False,False,False,False,False,True,False,False,True,False,False,False,False,False,True,False,False,False,False,False
Nueve reinas,False,False,False,False,False,True,True,False,False,False,False,False,False,False,False,False,False,False,True,False,False
Nuovo Cinema Paradiso,False,False,False,False,False,False,True,False,False,False,False,False,False,False,False,True,False,False,False,False,False
"O Brother, Where Art Thou?",False,True,False,False,True,True,False,False,False,False,False,False,False,False,False,False,False,False,False,False,False
Ocean's Eleven,False,False,False,False,False,True,False,False,False,False,False,False,False,False,False,False,False,False,True,False,False
October Sky,False,False,False,True,False,False,True,True,False,False,False,False,False,False,False,False,False,False,False,False,False
Office Space,False,False,False,False,True,False,False,False,False,False,False,False,False,False,False,False,False,False,False,False,False
Okuribito,False,False,False,False,False,False,True,False,False,False,False,False,True,False,False,False,False,False,False,False,False
Oldeuboi,True,False,False,False,False,False,True,False,False,False,False,False,False,False,True,False,False,False,False,False,False
Omohide poro poro,False,False,True,False,False,False,True,False,False,False,False,False,False,False,False,True,False,False,False,False,False
Omoide no Mânî,False,False,True,False,False,False,True,True,False,False,False,False,False,False,False,False,False,False,False,False,False
On Golden Pond,False,False,False,False,False,False,True,False,False,False,False,False,False,False,False,False,False,False,False,False,False
On the Waterfront,False,False,False,False,False,True,True,False,False,False,False,False,False,False,False,False,False,False,True,False,False
Once,False,False,False,False,False,False,True,False,False,False,False,False,True,False,False,True,False,False,False,False,False
Once Upon a Time in the West,False,False,False,False,False,False,False,False,False,False,False,False,False,False,False,False,False,False,False,False,True
Once Upon a Time... in Hollywood,False,False,False,False,True,False,True,False,False,False,False,False,False,False,False,False,False,False,False,False,False
Once Were Warriors,False,False,False,False,False,True,True,False,False,False,False,False,False,False,False,False,False,False,False,False,False
One Flew Over the Cuckoo's Nest,False,False,False,False,False,False,True,False,False,False,False,False,False,False,False,False,False,False,False,False,False
Only the Brave,True,False,False,True,False,False,True,False,False,False,False,False,False,False,False,False,False,False,False,False,False
Ordinary People,False,False,False,False,False,False,True,False,False,False,False,False,False,False,False,False,False,False,False,False,False
Paddington 2,False,True,False,False,True,False,False,True,False,False,False,False,False,False,False,False,False,False,False,False,False
Pan's Labyrinth,False,False,False,False,False,False,True,False,True,False,False,False,False,False,False,False,False,False,False,True,False
Paper Moon,False,False,False,False,True,True,True,False,False,False,False,False,False,False,False,False,False,False,False,False,False
Papillon,False,False,False,True,False,True,True,False,False,False,False,False,False,False,False,False,False,False,False,False,False
Papurika,False,False,True,False,False,False,True,False,True,False,False,False,False,False,False,False,False,False,False,False,False
"Paris, Texas",False,False,False,False,False,False,True,False,False,False,False,False,False,False,False,False,False,False,False,False,False
Patton,False,False,False,True,False,False,True,False,False,False,False,False,False,False,False,False,False,False,False,True,False
Per qualche dollaro in più,False,False,False,False,False,False,False,False,False,False,False,False,False,False,False,False,False,False,False,False,True
Per un pugno di dollari,True,False,False,False,False,False,True,False,False,False,False,False,False,False,False,False,False,False,False,False,True
Persepolis,False,False,True,True,False,False,True,False,False,False,False,False,False,False,False,False,False,False,False,False,False
Philadelphia,False,False,False,False,False,False,True,False,False,False,False,False,False,False,False,False,False,False,False,False,False
Philomena,False,False,False,True,True,False,True,False,False,False,False,False,False,False,False,False,False,False,False,False,False
Pink Floyd: The Wall,False,False,False,False,False,False,True,False,True,False,False,False,True,False,False,False,False,False,False,False,False
Pirates of the Caribbean: The Curse of the Black Pearl,True,True,False,False,False,False,False,False,True,False,False,False,False,False,False,False,False,False,False,False,False
"Planes, Trains & Automobiles",False,False,False,False,True,False,True,False,False,False,False,False,False,False,False,False,False,False,False,False,False
Planet of the Apes,False,True,False,False,False,False,False,False,False,False,False,False,False,False,False,False,True,False,False,False,False
Platoon,False,False,False,False,False,False,True,False,False,False,False,False,False,False,False,False,False,False,False,True,False
Portrait de la jeune fille en feu,False,False,False,False,False,False,True,False,False,False,False,False,False,False,False,True,False,False,False,False,False
Predator,True,True,False,False,False,False,False,False,False,False,False,False,False,False,False,False,True,False,False,False,False
Pride & Prejudice,False,False,False,False,False,False,True,False,False,False,False,False,False,False,False,True,False,False,False,False,False
Primal Fear,False,False,False,False,False,True,True,False,False,False,False,False,False,False,True,False,False,False,False,False,False
Prisoners,False,False,False,False,False,True,True,False,False,False,False,False,False,False,True,False,False,False,False,False,False
Psycho,False,False,False,False,False,False,False,False,False,False,False,True,False,False,True,False,False,False,True,False,False
Pulp Fiction,False,False,False,False,False,True,True,False,False,False,False,False,False,False,False,False,False,False,False,False,False
Raging Bull,False,False,False,True,False,False,True,False,False,False,False,False,False,False,False,False,False,True,False,False,False
Raiders of the Lost Ark,True,True,False,False,False,False,False,False,False,False,False,False,False,False,False,False,False,False,False,False,False
Rain Man,False,False,False,False,False,False,True,False,False,False,False,False,False,False,False,False,False,False,False,False,False
Ran,True,False,False,False,False,False,True,False,False,False,False,False,False,False,False,False,False,False,False,True,False
Ratatouille,False,True,True,False,True,False,False,False,False,False,False,False,False,False,False,False,False,False,False,False,False
Ray,False,False,False,True,False,False,True,False,False,False,False,False,True,False,False,False,False,False,False,False,False
Rear Window,False,False,False,False,False,False,False,False,False,False,False,False,False,False,True,False,False,False,True,False,False
Rebecca,False,False,False,False,False,False,True,False,False,False,False,False,False,False,True,True,False,False,False,False,False
Relatos salvajes,False,False,False,False,True,False,True,False,False,False,False,False,False,False,False,False,False,False,True,False,False
Remember the Titans,False,False,False,True,False,False,True,False,False,False,False,False,False,False,False,False,False,True,False,False,False
Requiem for a Dream,False,False,False,False,False,False,True,False,False,False,False,False,False,False,False,False,False,False,False,False,False
Reservoir Dogs,False,False,False,False,False,True,True,False,False,False,False,False,False,False,False,False,False,False,True,False,False
Rio Bravo,True,False,False,False,False,False,True,False,False,False,False,False,False,False,False,False,False,False,False,False,True
Road to Perdition,False,False,False,False,False,True,True,False,False,False,False,False,False,False,False,False,False,False,True,False,False
Rocky,False,False,False,False,False,False,True,False,False,False,False,False,False,False,False,False,False,True,False,False,False
Rogue One,True,True,False,False,False,False,False,False,False,False,False,False,False,False,False,False,True,False,False,False,False
Room,False,False,False,False,False,False,True,False,False,False,False,False,False,False,False,False,False,False,True,False,False
Rush,True,False,False,True,False,False,True,False,False,False,False,False,False,False,False,False,False,False,False,False,False
Rushmore,False,False,False,False,True,False,True,False,False,False,False,False,False,False,False,True,False,False,False,False,False
Salinui chueok,False,False,False,False,False,True,True,False,False,False,False,False,False,False,True,False,False,False,False,False,False
Saving Private Ryan,False,False,False,False,False,False,True,False,False,False,False,False,False,False,False,False,False,False,False,True,False
Saw,False,False,False,False,False,False,False,False,False,False,False,True,False,False,True,False,False,False,True,False,False
Scarface,False,False,False,False,False,True,True,False,False,False,False,False,False,False,False,False,False,False,False,False,False
Scent of a Woman,False,False,False,False,False,False,True,False,False,False,False,False,False,False,False,False,False,False,False,False,False
Schindler's List,False,False,False,True,False,False,True,False,False,False,True,False,False,False,False,False,False,False,False,False,False
Se7en,False,False,False,False,False,True,True,False,False,False,False,False,False,False,True,False,False,False,False,False,False
Searching,False,False,False,False,False,False,True,False,False,False,False,False,False,False,True,False,False,False,True,False,False
Secrets & Lies,False,False,False,False,True,False,True,False,False,False,False,False,False,False,False,False,False,False,False,False,False
Sen to Chihiro no kamikakushi,False,True,True,False,False,False,False,True,False,False,False,False,False,False,False,False,False,False,False,False,False
Sense and Sensibility,False,False,False,False,False,False,True,False,False,False,False,False,False,False,False,True,False,False,False,False,False
Serbuan maut,True,False,False,False,False,False,False,False,False,False,False,False,False,False,False,False,False,False,True,False,False
Serbuan maut 2: Berandal,True,False,False,False,False,True,False,False,False,False,False,False,False,False,False,False,False,False,True,False,False
Serenity,True,True,False,False,False,False,False,False,False,False,False,False,False,False,False,False,True,False,False,False,False
Serpico,False,False,False,True,False,True,True,False,False,False,False,False,False,False,False,False,False,False,False,False,False
Seven Pounds,False,False,False,False,False,False,True,False,False,False,False,False,False,False,False,False,False,False,False,False,False
Shaun of the Dead,False,False,False,False,True,False,False,False,False,False,False,True,False,False,False,False,False,False,False,False,False
Sherlock Holmes,True,True,False,False,False,False,False,False,False,False,False,False,False,False,True,False,False,False,False,False,False
Shichinin no samurai,True,True,False,False,False,False,True,False,False,False,False,False,False,False,False,False,False,False,False,False,False
Shine,False,False,False,True,False,False,True,False,False,False,False,False,True,False,False,False,False,False,False,False,False
Short Cuts,False,False,False,False,True,False,True,False,False,False,False,False,False,False,False,False,False,False,False,False,False
Short Term 12,False,False,False,False,False,False,True,False,False,False,False,False,False,False,False,False,False,False,False,False,False
Shrek,False,True,True,False,True,False,False,False,False,False,False,False,False,False,False,False,False,False,False,False,False
Shutter Island,False,False,False,False,False,False,False,False,False,False,False,False,False,False,True,False,False,False,True,False,False
Sicario,True,False,False,False,False,True,True,False,False,False,False,False,False,False,False,False,False,False,False,False,False
Silver Linings Playbook,False,False,False,False,True,False,True,False,False,False,False,False,False,False,False,True,False,False,False,False,False
Sin City,False,False,False,False,False,True,False,False,False,False,False,False,False,False,False,False,False,False,True,False,False
Sing Street,False,False,False,False,True,False,True,False,False,False,False,False,True,False,False,False,False,False,False,False,False
Singin' in the Rain,False,False,False,False,True,False,False,False,False,False,False,False,False,True,False,True,False,False,False,False,False
Skyfall,True,True,False,False,False,False,False,False,False,False,False,False,False,False,False,False,False,False,True,False,False
Sleepers,False,False,False,False,False,True,True,False,False,False,False,False,False,False,False,False,False,False,True,False,False
Sling Blade,False,False,False,False,False,False,True,False,False,False,False,False,False,False,False,False,False,False,False,False,False
Slumdog Millionaire,False,False,False,False,False,False,True,False,False,False,False,False,False,False,False,True,False,False,False,False,False
Snatch,False,False,False,False,True,True,False,False,False,False,False,False,False,False,False,False,False,False,False,False,False
Some Like It Hot,False,False,False,False,True,False,False,False,False,False,False,False,True,False,False,True,False,False,False,False,False
Song of the Sea,False,True,True,False,False,False,True,False,False,False,False,False,False,False,False,False,False,False,False,False,False
"South Park: Bigger, Longer & Uncut",False,False,True,False,True,False,False,False,True,False,False,False,False,False,False,False,False,False,False,False,False
Spartacus,False,True,False,True,False,False,True,False,False,False,False,False,False,False,False,False,False,False,False,False,False
Spider-Man: Into the Spider-Verse,True,True,True,False,False,False,False,False,False,False,False,False,False,False,False,False,False,False,False,False,False
Spotlight,False,False,False,True,False,True,True,False,False,False,False,False,False,False,False,False,False,False,False,False,False
Stand by Me,False,True,False,False,False,False,True,False,False,False,False,False,False,False,False,False,False,False,False,False,False
Star Trek,True,True,False,False,False,False,False,False,False,False,False,False,False,False,False,False,True,False,False,False,False
Star Trek II: The Wrath of Khan,True,True,False,False,False,False,False,False,False,False,False,False,False,False,False,False,True,False,False,False,False
Star Trek Into Darkness,True,True,False,False,False,False,False,False,False,False,False,False,False,False,False,False,True,False,False,False,False
Star Wars,True,True,False,False,False,False,False,False,True,False,False,False,False,False,False,False,False,False,False,False,False
Star Wars: Episode V - The Empire Strikes Back,True,True,False,False,False,False,False,False,True,False,False,False,False,False,False,False,False,False,False,False,False
Star Wars: Episode VI - Return of the Jedi,True,True,False,False,False,False,False,False,True,False,False,False,False,False,False,False,False,False,False,False,False
Star Wars: Episode VII - The Force Awakens,True,True,False,False,False,False,False,False,False,False,False,False,False,False,False,False,True,False,False,False,False
Stardust,False,True,False,False,False,False,False,True,True,False,False,False,False,False,False,False,False,False,False,False,False
Straight Outta Compton,False,False,False,True,False,False,True,False,False,False,True,False,False,False,False,False,False,False,False,False,False
Strangers on a Train,False,False,False,False,False,True,False,False,False,True,False,False,False,False,False,False,False,False,True,False,False
"Synecdoche, New York",False,False,False,False,False,False,True,False,False,False,False,False,False,False,False,False,False,False,False,False,False
Taegukgi hwinalrimyeo,True,False,False,False,False,False,True,False,False,False,False,False,False,False,False,False,False,False,False,True,False
Taken,True,False,False,False,False,False,False,False,False,False,False,False,False,False,False,False,False,False,True,False,False
Tangled,False,True,True,False,True,False,False,False,False,False,False,False,False,False,False,False,False,False,False,False,False
Taxi Driver,False,False,False,False,False,True,True,False,False,False,False,False,False,False,False,False,False,False,False,False,False
Terminator 2: Judgment Day,True,False,False,False,False,False,False,False,False,False,False,False,False,False,False,False,True,False,False,False,False
The Adventures of Robin Hood,True,True,False,False,False,False,False,False,False,False,False,False,False,False,False,True,False,False,False,False,False
The African Queen,False,True,False,False,False,False,True,False,False,False,False,False,False,False,False,True,False,False,False,False,False
The Apartment,False,False,False,False,True,False,True,False,False,False,False,False,False,False,False,True,False,False,False,False,False
The Artist,False,False,False,False,True,False,True,False,False,False,False,False,False,False,False,True,False,False,False,False,False
The Avengers,True,True,False,False,False,False,False,False,False,False,False,False,False,False,False,False,True,False,False,False,False
The Best Years of Our Lives,False,False,False,False,False,False,True,False,False,False,False,False,False,False,False,True,False,False,False,True,False
The Big Lebowski,False,False,False,False,True,True,False,False,False,False,False,False,False,False,False,False,False,True,False,False,False
The Big Short,False,False,False,True,True,False,True,False,False,False,False,False,False,False,False,False,False,False,False,False,False
The Birds,False,False,False,False,False,False,True,False,False,False,False,True,False,False,True,False,False,False,False,False,False
The Blind Side,False,False,False,True,False,False,True,False,False,False,False,False,False,False,False,False,False,True,False,False,False
The Blues Brothers,True,True,False,False,True,False,False,False,False,False,False,False,False,False,False,False,False,False,False,False,False
The Boondock Saints,True,False,False,False,False,True,False,False,False,False,False,False,False,False,False,False,False,False,True,False,False
The Bourne Identity,True,False,False,False,False,False,False,False,False,False,False,False,False,False,True,False,False,False,True,False,False
The Bourne Supremacy,True,False,False,False,False,False,False,False,False,False,False,False,False,False,True,False,False,False,True,False,False
The Bourne Ultimatum,True,False,False,False,False,False,False,False,False,False,False,False,False,False,True,False,False,False,True,False,False
The Boy in the Striped Pyjamas,False,False,False,False,False,False,True,False,False,False,True,False,False,False,False,False,False,False,False,True,False
The Breakfast Club,False,False,False,False,True,False,True,False,False,False,False,False,False,False,False,False,False,False,False,False,False
The Bridge on the River Kwai,False,True,False,False,False,False,True,False,False,False,False,False,False,False,False,False,False,False,False,True,False
The Bridges of Madison County,False,False,False,False,False,False,True,False,False,False,False,False,False,False,False,True,False,False,False,False,False
The Butterfly Effect,False,False,False,False,False,False,True,False,False,False,False,False,False,False,False,False,True,False,True,False,False
The Color Purple,False,False,False,False,False,False,True,False,False,False,False,False,False,False,False,False,False,False,False,False,False
The Conversation,False,False,False,False,False,False,True,False,False,False,False,False,False,False,True,False,False,False,True,False,False
The Count of Monte Cristo,True,True,False,False,False,False,True,False,False,False,False,False,False,False,False,False,False,False,False,False,False
The Curious Case of Benjamin Button,False,False,False,False,False,False,True,False,True,False,False,False,False,False,False,True,False,False,False,False,False
The Dark Knight,True,False,False,False,False,True,True,False,False,False,False,False,False,False,False,False,False,False,False,False,False
The Dark Knight Rises,True,True,False,False,False,False,False,False,False,False,False,False,False,False,False,False,False,False,False,False,False
The Day of the Jackal,False,False,False,False,False,True,True,False,False,False,False,False,False,False,False,False,False,False,True,False,False
The Deer Hunter,False,False,False,False,False,False,True,False,False,False,False,False,False,False,False,False,False,False,False,True,False
The Departed,False,False,False,False,False,True,True,False,False,False,False,False,False,False,False,False,False,False,True,False,False
The Exorcist,False,False,False,False,False,False,False,False,False,False,False,True,False,False,False,False,False,False,False,False,False
The Fall,False,True,False,False,False,False,True,False,True,False,False,False,False,False,False,False,False,False,False,False,False
The Fault in Our Stars,False,False,False,False,False,False,True,False,False,False,False,False,False,False,False,True,False,False,False,False,False
The Fifth Element,True,True,False,False,False,False,False,False,False,False,False,False,False,False,False,False,True,False,False,False,False
The Fighter,False,False,False,True,False,False,True,False,False,False,False,False,False,False,False,False,False,True,False,False,False
The Florida Project,False,False,False,False,False,False,True,False,False,False,False,False,False,False,False,False,False,False,False,False,False
The French Connection,True,False,False,False,False,True,True,False,False,False,False,False,False,False,False,False,False,False,False,False,False
The Fugitive,True,False,False,False,False,True,True,False,False,False,False,False,False,False,False,False,False,False,False,False,False
The Game,True,False,False,False,False,False,True,False,False,False,False,False,False,False,True,False,False,False,False,False,False
The Girl with the Dragon Tattoo,False,False,False,False,False,True,True,False,False,False,False,False,False,False,True,False,False,False,False,False,False
The Godfather,False,False,False,False,False,True,True,False,False,False,False,False,False,False,False,False,False,False,False,False,False
The Godfather: Part II,False,False,False,False,False,True,True,False,False,False,False,False,False,False,False,False,False,False,False,False,False
The Godfather: Part III,False,False,False,False,False,True,True,False,False,False,False,False,False,False,False,False,False,False,False,False,False
The Goonies,False,True,False,False,True,False,False,True,False,False,False,False,False,False,False,False,False,False,False,False,False
The Graduate,False,False,False,False,True,False,True,False,False,False,False,False,False,False,False,True,False,False,False,False,False
The Grand Budapest Hotel,False,True,False,False,True,True,False,False,False,False,False,False,False,False,False,False,False,False,False,False,False
The Grapes of Wrath,False,False,False,False,False,False,True,False,False,False,True,False,False,False,False,False,False,False,False,False,False
The Great Escape,False,True,False,False,False,False,True,False,False,False,True,False,False,False,False,False,False,False,False,False,False
The Green Mile,False,False,False,False,False,True,True,False,True,False,False,False,False,False,False,False,False,False,False,False,False
The Hangover,False,False,False,False,True,False,False,False,False,False,False,False,False,False,False,False,False,False,False,False,False
The Hateful Eight,False,False,False,False,False,True,True,False,False,False,False,False,False,False,True,False,False,False,False,False,False
The Help,False,False,False,False,False,False,True,False,False,False,False,False,False,False,False,False,False,False,False,False,False
The Hobbit: An Unexpected Journey,False,True,False,False,False,False,False,False,True,False,False,False,False,False,False,False,False,False,False,False,False
The Hobbit: The Desolation of Smaug,False,True,False,False,False,False,False,False,True,False,False,False,False,False,False,False,False,False,False,False,False
The Hurricane,False,False,False,True,False,False,True,False,False,False,False,False,False,False,False,False,False,True,False,False,False
The Hustler,False,False,False,False,False,False,True,False,False,False,False,False,False,False,False,False,False,True,False,False,False
The Illusionist,False,False,False,False,False,False,True,False,True,False,False,False,False,False,True,False,False,False,False,False,False
The Imitation Game,False,False,False,True,False,False,True,False,False,False,False,False,False,False,False,False,False,False,True,False,False
The Incredibles,True,True,True,False,False,False,False,False,False,False,False,False,False,False,False,False,False,False,False,False,False
The Innocents,False,False,False,False,False,False,False,False,False,False,False,True,False,False,False,False,False,False,False,False,False
The Insider,False,False,False,True,False,False,True,False,False,False,False,False,False,False,False,False,False,False,True,False,False
The Intouchables,False,False,False,True,True,False,True,False,False,False,False,False,False,False,False,False,False,False,False,False,False
The Irishman,False,False,False,True,False,True,True,False,False,False,False,False,False,False,False,False,False,False,False,False,False
The Iron Giant,True,True,True,False,False,False,False,False,False,False,False,False,False,False,False,False,False,False,False,False,False
The Jungle Book,False,True,True,False,False,False,False,True,False,False,False,False,False,False,False,False,False,False,False,False,False
The Killing Fields,False,False,False,True,False,False,True,False,False,False,True,False,False,False,False,False,False,False,False,False,False
The King of Comedy,False,False,False,False,True,True,True,False,False,False,False,False,False,False,False,False,False,False,False,False,False
The King's Speech,False,False,False,True,False,False,True,False,False,False,True,False,False,False,False,False,False,False,False,False,False
The Last Emperor,False,False,False,True,False,False,True,False,False,False,True,False,False,False,False,False,False,False,False,False,False
The Last King of Scotland,False,False,False,True,False,False,True,False,False,False,True,False,False,False,False,False,False,False,False,False,False
The Last Picture Show,False,False,False,False,False,False,True,False,False,False,False,False,False,False,False,True,False,False,False,False,False
The Last Samurai,True,False,False,False,False,False,True,False,False,False,False,False,False,False,False,False,False,False,False,False,False
The Last of the Mohicans,True,True,False,False,False,False,True,False,False,False,False,False,False,False,False,False,False,False,False,False,False
The Lego Movie,True,True,True,False,False,False,False,False,False,False,False,False,False,False,False,False,False,False,False,False,False
The Lion King,False,True,True,False,False,False,True,False,False,False,False,False,False,False,False,False,False,False,False,False,False
The Little Mermaid,False,False,True,False,False,False,False,True,True,False,False,False,False,False,False,False,False,False,False,False,False
The Lives of Others,False,False,False,False,False,False,True,False,False,False,False,False,False,False,True,False,False,False,True,False,False
The Long Goodbye,False,False,False,False,True,True,True,False,False,False,False,False,False,False,False,False,False,False,False,False,False
The Longest Day,True,False,False,False,False,False,True,False,False,False,True,False,False,False,False,False,False,False,False,False,False
The Lord of the Rings: The Fellowship of the Ring,True,True,False,False,False,False,True,False,False,False,False,False,False,False,False,False,False,False,False,False,False
The Lord of the Rings: The Return of the King,True,True,False,False,False,False,True,False,False,False,False,False,False,False,False,False,False,False,False,False,False
The Lord of the Rings: The Two Towers,True,True,False,False,False,False,True,False,False,False,False,False,False,False,False,False,False,False,False,False,False
The Lunchbox,False,False,False,False,False,False,True,False,False,False,False,False,False,False,False,True,False,False,False,False,False
The Machinist,False,False,False,False,False,False,True,False,False,False,False,False,False,False,False,False,False,False,True,False,False
The Magdalene Sisters,False,False,False,False,False,False,True,False,False,False,False,False,False,False,False,False,False,False,False,False,False
The Magnificent Seven,True,True,False,False,False,False,False,False,False,False,False,False,False,False,False,False,False,False,False,False,True
The Martian,False,True,False,False,False,False,True,False,False,False,False,False,False,False,False,False,True,False,False,False,False
The Matrix,True,False,False,False,False,False,False,False,False,False,False,False,False,False,False,False,True,False,False,False,False
The Muppet Christmas Carol,False,False,False,False,True,False,True,True,False,False,False,False,False,False,False,False,False,False,False,False,False
The Muppet Movie,False,True,False,False,True,False,False,True,False,False,False,False,False,False,False,False,False,False,False,False,False
The Naked Gun: From the Files of Police Squad!,False,False,False,False,True,True,False,False,False,False,False,False,False,False,False,False,False,False,False,False,False
The Nightmare Before Christmas,False,False,True,False,False,False,False,True,True,False,False,False,False,False,False,False,False,False,False,False,False
The Notebook,False,False,False,False,False,False,True,False,False,False,False,False,False,False,False,True,False,False,False,False,False
The Odd Couple,False,False,False,False,True,False,False,False,False,False,False,False,False,False,False,False,False,False,False,False,False
The Others,False,False,False,False,False,False,False,False,False,False,False,True,False,False,True,False,False,False,True,False,False
The Outlaw Josey Wales,False,False,False,False,False,False,False,False,False,False,False,False,False,False,False,False,False,False,False,False,True
The Peanut Butter Falcon,False,True,False,False,True,False,True,False,False,False,False,False,False,False,False,False,False,False,False,False,False
The Perks of Being a Wallflower,False,False,False,False,False,False,True,False,False,False,False,False,False,False,False,True,False,False,False,False,False
The Pianist,False,False,False,True,False,False,True,False,False,False,False,False,True,False,False,False,False,False,False,False,False
The Prestige,False,False,False,False,False,False,True,False,False,False,False,False,False,False,True,False,True,False,False,False,False
The Princess Bride,False,True,False,False,False,False,False,True,True,False,False,False,False,False,False,False,False,False,False,False,False
The Purple Rose of Cairo,False,False,False,False,True,False,False,False,True,False,False,False,False,False,False,True,False,False,False,False,False
The Pursuit of Happyness,False,False,False,True,False,False,True,False,False,False,False,False,False,False,False,False,False,False,False,False,False
The Remains of the Day,False,False,False,False,False,False,True,False,False,False,False,False,False,False,False,True,False,False,False,False,False
The Revenant,True,True,False,False,False,False,True,False,False,False,False,False,False,False,False,False,False,False,False,False,False
The Right Stuff,False,True,False,True,False,False,True,False,False,False,False,False,False,False,False,False,False,False,False,False,False
The Royal Tenenbaums,False,False,False,False,True,False,True,False,False,False,False,False,False,False,False,False,False,False,False,False,False
The Sandlot,False,False,False,False,True,False,True,True,False,False,False,False,False,False,False,False,False,False,False,False,False
The Shining,False,False,False,False,False,False,True,False,False,False,False,True,False,False,False,False,False,False,False,False,False
The Silence of the Lambs,False,False,False,False,False,True,True,False,False,False,False,False,False,False,False,False,False,False,True,False,False
The Sixth Sense,False,False,False,False,False,False,True,False,False,False,False,False,False,False,True,False,False,False,True,False,False
The Social Network,False,False,False,True,False,False,True,False,False,False,False,False,False,False,False,False,False,False,False,False,False
The Sound of Music,False,False,False,True,False,False,True,True,False,False,False,False,False,False,False,False,False,False,False,False,False
The Station Agent,False,False,False,False,True,False,True,False,False,False,False,False,False,False,False,False,False,False,False,False,False
The Sting,False,False,False,False,True,True,True,False,False,False,False,False,False,False,False,False,False,False,False,False,False
The Straight Story,False,False,False,True,False,False,True,False,False,False,False,False,False,False,False,False,False,False,False,False,False
The Terminator,True,False,False,False,False,False,False,False,False,False,False,False,False,False,False,False,True,False,False,False,False
The Theory of Everything,False,False,False,True,False,False,True,False,False,False,False,False,False,False,False,True,False,False,False,False,False
The Thin Red Line,False,False,False,False,False,False,True,False,False,False,False,False,False,False,False,False,False,False,False,True,False
The Thing,False,False,False,False,False,False,False,False,False,False,False,True,False,False,True,False,True,False,False,False,False
The Third Man,False,False,False,False,False,False,False,False,False,True,False,False,False,False,True,False,False,False,True,False,False
The Treasure of the Sierra Madre,False,True,False,False,False,False,True,False,False,False,False,False,False,False,False,False,False,False,False,False,True
The Truman Show,False,False,False,False,True,False,True,False,False,False,False,False,False,False,False,False,False,False,False,False,False
The Untouchables,False,False,False,False,False,True,True,False,False,False,False,False,False,False,False,False,False,False,True,False,False
The Usual Suspects,False,False,False,False,False,True,False,False,False,False,False,False,False,False,True,False,False,False,True,False,False
The Verdict,False,False,False,False,False,False,True,False,False,False,False,False,False,False,False,False,False,False,False,False,False
The Visitor,False,False,False,False,False,False,True,False,False,False,False,False,False,False,False,False,False,False,False,False,False
The Warriors,True,False,False,False,False,True,False,False,False,False,False,False,False,False,False,False,False,False,True,False,False
The Wild Bunch,True,True,False,False,False,False,False,False,False,False,False,False,False,False,False,False,False,False,False,False,True
The Wizard of Oz,False,True,False,False,False,False,False,True,True,False,False,False,False,False,False,False,False,False,False,False,False
The Wolf of Wall Street,False,False,False,True,False,True,True,False,False,False,False,False,False,False,False,False,False,False,False,False,False
The World's Fastest Indian,False,False,False,True,False,False,True,False,False,False,False,False,False,False,False,False,False,True,False,False,False
The Wrestler,False,False,False,False,False,False,True,False,False,False,False,False,False,False,False,False,False,True,False,False,False
There Will Be Blood,False,False,False,False,False,False,True,False,False,False,False,False,False,False,False,False,False,False,False,False,False
This Is Spinal Tap,False,False,False,False,True,False,False,False,False,False,False,False,True,False,False,False,False,False,False,False,False
Thor: Ragnarok,True,True,False,False,True,False,False,False,False,False,False,False,False,False,False,False,False,False,False,False,False
"Three Billboards Outside Ebbing, Missouri",False,False,False,False,True,True,True,False,False,False,False,False,False,False,False,False,False,False,False,False,False
Titanic,False,False,False,False,False,False,True,False,False,False,False,False,False,False,False,True,False,False,False,False,False
Todo sobre mi madre,False,False,False,False,False,False,True,False,False,False,False,False,False,False,False,False,False,False,False,False,False
Tombstone,True,False,False,True,False,False,True,False,False,False,False,False,False,False,False,False,False,False,False,False,False
Tonari no Totoro,False,False,True,False,False,False,False,True,True,False,False,False,False,False,False,False,False,False,False,False,False
Touch of Evil,False,False,False,False,False,True,True,False,False,True,False,False,False,False,False,False,False,False,False,False,False
Toy Story,False,True,True,False,True,False,False,False,False,False,False,False,False,False,False,False,False,False,False,False,False
Toy Story 2,False,True,True,False,True,False,False,False,False,False,False,False,False,False,False,False,False,False,False,False,False
Toy Story 3,False,True,True,False,True,False,False,False,False,False,False,False,False,False,False,False,False,False,False,False,False
Toy Story 4,False,True,True,False,True,False,False,False,False,False,False,False,False,False,False,False,False,False,False,False,False
Training Day,False,False,False,False,False,True,True,False,False,False,False,False,False,False,False,False,False,False,True,False,False
Trainspotting,False,False,False,False,False,False,True,False,False,False,False,False,False,False,False,False,False,False,False,False,False
Trois couleurs: Blanc,False,False,False,False,True,False,True,False,False,False,False,False,False,False,False,True,False,False,False,False,False
Trois couleurs: Bleu,False,False,False,False,False,False,True,False,False,False,False,False,True,False,True,False,False,False,False,False,False
Trois couleurs: Rouge,False,False,False,False,False,False,True,False,False,False,False,False,False,False,True,True,False,False,False,False,False
Tropa de Elite,True,False,False,False,False,True,True,False,False,False,False,False,False,False,False,False,False,False,False,False,False
True Grit,False,False,False,False,False,False,True,False,False,False,False,False,False,False,False,False,False,False,False,False,True
True Romance,False,False,False,False,False,True,True,False,False,False,False,False,False,False,False,True,False,False,False,False,False
Twelve Monkeys,False,False,False,False,False,False,False,False,False,False,False,False,False,False,True,False,True,False,True,False,False
Tôkyô goddofâzâzu,False,True,True,False,True,False,False,False,False,False,False,False,False,False,False,False,False,False,False,False,False
Un long dimanche de fiançailles,False,False,False,False,False,False,True,False,False,False,False,False,False,False,True,True,False,False,False,False,False
Un prophète,False,False,False,False,False,True,True,False,False,False,False,False,False,False,False,False,False,False,False,False,False
Under sandet,False,False,False,False,False,False,True,False,False,False,True,False,False,False,False,False,False,False,False,True,False
Unforgiven,False,False,False,False,False,False,True,False,False,False,False,False,False,False,False,False,False,False,False,False,True
Up,False,True,True,False,True,False,False,False,False,False,False,False,False,False,False,False,False,False,False,False,False
V for Vendetta,True,False,False,False,False,False,True,False,False,False,False,False,False,False,False,False,True,False,False,False,False
Vampire Hunter D: Bloodlust,True,False,True,False,False,False,False,False,True,False,False,False,False,False,False,False,False,False,False,False,False
Veer-Zaara,False,False,False,False,False,False,True,True,False,False,False,False,False,True,False,False,False,False,False,False,False
Vertigo,False,False,False,False,False,False,False,False,False,False,False,False,False,False,True,True,False,False,True,False,False
WALL·E,False,True,True,False,False,False,False,True,False,False,False,False,False,False,False,False,False,False,False,False,False
Waking Life,False,False,True,False,False,False,True,False,True,False,False,False,False,False,False,False,False,False,False,False,False
Walk the Line,False,False,False,True,False,False,True,False,False,False,False,False,True,False,False,False,False,False,False,False,False
Warrior,True,False,False,False,False,False,True,False,False,False,False,False,False,False,False,False,False,True,False,False,False
Watchmen,True,False,False,False,False,False,True,False,False,False,False,False,False,False,True,False,False,False,False,False,False
What Ever Happened to Baby Jane?,False,False,False,False,False,False,True,False,False,False,False,True,False,False,False,False,False,False,True,False,False
What We Do in the Shadows,False,False,False,False,True,False,False,False,False,False,False,True,False,False,False,False,False,False,False,False,False
What's Eating Gilbert Grape,False,False,False,False,False,False,True,False,False,False,False,False,False,False,False,False,False,False,False,False,False
When Harry Met Sally...,False,False,False,False,True,False,True,False,False,False,False,False,False,False,False,True,False,False,False,False,False
Whiplash,False,False,False,False,False,False,True,False,False,False,False,False,True,False,False,False,False,False,False,False,False
Who Framed Roger Rabbit,False,True,True,False,True,False,False,False,False,False,False,False,False,False,False,False,False,False,False,False,False
Willy Wonka & the Chocolate Factory,False,False,False,False,False,False,False,True,True,False,False,False,False,True,False,False,False,False,False,False,False
Wind River,False,False,False,False,False,True,True,False,False,False,False,False,False,False,True,False,False,False,False,False,False
Withnail & I,False,False,False,False,True,False,True,False,False,False,False,False,False,False,False,False,False,False,False,False,False
Wo hu cang long,True,True,False,False,False,False,False,False,True,False,False,False,False,False,False,False,False,False,False,False,False
Wonder,False,False,False,False,False,False,True,True,False,False,False,False,False,False,False,False,False,False,False,False,False
Wreck-It Ralph,False,True,True,False,True,False,False,False,False,False,False,False,False,False,False,False,False,False,False,False,False
X-Men: Days of Future Past,True,True,False,False,False,False,False,False,False,False,False,False,False,False,False,False,True,False,False,False,False
X: First Class,True,True,False,False,False,False,False,False,False,False,False,False,False,False,False,False,True,False,False,False,False
Y tu mamá también,False,False,False,False,False,False,True,False,False,False,False,False,False,False,False,False,False,False,False,False,False
Ying xiong,True,True,False,False,False,False,False,False,False,False,True,False,False,False,False,False,False,False,False,False,False
Young Frankenstein,False,False,False,False,True,False,False,False,False,False,False,False,False,False,False,False,False,False,False,False,False
Zodiac,False,False,False,False,False,True,True,False,False,False,False,False,False,False,True,False,False,False,False,False,False
Zombieland,False,True,False,False,True,False,False,False,True,False,False,False,False,False,False,False,False,False,False,False,False
Zootopia,False,True,True,False,True,False,False,False,False,False,False,False,False,False,False,False,False,False,False,False,False
Zwartboek,False,False,False,False,False,False,True,False,False,False,False,False,False,False,False,False,False,False,True,True,False
