title_norm,film,Released_Year,Runtime,IMDB_Rating,No_of_Votes,Gross,Action,Adventure,Animation,Biography,Comedy,Crime,Drama,Family,Fantasy,Film-Noir,History,Horror,Music,Musical,Mystery,Romance,Sci-Fi,Sport,Thriller,War,Western
the godfather,The Godfather,1972.0,175,9.2,1620367,134966411,False,False,False,False,False,True,True,False,False,False,False,False,False,False,False,False,False,False,False,False,False
the dark knight,The Dark Knight,2008.0,152,9.0,2303232,534858444,True,False,False,False,False,True,True,False,False,False,False,False,False,False,False,False,False,False,False,False,False
the godfather part ii,The Godfather: Part II,1974.0,202,9.0,1129952,57300000,False,False,False,False,False,True,True,False,False,False,False,False,False,False,False,False,False,False,False,False,False
12 angry men,12 Angry Men,1957.0,96,9.0,689845,4360000,False,False,False,False,False,True,True,False,False,False,False,False,False,False,False,False,False,False,False,False,False
the lord of the rings the return of the king,The Lord of the Rings: The Return of the King,2003.0,201,8.9,1642758,377845905,True,True,False,False,False,False,True,False,False,False,False,False,False,False,False,False,False,False,False,False,False
pulp fiction,Pulp Fiction,1994.0,154,8.9,1826188,107928762,False,False,False,False,False,True,True,False,False,False,False,False,False,False,False,False,False,False,False,False,False
schindler s list,Schindler's List,1993.0,195,8.9,1213505,96898818,False,False,False,True,False,False,True,False,False,False,True,False,False,False,False,False,False,False,False,False,False
inception,Inception,2010.0,148,8.8,2067042,292576195,True,True,False,False,False,False,False,False,False,False,False,False,False,False,False,False,True,False,False,False,False
fight club,Fight Club,1999.0,139,8.8,1854740,37030102,False,False,False,False,False,False,True,False,False,False,False,False,False,False,False,False,False,False,False,False,False
the lord of the rings the fellowship of the ring,The Lord of the Rings: The Fellowship of the Ring,2001.0,178,8.8,1661481,315544750,True,True,False,False,False,False,True,False,False,False,False,False,False,False,False,False,False,False,False,False,False
forrest gump,Forrest Gump,1994.0,142,8.8,1809221,330252182,False,False,False,False,False,False,True,False,False,False,False,False,False,False,False,True,False,False,False,False,False
il buono il brutto il cattivo,"Il buono, il brutto, il cattivo",1966.0,161,8.8,688390,6100000,False,False,False,False,False,False,False,False,False,False,False,False,False,False,False,False,False,False,False,False,True
the lord of the rings the two towers,The Lord of the Rings: The Two Towers,2002.0,179,8.7,1485555,342551365,True,True,False,False,False,False,True,False,False,False,False,False,False,False,False,False,False,False,False,False,False
the matrix,The Matrix,1999.0,136,8.7,1676426,171479930,True,False,False,False,False,False,False,False,False,False,False,False,False,False,False,False,True,False,False,False,False
goodfellas,Goodfellas,1990.0,146,8.7,1020727,46836394,False,False,False,True,False,True,True,False,False,False,False,False,False,False,False,False,False,False,False,False,False
star wars episode v the empire strikes back,Star Wars: Episode V - The Empire Strikes Back,1980.0,124,8.7,1159315,290475067,True,True,False,False,False,False,False,False,True,False,False,False,False,False,False,False,False,False,False,False,False
one flew over the cuckoo s nest,One Flew Over the Cuckoo's Nest,1975.0,133,8.7,918088,112000000,False,False,False,False,False,False,True,False,False,False,False,False,False,False,False,False,False,False,False,False,False
gisaengchung,Gisaengchung,2019.0,132,8.6,552778,53367844,False,False,False,False,True,False,True,False,False,False,False,False,False,False,False,False,False,False,True,False,False
interstellar,Interstellar,2014.0,169,8.6,1512360,188020017,False,True,False,False,False,False,True,False,False,False,False,False,False,False,False,False,True,False,False,False,False
cidade de deus,Cidade de Deus,2002.0,130,8.6,699256,7563397,False,False,False,False,False,True,True,False,False,False,False,False,False,False,False,False,False,False,False,False,False
sen to chihiro no kamikakushi,Sen to Chihiro no kamikakushi,2001.0,125,8.6,651376,10055859,False,True,True,False,False,False,False,True,False,False,False,False,False,False,False,False,False,False,False,False,False
saving private ryan,Saving Private Ryan,1998.0,169,8.6,1235804,216540909,False,False,False,False,False,False,True,False,False,False,False,False,False,False,False,False,False,False,False,True,False
the green mile,The Green Mile,1999.0,189,8.6,1147794,136801374,False,False,False,False,False,True,True,False,True,False,False,False,False,False,False,False,False,False,False,False,False
la vita e bella,La vita è bella,1997.0,116,8.6,623629,57598247,False,False,False,False,True,False,True,False,False,False,False,False,False,False,False,True,False,False,False,False,False
se7en,Se7en,1995.0,127,8.6,1445096,100125643,False,False,False,False,False,True,True,False,False,False,False,False,False,False,True,False,False,False,False,False,False
the silence of the lambs,The Silence of the Lambs,1991.0,118,8.6,1270197,130742922,False,False,False,False,False,True,True,False,False,False,False,False,False,False,False,False,False,False,True,False,False
star wars,Star Wars,1977.0,121,8.6,1231473,322740140,True,True,False,False,False,False,False,False,True,False,False,False,False,False,False,False,False,False,False,False,False
shichinin no samurai,Shichinin no samurai,1954.0,207,8.6,315744,269061,True,True,False,False,False,False,True,False,False,False,False,False,False,False,False,False,False,False,False,False,False
joker,Joker,2019.0,122,8.5,939252,335451311,False,False,False,False,False,True,True,False,False,False,False,False,False,False,False,False,False,False,True,False,False
whiplash,Whiplash,2014.0,106,8.5,717585,13092000,False,False,False,False,False,False,True,False,False,False,False,False,True,False,False,False,False,False,False,False,False
the intouchables,The Intouchables,2011.0,112,8.5,760360,13182281,False,False,False,True,True,False,True,False,False,False,False,False,False,False,False,False,False,False,False,False,False
the prestige,The Prestige,2006.0,130,8.5,1190259,53089891,False,False,False,False,False,False,True,False,False,False,False,False,False,False,True,False,True,False,False,False,False
the departed,The Departed,2006.0,151,8.5,1189773,132384315,False,False,False,False,False,True,True,False,False,False,False,False,False,False,False,False,False,False,True,False,False
the pianist,The Pianist,2002.0,150,8.5,729603,32572577,False,False,False,True,False,False,True,False,False,False,False,False,True,False,False,False,False,False,False,False,False
gladiator,Gladiator,2000.0,155,8.5,1341460,187705427,True,True,False,False,False,False,True,False,False,False,False,False,False,False,False,False,False,False,False,False,False
american history x,American History X,1998.0,119,8.5,1034705,6719864,False,False,False,False,False,False,True,False,False,False,False,False,False,False,False,False,False,False,False,False,False
the usual suspects,The Usual Suspects,1995.0,106,8.5,991208,23341568,False,False,False,False,False,True,False,False,False,False,False,False,False,False,True,False,False,False,True,False,False
leon,Léon,1994.0,110,8.5,1035236,19501238,True,False,False,False,False,True,True,False,False,False,False,False,False,False,False,False,False,False,False,False,False
the lion king,The Lion King,1994.0,88,8.5,942045,422783777,False,True,True,False,False,False,True,False,False,False,False,False,False,False,False,False,False,False,False,False,False
terminator 2 judgment day,Terminator 2: Judgment Day,1991.0,137,8.5,995506,204843350,True,False,False,False,False,False,False,False,False,False,False,False,False,False,False,False,True,False,False,False,False
nuovo cinema paradiso,Nuovo Cinema Paradiso,1988.0,155,8.5,230763,11990401,False,False,False,False,False,False,True,False,False,False,False,False,False,False,False,True,False,False,False,False,False
back to the future,Back to the Future,1985.0,116,8.5,1058081,210609762,False,True,False,False,True,False,False,False,False,False,False,False,False,False,False,False,True,False,False,False,False
once upon a time in the west,Once Upon a Time in the West,1968.0,165,8.5,302844,5321508,False,False,False,False,False,False,False,False,False,False,False,False,False,False,False,False,False,False,False,False,True
psycho,Psycho,1960.0,109,8.5,604211,32000000,False,False,False,False,False,False,False,False,False,False,False,True,False,False,True,False,False,False,True,False,False
casablanca,Casablanca,1942.0,102,8.5,522093,1024560,False,False,False,False,False,False,True,False,False,False,False,False,False,False,False,True,False,False,False,True,False
modern times,Modern Times,1936.0,87,8.5,217881,163245,False,False,False,False,True,False,True,True,False,False,False,False,False,False,False,False,False,False,False,False,False
city lights,City Lights,1931.0,87,8.5,167839,19181,False,False,False,False,True,False,True,False,False,False,False,False,False,False,False,True,False,False,False,False,False
capharnaum,Capharnaüm,2018.0,126,8.4,62635,1661096,False,False,False,False,False,False,True,False,False,False,False,False,False,False,False,False,False,False,False,False,False
kimi no na wa,Kimi no na wa.,2016.0,106,8.4,194838,5017246,False,False,True,False,False,False,True,False,True,False,False,False,False,False,False,False,False,False,False,False,False
spider man into the spider verse,Spider-Man: Into the Spider-Verse,2018.0,117,8.4,375110,190241310,True,True,True,False,False,False,False,False,False,False,False,False,False,False,False,False,False,False,False,False,False
avengers endgame,Avengers: Endgame,2019.0,181,8.4,809955,858373000,True,True,False,False,False,False,True,False,False,False,False,False,False,False,False,False,False,False,False,False,False
avengers infinity war,Avengers: Infinity War,2018.0,149,8.4,834477,678815482,True,True,False,False,False,False,False,False,False,False,False,False,False,False,False,False,True,False,False,False,False
coco,Coco,2017.0,105,8.4,384171,209726015,False,True,True,False,False,False,False,True,False,False,False,False,False,False,False,False,False,False,False,False,False
django unchained,Django Unchained,2012.0,165,8.4,1357682,162805434,False,False,False,False,False,False,True,False,False,False,False,False,False,False,False,False,False,False,False,False,True
the dark knight rises,The Dark Knight Rises,2012.0,164,8.4,1516346,448139099,True,True,False,False,False,False,False,False,False,False,False,False,False,False,False,False,False,False,False,False,False
3 idiots,3 Idiots,2009.0,170,8.4,344445,6532908,False,False,False,False,True,False,True,False,False,False,False,False,False,False,False,False,False,False,False,False,False
wall e,WALL·E,2008.0,98,8.4,999790,223808164,False,True,True,False,False,False,False,True,False,False,False,False,False,False,False,False,False,False,False,False,False
the lives of others,The Lives of Others,2006.0,137,8.4,358685,11286112,False,False,False,False,False,False,True,False,False,False,False,False,False,False,True,False,False,False,True,False,False
oldeuboi,Oldeuboi,2003.0,101,8.4,515451,707481,True,False,False,False,False,False,True,False,False,False,False,False,False,False,True,False,False,False,False,False,False
memento,Memento,2000.0,113,8.4,1125712,25544867,False,False,False,False,False,False,False,False,False,False,False,False,False,False,True,False,False,False,True,False,False
mononoke hime,Mononoke-hime,1997.0,134,8.4,343171,2375308,True,True,True,False,False,False,False,False,False,False,False,False,False,False,False,False,False,False,False,False,False
raiders of the lost ark,Raiders of the Lost Ark,1981.0,115,8.4,884112,248159971,True,True,False,False,False,False,False,False,False,False,False,False,False,False,False,False,False,False,False,False,False
the shining,The Shining,1980.0,146,8.4,898237,44017374,False,False,False,False,False,False,True,False,False,False,False,True,False,False,False,False,False,False,False,False,False
apocalypse now,Apocalypse Now,1979.0,147,8.4,606398,83471511,False,False,False,False,False,False,True,False,False,False,False,False,False,False,True,False,False,False,False,True,False
alien,Alien,1979.0,117,8.4,787806,78900000,False,False,False,False,False,False,False,False,False,False,False,True,False,False,False,False,True,False,False,False,False
dr strangelove or how i learned to stop worrying and love the bomb,Dr. Strangelove or: How I Learned to Stop Worrying and Love the Bomb,1964.0,95,8.4,450474,275902,False,False,False,False,True,False,False,False,False,False,False,False,False,False,False,False,False,False,False,False,False
rear window,Rear Window,1954.0,112,8.4,444074,36764313,False,False,False,False,False,False,False,False,False,False,False,False,False,False,True,False,False,False,True,False,False
1917,1917,2019.0,119,8.3,425844,159227644,False,False,False,False,False,False,True,False,False,False,False,False,False,False,False,False,False,False,True,True,False
jagten,Jagten,2012.0,115,8.3,281623,687185,False,False,False,False,False,False,True,False,False,False,False,False,False,False,False,False,False,False,False,False,False
jodaeiye nader az simin,Jodaeiye Nader az Simin,2011.0,123,8.3,220002,7098492,False,False,False,False,False,False,True,False,False,False,False,False,False,False,False,False,False,False,False,False,False
incendies,Incendies,2010.0,131,8.3,150023,6857096,False,False,False,False,False,False,True,False,False,False,False,False,False,False,True,False,False,False,False,True,False
inglourious basterds,Inglourious Basterds,2009.0,153,8.3,1267869,120540719,False,True,False,False,False,False,True,False,False,False,False,False,False,False,False,False,False,False,False,True,False
eternal sunshine of the spotless mind,Eternal Sunshine of the Spotless Mind,2004.0,108,8.3,911664,34400301,False,False,False,False,False,False,True,False,False,False,False,False,False,False,False,True,True,False,False,False,False
amelie,Amélie,2001.0,122,8.3,703810,33225499,False,False,False,False,True,False,False,False,False,False,False,False,False,False,False,True,False,False,False,False,False
snatch,Snatch,2000.0,104,8.3,782001,30328156,False,False,False,False,True,True,False,False,False,False,False,False,False,False,False,False,False,False,False,False,False
requiem for a dream,Requiem for a Dream,2000.0,102,8.3,766870,3635482,False,False,False,False,False,False,True,False,False,False,False,False,False,False,False,False,False,False,False,False,False
american beauty,American Beauty,1999.0,122,8.3,1069738,130096601,False,False,False,False,False,False,True,False,False,False,False,False,False,False,False,False,False,False,False,False,False
good will hunting,Good Will Hunting,1997.0,126,8.3,861606,138433435,False,False,False,False,False,False,True,False,False,False,False,False,False,False,False,True,False,False,False,False,False
bacheha ye aseman,Bacheha-Ye aseman,1997.0,89,8.3,65341,933933,False,False,False,False,False,False,True,True,False,False,False,False,False,False,False,False,False,True,False,False,False
toy story,Toy Story,1995.0,81,8.3,887429,191796233,False,True,True,False,True,False,False,False,False,False,False,False,False,False,False,False,False,False,False,False,False
braveheart,Braveheart,1995.0,178,8.3,959181,75600000,False,False,False,True,False,False,True,False,False,False,True,False,False,False,False,False,False,False,False,False,False
reservoir dogs,Reservoir Dogs,1992.0,99,8.3,918562,2832029,False,False,False,False,False,True,True,False,False,False,False,False,False,False,False,False,False,False,True,False,False
full metal jacket,Full Metal Jacket,1987.0,116,8.3,675146,46357676,False,False,False,False,False,False,True,False,False,False,False,False,False,False,False,False,False,False,False,True,False
aliens,Aliens,1986.0,137,8.3,652719,85160248,True,True,False,False,False,False,False,False,False,False,False,False,False,False,False,False,True,False,False,False,False
amadeus,Amadeus,1984.0,160,8.3,369007,51973029,False,False,False,True,False,False,True,False,False,False,True,False,False,False,False,False,False,False,False,False,False
scarface,Scarface,1983.0,170,8.3,740911,45598982,False,False,False,False,False,True,True,False,False,False,False,False,False,False,False,False,False,False,False,False,False
star wars episode vi return of the jedi,Star Wars: Episode VI - Return of the Jedi,1983.0,131,8.3,950470,309125409,True,True,False,False,False,False,False,False,True,False,False,False,False,False,False,False,False,False,False,False,False
das boot,Das Boot,1981.0,149,8.3,231855,11487676,False,True,False,False,False,False,True,False,False,False,False,False,False,False,False,False,False,False,True,False,False
taxi driver,Taxi Driver,1976.0,114,8.3,724636,28262574,False,False,False,False,False,True,True,False,False,False,False,False,False,False,False,False,False,False,False,False,False
the sting,The Sting,1973.0,129,8.3,241513,159600000,False,False,False,False,True,True,True,False,False,False,False,False,False,False,False,False,False,False,False,False,False
a clockwork orange,A Clockwork Orange,1971.0,136,8.3,757904,6207725,False,False,False,False,False,True,True,False,False,False,False,False,False,False,False,False,True,False,False,False,False
2001 a space odyssey,2001: A Space Odyssey,1968.0,149,8.3,603517,56954992,False,True,False,False,False,False,False,False,False,False,False,False,False,False,False,False,True,False,False,False,False
per qualche dollaro in piu,Per qualche dollaro in più,1965.0,132,8.3,232772,15000000,False,False,False,False,False,False,False,False,False,False,False,False,False,False,False,False,False,False,False,False,True
lawrence of arabia,Lawrence of Arabia,1962.0,228,8.3,268085,44824144,False,True,False,True,False,False,True,False,False,False,False,False,False,False,False,False,False,False,False,False,False
the apartment,The Apartment,1960.0,125,8.3,164363,18600000,False,False,False,False,True,False,True,False,False,False,False,False,False,False,False,True,False,False,False,False,False
north by northwest,North by Northwest,1959.0,136,8.3,299198,13275000,False,True,False,False,False,False,False,False,False,False,False,False,False,False,True,False,False,False,True,False,False
vertigo,Vertigo,1958.0,128,8.3,364368,3200000,False,False,False,False,False,False,False,False,False,False,False,False,False,False,True,True,False,False,True,False,False
singin in the rain,Singin' in the Rain,1952.0,103,8.3,218957,8819028,False,False,False,False,True,False,False,False,False,False,False,False,False,True,False,True,False,False,False,False,False
double indemnity,Double Indemnity,1944.0,107,8.3,143525,5720000,False,False,False,False,False,True,True,False,False,True,False,False,False,False,False,False,False,False,False,False,False
citizen kane,Citizen Kane,1941.0,119,8.3,403351,1585634,False,False,False,False,False,False,True,False,False,False,False,False,False,False,True,False,False,False,False,False,False
green book,Green Book,2018.0,130,8.2,377884,85080171,False,False,False,True,True,False,True,False,False,False,False,False,False,False,False,False,False,False,False,False,False
three billboards outside ebbing missouri,"Three Billboards Outside Ebbing, Missouri",2017.0,115,8.2,432610,54513740,False,False,False,False,True,True,True,False,False,False,False,False,False,False,False,False,False,False,False,False,False
el secreto de sus ojos,El secreto de sus ojos,2009.0,129,8.2,193217,6391436,False,False,False,False,False,False,True,False,False,False,False,False,False,False,True,True,False,False,False,False,False
warrior,Warrior,2011.0,140,8.2,435950,13657115,True,False,False,False,False,False,True,False,False,False,False,False,False,False,False,False,False,True,False,False,False
shutter island,Shutter Island,2010.0,138,8.2,1129894,128012934,False,False,False,False,False,False,False,False,False,False,False,False,False,False,True,False,False,False,True,False,False
up,Up,2009.0,96,8.2,935507,293004164,False,True,True,False,True,False,False,False,False,False,False,False,False,False,False,False,False,False,False,False,False
the wolf of wall street,The Wolf of Wall Street,2013.0,180,8.2,1187498,116900694,False,False,False,True,False,True,True,False,False,False,False,False,False,False,False,False,False,False,False,False,False
chak de india,Chak De! India,2007.0,153,8.2,74129,1113541,False,False,False,False,False,False,True,True,False,False,False,False,False,False,False,False,False,True,False,False,False
there will be blood,There Will Be Blood,2007.0,158,8.2,517359,40222514,False,False,False,False,False,False,True,False,False,False,False,False,False,False,False,False,False,False,False,False,False
pan s labyrinth,Pan's Labyrinth,2006.0,118,8.2,618623,37634615,False,False,False,False,False,False,True,False,True,False,False,False,False,False,False,False,False,False,False,True,False
toy story 3,Toy Story 3,2010.0,103,8.2,757032,415004880,False,True,True,False,True,False,False,False,False,False,False,False,False,False,False,False,False,False,False,False,False
v for vendetta,V for Vendetta,2005.0,132,8.2,1032749,70511035,True,False,False,False,False,False,True,False,False,False,False,False,False,False,False,False,True,False,False,False,False
batman begins,Batman Begins,2005.0,140,8.2,1308302,206852432,True,True,False,False,False,False,False,False,False,False,False,False,False,False,False,False,False,False,False,False,False
der untergang,Der Untergang,2004.0,156,8.2,331308,5509040,False,False,False,True,False,False,True,False,False,False,True,False,False,False,False,False,False,False,False,False,False
hauru no ugoku shiro,Hauru no ugoku shiro,2004.0,119,8.2,333915,4711096,False,True,True,False,False,False,False,True,False,False,False,False,False,False,False,False,False,False,False,False,False
a beautiful mind,A Beautiful Mind,2001.0,135,8.2,848920,170742341,False,False,False,True,False,False,True,False,False,False,False,False,False,False,False,False,False,False,False,False,False
lock stock and two smoking barrels,"Lock, Stock and Two Smoking Barrels",1998.0,107,8.2,535216,3897569,True,False,False,False,True,True,False,False,False,False,False,False,False,False,False,False,False,False,False,False,False
l a confidential,L.A. Confidential,1997.0,138,8.2,531967,64616940,False,False,False,False,False,True,True,False,False,False,False,False,False,False,True,False,False,False,False,False,False
heat,Heat,1995.0,170,8.2,577113,67436818,False,False,False,False,False,True,True,False,False,False,False,False,False,False,False,False,False,False,True,False,False
casino,Casino,1995.0,178,8.2,466276,42438300,False,False,False,False,False,True,True,False,False,False,False,False,False,False,False,False,False,False,False,False,False
unforgiven,Unforgiven,1992.0,130,8.2,375935,101157447,False,False,False,False,False,False,True,False,False,False,False,False,False,False,False,False,False,False,False,False,True
indiana jones and the last crusade,Indiana Jones and the Last Crusade,1989.0,127,8.2,692366,197171806,True,True,False,False,False,False,False,False,False,False,False,False,False,False,False,False,False,False,False,False,False
tonari no totoro,Tonari no Totoro,1988.0,86,8.2,291180,1105564,False,False,True,False,False,False,False,True,True,False,False,False,False,False,False,False,False,False,False,False,False
die hard,Die Hard,1988.0,132,8.2,793164,83008852,True,False,False,False,False,False,False,False,False,False,False,False,False,False,False,False,False,False,True,False,False
ran,Ran,1985.0,162,8.2,112505,4135750,True,False,False,False,False,False,True,False,False,False,False,False,False,False,False,False,False,False,False,True,False
raging bull,Raging Bull,1980.0,129,8.2,321860,23383987,False,False,False,True,False,False,True,False,False,False,False,False,False,False,False,False,False,True,False,False,False
monty python and the holy grail,Monty Python and the Holy Grail,1975.0,91,8.2,500875,1229197,False,True,False,False,True,False,False,False,True,False,False,False,False,False,False,False,False,False,False,False,False
the great escape,The Great Escape,1963.0,172,8.2,224730,12100000,False,True,False,False,False,False,True,False,False,False,True,False,False,False,False,False,False,False,False,False,False
some like it hot,Some Like It Hot,1959.0,121,8.2,243943,25000000,False,False,False,False,True,False,False,False,False,False,False,False,True,False,False,True,False,False,False,False,False
dial m for murder,Dial M for Murder,1954.0,105,8.2,158335,12562,False,False,False,False,False,True,False,False,False,False,False,False,False,False,False,False,False,False,True,False,False
all about eve,All About Eve,1950.0,138,8.2,120539,10177,False,False,False,False,False,False,True,False,False,False,False,False,False,False,False,False,False,False,False,False,False
the treasure of the sierra madre,The Treasure of the Sierra Madre,1948.0,126,8.2,114304,5014000,False,True,False,False,False,False,True,False,False,False,False,False,False,False,False,False,False,False,False,False,True
portrait de la jeune fille en feu,Portrait de la jeune fille en feu,2019.0,122,8.1,63134,3759854,False,False,False,False,False,False,True,False,False,False,False,False,False,False,False,True,False,False,False,False,False
ah ga ssi,Ah-ga-ssi,2016.0,145,8.1,113649,2006788,False,False,False,False,False,False,True,False,False,False,False,False,False,False,False,True,False,False,True,False,False
mommy,Mommy,2014.0,139,8.1,50700,3492754,False,False,False,False,False,False,True,False,False,False,False,False,False,False,False,False,False,False,False,False,False
logan,Logan,2017.0,137,8.1,647884,226277068,True,False,False,False,False,False,True,False,False,False,False,False,False,False,False,False,True,False,False,False,False
room,Room,2015.0,118,8.1,371538,14677674,False,False,False,False,False,False,True,False,False,False,False,False,False,False,False,False,False,False,True,False,False
relatos salvajes,Relatos salvajes,2014.0,122,8.1,177059,3107072,False,False,False,False,True,False,True,False,False,False,False,False,False,False,False,False,False,False,True,False,False
the grand budapest hotel,The Grand Budapest Hotel,2014.0,99,8.1,707630,59100318,False,True,False,False,True,True,False,False,False,False,False,False,False,False,False,False,False,False,False,False,False
gone girl,Gone Girl,2014.0,149,8.1,859695,167767189,False,False,False,False,False,False,True,False,False,False,False,False,False,False,True,False,False,False,True,False,False
hacksaw ridge,Hacksaw Ridge,2016.0,139,8.1,435928,67209615,False,False,False,True,False,False,True,False,False,False,True,False,False,False,False,False,False,False,False,False,False
inside out,Inside Out,2015.0,95,8.1,616228,356461711,False,True,True,False,True,False,False,False,False,False,False,False,False,False,False,False,False,False,False,False,False
12 years a slave,12 Years a Slave,2013.0,134,8.1,640533,56671993,False,False,False,True,False,False,True,False,False,False,True,False,False,False,False,False,False,False,False,False,False
rush,Rush,2013.0,123,8.1,432811,26947624,True,False,False,True,False,False,True,False,False,False,False,False,False,False,False,False,False,False,False,False,False
ford v ferrari,Ford v Ferrari,2019.0,152,8.1,291289,117624028,True,False,False,True,False,False,True,False,False,False,False,False,False,False,False,False,False,False,False,False,False
spotlight,Spotlight,2015.0,129,8.1,420316,45055776,False,False,False,True,False,True,True,False,False,False,False,False,False,False,False,False,False,False,False,False,False
song of the sea,Song of the Sea,2014.0,93,8.1,51679,857524,False,True,True,False,False,False,True,False,False,False,False,False,False,False,False,False,False,False,False,False,False
prisoners,Prisoners,2013.0,153,8.1,601149,61002302,False,False,False,False,False,True,True,False,False,False,False,False,False,False,True,False,False,False,False,False,False
mad max fury road,Mad Max: Fury Road,2015.0,120,8.1,882316,154058340,True,True,False,False,False,False,False,False,False,False,False,False,False,False,False,False,True,False,False,False,False
gran torino,Gran Torino,2008.0,116,8.1,720450,148095302,False,False,False,False,False,False,True,False,False,False,False,False,False,False,False,False,False,False,False,False,False
harry potter and the deathly hallows part 2,Harry Potter and the Deathly Hallows: Part 2,2011.0,130,8.1,764493,381011219,False,True,False,False,False,False,True,False,True,False,False,False,False,False,False,False,False,False,False,False,False
okuribito,Okuribito,2008.0,130,8.1,48582,1498210,False,False,False,False,False,False,True,False,False,False,False,False,True,False,False,False,False,False,False,False,False
how to train your dragon,How to Train Your Dragon,2010.0,98,8.1,666773,217581231,True,True,True,False,False,False,False,False,False,False,False,False,False,False,False,False,False,False,False,False,False
into the wild,Into the Wild,2007.0,148,8.1,572921,18354356,False,True,False,True,False,False,True,False,False,False,False,False,False,False,False,False,False,False,False,False,False
no country for old men,No Country for Old Men,2007.0,122,8.1,856916,74283625,False,False,False,False,False,True,True,False,False,False,False,False,False,False,False,False,False,False,True,False,False
million dollar baby,Million Dollar Baby,2004.0,132,8.1,635975,100492203,False,False,False,False,False,False,True,False,False,False,False,False,False,False,False,False,False,True,False,False,False
hotel rwanda,Hotel Rwanda,2004.0,121,8.1,334320,23530892,False,False,False,True,False,False,True,False,False,False,True,False,False,False,False,False,False,False,False,False,False
taegukgi hwinalrimyeo,Taegukgi hwinalrimyeo,2004.0,140,8.1,37820,1111061,True,False,False,False,False,False,True,False,False,False,False,False,False,False,False,False,False,False,False,True,False
before sunset,Before Sunset,2004.0,80,8.1,236311,5820649,False,False,False,False,False,False,True,False,False,False,False,False,False,False,False,True,False,False,False,False,False
salinui chueok,Salinui chueok,2003.0,131,8.1,139558,14131,False,False,False,False,False,True,True,False,False,False,False,False,False,False,True,False,False,False,False,False,False
kill bill vol 1,Kill Bill: Vol. 1,2003.0,111,8.1,1000639,70099045,True,False,False,False,False,True,True,False,False,False,False,False,False,False,False,False,False,False,False,False,False
finding nemo,Finding Nemo,2003.0,100,8.1,949565,380843261,False,True,True,False,True,False,False,False,False,False,False,False,False,False,False,False,False,False,False,False,False
catch me if you can,Catch Me If You Can,2002.0,141,8.1,832846,164615351,False,False,False,True,False,True,True,False,False,False,False,False,False,False,False,False,False,False,False,False,False
amores perros,Amores perros,2000.0,154,8.1,223741,5383834,False,False,False,False,False,False,True,False,False,False,False,False,False,False,False,False,False,False,True,False,False
monsters inc,"Monsters, Inc.",2001.0,92,8.1,815505,289916256,False,True,True,False,True,False,False,False,False,False,False,False,False,False,False,False,False,False,False,False,False
lagaan once upon a time in india,Lagaan: Once Upon a Time in India,2001.0,224,8.1,105036,70147,False,True,False,False,False,False,True,False,False,False,False,False,False,True,False,False,False,False,False,False,False
the sixth sense,The Sixth Sense,1999.0,107,8.1,911573,293506292,False,False,False,False,False,False,True,False,False,False,False,False,False,False,True,False,False,False,True,False,False
la leggenda del pianista sull oceano,La leggenda del pianista sull'oceano,1998.0,169,8.1,59020,259127,False,False,False,False,False,False,True,False,False,False,False,False,True,False,False,True,False,False,False,False,False
the truman show,The Truman Show,1998.0,103,8.1,939631,125618201,False,False,False,False,True,False,True,False,False,False,False,False,False,False,False,False,False,False,False,False,False
crna macka beli macor,"Crna macka, beli macor",1998.0,127,8.1,50862,348660,False,False,False,False,True,True,False,False,False,False,False,False,False,False,False,True,False,False,False,False,False
the big lebowski,The Big Lebowski,1998.0,117,8.1,732620,17498804,False,False,False,False,True,True,False,False,False,False,False,False,False,False,False,False,False,True,False,False,False
fa yeung nin wah,Fa yeung nin wah,2000.0,98,8.1,124383,2734044,False,False,False,False,False,False,True,False,False,False,False,False,False,False,False,True,False,False,False,False,False
trainspotting,Trainspotting,1996.0,93,8.1,634716,16501785,False,False,False,False,False,False,True,False,False,False,False,False,False,False,False,False,False,False,False,False,False
fargo,Fargo,1996.0,98,8.1,617444,24611975,False,False,False,False,False,True,True,False,False,False,False,False,False,False,False,False,False,False,True,False,False
before sunrise,Before Sunrise,1995.0,101,8.1,272291,5535405,False,False,False,False,False,False,True,False,False,False,False,False,False,False,False,True,False,False,False,False,False
trois couleurs rouge,Trois couleurs: Rouge,1994.0,99,8.1,90729,4043686,False,False,False,False,False,False,True,False,False,False,False,False,False,False,True,True,False,False,False,False,False
chung hing sam lam,Chung Hing sam lam,1994.0,102,8.1,63122,600200,False,False,False,False,True,True,True,False,False,False,False,False,False,False,False,False,False,False,False,False,False
jurassic park,Jurassic Park,1993.0,127,8.1,867615,402453882,True,True,False,False,False,False,False,False,False,False,False,False,False,False,False,False,True,False,False,False,False
in the name of the father,In the Name of the Father,1993.0,133,8.1,156842,25010410,False,False,False,True,False,True,True,False,False,False,False,False,False,False,False,False,False,False,False,False,False
dead poets society,Dead Poets Society,1989.0,128,8.1,425457,95860116,False,False,False,False,True,False,True,False,False,False,False,False,False,False,False,False,False,False,False,False,False
stand by me,Stand by Me,1986.0,89,8.1,363401,52287414,False,True,False,False,False,False,True,False,False,False,False,False,False,False,False,False,False,False,False,False,False
platoon,Platoon,1986.0,120,8.1,381222,138530565,False,False,False,False,False,False,True,False,False,False,False,False,False,False,False,False,False,False,False,True,False
paris texas,"Paris, Texas",1984.0,145,8.1,91188,2181987,False,False,False,False,False,False,True,False,False,False,False,False,False,False,False,False,False,False,False,False,False
kaze no tani no naushika,Kaze no tani no Naushika,1984.0,117,8.1,150924,495770,False,True,True,False,False,False,False,False,True,False,False,False,False,False,False,False,False,False,False,False,False
the thing,The Thing,1982.0,109,8.1,371271,13782838,False,False,False,False,False,False,False,False,False,False,False,True,False,False,True,False,True,False,False,False,False
pink floyd the wall,Pink Floyd: The Wall,1982.0,95,8.1,76081,22244207,False,False,False,False,False,False,True,False,True,False,False,False,True,False,False,False,False,False,False,False,False
fanny och alexander,Fanny och Alexander,1982.0,188,8.1,57784,4971340,False,False,False,False,False,False,True,False,False,False,False,False,False,False,False,False,False,False,False,False,False
blade runner,Blade Runner,1982.0,117,8.1,693827,32868943,True,False,False,False,False,False,False,False,False,False,False,False,False,False,False,False,True,False,True,False,False
life of brian,Life of Brian,1979.0,94,8.1,367250,20045115,False,False,False,False,True,False,False,False,False,False,False,False,False,False,False,False,False,False,False,False,False
the deer hunter,The Deer Hunter,1978.0,183,8.1,311361,48979328,False,False,False,False,False,False,True,False,False,False,False,False,False,False,False,False,False,False,False,True,False
rocky,Rocky,1976.0,120,8.1,518546,117235247,False,False,False,False,False,False,True,False,False,False,False,False,False,False,False,False,False,True,False,False,False
chinatown,Chinatown,1974.0,130,8.1,294230,29000000,False,False,False,False,False,False,True,False,False,False,False,False,False,False,True,False,False,False,True,False,False
paper moon,Paper Moon,1973.0,102,8.1,42285,30933743,False,False,False,False,True,True,True,False,False,False,False,False,False,False,False,False,False,False,False,False,False
cool hand luke,Cool Hand Luke,1967.0,127,8.1,161984,16217773,False,False,False,False,False,True,True,False,False,False,False,False,False,False,False,False,False,False,False,False,False
what ever happened to baby jane,What Ever Happened to Baby Jane?,1962.0,134,8.1,50058,4050000,False,False,False,False,False,False,True,False,False,False,False,True,False,False,False,False,False,False,True,False,False
ben hur,Ben-Hur,1959.0,212,8.1,219466,74700000,False,True,False,False,False,False,True,False,False,False,True,False,False,False,False,False,False,False,False,False,False
the bridge on the river kwai,The Bridge on the River Kwai,1957.0,161,8.1,203463,44908000,False,True,False,False,False,False,True,False,False,False,False,False,False,False,False,False,False,False,False,True,False
on the waterfront,On the Waterfront,1954.0,108,8.1,142107,9600000,False,False,False,False,False,True,True,False,False,False,False,False,False,False,False,False,False,False,True,False,False
ace in the hole,Ace in the Hole,1951.0,111,8.1,31568,3969893,False,False,False,False,False,False,True,False,False,True,False,False,False,False,False,False,False,False,False,False,False
the third man,The Third Man,1949.0,104,8.1,158731,449191,False,False,False,False,False,False,False,False,False,True,False,False,False,False,True,False,False,False,True,False,False
rebecca,Rebecca,1940.0,130,8.1,123942,4360000,False,False,False,False,False,False,True,False,False,False,False,False,False,False,True,True,False,False,False,False,False
mr smith goes to washington,Mr. Smith Goes to Washington,1939.0,129,8.1,107017,9600000,False,False,False,False,True,False,True,False,False,False,False,False,False,False,False,False,False,False,False,False,False
gone with the wind,Gone with the Wind,1939.0,238,8.1,290074,198676459,False,False,False,False,False,False,True,False,False,False,True,False,False,False,False,True,False,False,False,False,False
it happened one night,It Happened One Night,1934.0,105,8.1,94016,4360000,False,False,False,False,True,False,False,False,False,False,False,False,False,False,False,True,False,False,False,False,False
la la land,La La Land,2016.0,128,8.0,505918,151101803,False,False,False,False,True,False,True,False,False,False,False,False,True,False,False,False,False,False,False,False,False
lion,Lion,2016.0,118,8.0,213970,51739495,False,False,False,True,False,False,True,False,False,False,False,False,False,False,False,False,False,False,False,False,False
the martian,The Martian,2015.0,144,8.0,760094,228433663,False,True,False,False,False,False,True,False,False,False,False,False,False,False,False,False,True,False,False,False,False
zootopia,Zootopia,2016.0,108,8.0,434143,341268248,False,True,True,False,True,False,False,False,False,False,False,False,False,False,False,False,False,False,False,False,False
kaguyahime no monogatari,Kaguyahime no monogatari,2013.0,137,8.0,38746,1506975,False,True,True,False,False,False,True,False,False,False,False,False,False,False,False,False,False,False,False,False,False
wonder,Wonder,2017.0,113,8.0,141923,132422809,False,False,False,False,False,False,True,True,False,False,False,False,False,False,False,False,False,False,False,False,False
gully boy,Gully Boy,2019.0,154,8.0,31886,5566534,False,False,False,False,False,False,True,False,False,False,False,False,True,False,False,True,False,False,False,False,False
short term 12,Short Term 12,2013.0,96,8.0,81770,1010414,False,False,False,False,False,False,True,False,False,False,False,False,False,False,False,False,False,False,False,False,False
serbuan maut 2 berandal,Serbuan maut 2: Berandal,2014.0,150,8.0,114316,2625803,True,False,False,False,False,True,False,False,False,False,False,False,False,False,False,False,False,False,True,False,False
the imitation game,The Imitation Game,2014.0,114,8.0,685201,91125683,False,False,False,True,False,False,True,False,False,False,False,False,False,False,False,False,False,False,True,False,False
guardians of the galaxy,Guardians of the Galaxy,2014.0,121,8.0,1043455,333176600,True,True,False,False,True,False,False,False,False,False,False,False,False,False,False,False,False,False,False,False,False
blade runner 2049,Blade Runner 2049,2017.0,164,8.0,461823,92054159,True,False,False,False,False,False,True,False,False,False,False,False,False,False,True,False,False,False,False,False,False
her,Her,2013.0,126,8.0,540772,25568251,False,False,False,False,False,False,True,False,False,False,False,False,False,False,False,True,True,False,False,False,False
bohemian rhapsody,Bohemian Rhapsody,2018.0,134,8.0,450349,216428042,False,False,False,True,False,False,True,False,False,False,False,False,True,False,False,False,False,False,False,False,False
the revenant,The Revenant,2015.0,156,8.0,705589,183637894,True,True,False,False,False,False,True,False,False,False,False,False,False,False,False,False,False,False,False,False,False
the perks of being a wallflower,The Perks of Being a Wallflower,2012.0,103,8.0,462252,17738570,False,False,False,False,False,False,True,False,False,False,False,False,False,False,False,True,False,False,False,False,False
the king s speech,The King's Speech,2010.0,118,8.0,639603,138797449,False,False,False,True,False,False,True,False,False,False,True,False,False,False,False,False,False,False,False,False,False
the help,The Help,2011.0,146,8.0,428521,169708112,False,False,False,False,False,False,True,False,False,False,False,False,False,False,False,False,False,False,False,False,False
deadpool,Deadpool,2016.0,108,8.0,902669,363070709,True,True,False,False,True,False,False,False,False,False,False,False,False,False,False,False,False,False,False,False,False
darbareye elly,Darbareye Elly,2009.0,119,8.0,45803,106662,False,False,False,False,False,False,True,False,False,False,False,False,False,False,True,False,False,False,False,False,False
my name is khan,My Name Is Khan,2010.0,165,8.0,98575,4018695,False,False,False,False,False,False,True,False,False,False,False,False,False,False,False,False,False,False,False,False,False
slumdog millionaire,Slumdog Millionaire,2008.0,120,8.0,798882,141319928,False,False,False,False,False,False,True,False,False,False,False,False,False,False,False,True,False,False,False,False,False
black swan,Black Swan,2010.0,108,8.0,699673,106954678,False,False,False,False,False,False,True,False,False,False,False,False,False,False,False,False,False,False,True,False,False
tropa de elite,Tropa de Elite,2007.0,115,8.0,98097,8060,True,False,False,False,False,True,True,False,False,False,False,False,False,False,False,False,False,False,False,False,False
the avengers,The Avengers,2012.0,143,8.0,1260806,623279547,True,True,False,False,False,False,False,False,False,False,False,False,False,False,False,False,True,False,False,False,False
persepolis,Persepolis,2007.0,96,8.0,88656,4445756,False,False,True,True,False,False,True,False,False,False,False,False,False,False,False,False,False,False,False,False,False
dallas buyers club,Dallas Buyers Club,2013.0,117,8.0,441614,27298285,False,False,False,True,False,False,True,False,False,False,False,False,False,False,False,False,False,False,False,False,False
the pursuit of happyness,The Pursuit of Happyness,2006.0,117,8.0,448930,163566459,False,False,False,True,False,False,True,False,False,False,False,False,False,False,False,False,False,False,False,False,False
blood diamond,Blood Diamond,2006.0,143,8.0,499439,57366262,False,True,False,False,False,False,True,False,False,False,False,False,False,False,False,False,False,False,True,False,False
the bourne ultimatum,The Bourne Ultimatum,2007.0,115,8.0,604694,227471070,True,False,False,False,False,False,False,False,False,False,False,False,False,False,True,False,False,False,True,False,False
bin jip,Bin-jip,2004.0,88,8.0,50610,238507,False,False,False,False,False,True,True,False,False,False,False,False,False,False,False,True,False,False,False,False,False
sin city,Sin City,2005.0,124,8.0,738512,74103820,False,False,False,False,False,True,False,False,False,False,False,False,False,False,False,False,False,False,True,False,False
le scaphandre et le papillon,Le scaphandre et le papillon,2007.0,112,8.0,103284,5990075,False,False,False,True,False,False,True,False,False,False,False,False,False,False,False,False,False,False,False,False,False
ratatouille,Ratatouille,2007.0,111,8.0,641645,206445654,False,True,True,False,True,False,False,False,False,False,False,False,False,False,False,False,False,False,False,False,False
casino royale,Casino Royale,2006.0,144,8.0,582239,167445960,True,True,False,False,False,False,False,False,False,False,False,False,False,False,False,False,False,False,True,False,False
kill bill vol 2,Kill Bill: Vol. 2,2004.0,137,8.0,683900,66208183,True,False,False,False,False,True,False,False,False,False,False,False,False,False,False,False,False,False,True,False,False
bom yeoareum gaeul gyeoul geurigo bom,Bom Yeoareum Gaeul Gyeoul Geurigo Bom,2003.0,103,8.0,77520,2380788,False,False,False,False,False,False,True,False,False,False,False,False,False,False,False,True,False,False,False,False,False
mar adentro,Mar adentro,2014.0,126,8.0,77554,2086345,False,False,False,True,False,False,True,False,False,False,False,False,False,False,False,False,False,False,False,False,False
cinderella man,Cinderella Man,2005.0,144,8.0,176151,61649911,False,False,False,True,False,False,True,False,False,False,True,False,False,False,False,False,False,False,False,False,False
kal ho naa ho,Kal Ho Naa Ho,2003.0,186,8.0,63460,1787378,False,False,False,False,True,False,True,False,False,False,False,False,False,True,False,False,False,False,False,False,False
mou gaan dou,Mou gaan dou,2002.0,101,8.0,117857,169659,True,False,False,False,False,True,True,False,False,False,False,False,False,False,False,False,False,False,False,False,False
pirates of the caribbean the curse of the black pearl,Pirates of the Caribbean: The Curse of the Black Pearl,2003.0,143,8.0,1015122,305413918,True,True,False,False,False,False,False,False,True,False,False,False,False,False,False,False,False,False,False,False,False
big fish,Big Fish,2003.0,125,8.0,415218,66257002,False,True,False,False,False,False,True,False,True,False,False,False,False,False,False,False,False,False,False,False,False
the incredibles,The Incredibles,2004.0,115,8.0,657047,261441092,True,True,True,False,False,False,False,False,False,False,False,False,False,False,False,False,False,False,False,False,False
dogville,Dogville,2003.0,178,8.0,137963,1530386,False,False,False,False,False,True,True,False,False,False,False,False,False,False,False,False,False,False,False,False,False
donnie darko,Donnie Darko,2001.0,113,8.0,740086,1480006,False,False,False,False,False,False,True,False,False,False,False,False,False,False,True,False,True,False,False,False,False
magnolia,Magnolia,1999.0,188,8.0,289742,22455976,False,False,False,False,False,False,True,False,False,False,False,False,False,False,False,False,False,False,False,False,False
dancer in the dark,Dancer in the Dark,2000.0,140,8.0,102285,4184036,False,False,False,False,False,True,True,False,False,False,False,False,False,True,False,False,False,False,False,False,False
the straight story,The Straight Story,1999.0,112,8.0,82002,6203044,False,False,False,True,False,False,True,False,False,False,False,False,False,False,False,False,False,False,False,False,False
festen,Festen,1998.0,105,8.0,78341,1647780,False,False,False,False,False,False,True,False,False,False,False,False,False,False,False,False,False,False,False,False,False
central do brasil,Central do Brasil,1998.0,110,8.0,36419,5595428,False,False,False,False,False,False,True,False,False,False,False,False,False,False,False,False,False,False,False,False,False
the iron giant,The Iron Giant,1999.0,86,8.0,172083,23159305,True,True,True,False,False,False,False,False,False,False,False,False,False,False,False,False,False,False,False,False,False
sling blade,Sling Blade,1996.0,135,8.0,86838,24475416,False,False,False,False,False,False,True,False,False,False,False,False,False,False,False,False,False,False,False,False,False
secrets lies,Secrets & Lies,1996.0,136,8.0,37564,13417292,False,False,False,False,True,False,True,False,False,False,False,False,False,False,False,False,False,False,False,False,False
twelve monkeys,Twelve Monkeys,1995.0,129,8.0,578443,57141459,False,False,False,False,False,False,False,False,False,False,False,False,False,False,True,False,True,False,True,False,False
kokaku kidotai,Kôkaku Kidôtai,1995.0,83,8.0,129231,515905,True,False,True,False,False,True,False,False,False,False,False,False,False,False,False,False,False,False,False,False,False
the nightmare before christmas,The Nightmare Before Christmas,1993.0,76,8.0,300208,75082668,False,False,True,False,False,False,False,True,True,False,False,False,False,False,False,False,False,False,False,False,False
groundhog day,Groundhog Day,1993.0,101,8.0,577991,70906973,False,False,False,False,True,False,False,False,True,False,False,False,False,False,False,True,False,False,False,False,False
bound by honor,Bound by Honor,1993.0,180,8.0,28825,4496583,False,False,False,False,False,True,True,False,False,False,False,False,False,False,False,False,False,False,False,False,False
scent of a woman,Scent of a Woman,1992.0,156,8.0,263918,63895607,False,False,False,False,False,False,True,False,False,False,False,False,False,False,False,False,False,False,False,False,False
aladdin,Aladdin,1992.0,90,8.0,373845,217350219,False,True,True,False,True,False,False,False,False,False,False,False,False,False,False,False,False,False,False,False,False
jfk,JFK,1991.0,189,8.0,142110,70405498,False,False,False,False,False,False,True,False,False,False,True,False,False,False,False,False,False,False,True,False,False
beauty and the beast,Beauty and the Beast,1991.0,84,8.0,417178,218967620,False,False,True,False,False,False,False,True,True,False,False,False,False,False,False,False,False,False,False,False,False
dances with wolves,Dances with Wolves,1990.0,181,8.0,240266,184208848,False,True,False,False,False,False,True,False,False,False,False,False,False,False,False,False,False,False,False,False,True
do the right thing,Do the Right Thing,1989.0,120,8.0,89429,27545445,False,False,False,False,True,False,True,False,False,False,False,False,False,False,False,False,False,False,False,False,False
rain man,Rain Man,1988.0,133,8.0,473064,178800000,False,False,False,False,False,False,True,False,False,False,False,False,False,False,False,False,False,False,False,False,False
the princess bride,The Princess Bride,1987.0,98,8.0,393899,30857814,False,True,False,False,False,False,False,True,True,False,False,False,False,False,False,False,False,False,False,False,False
der himmel uber berlin,Der Himmel über Berlin,1987.0,128,8.0,64722,3333969,False,False,False,False,False,False,True,False,True,False,False,False,False,False,False,True,False,False,False,False,False
au revoir les enfants,Au revoir les enfants,1987.0,104,8.0,31163,4542825,False,False,False,False,False,False,True,False,False,False,False,False,False,False,False,False,False,False,False,True,False
the terminator,The Terminator,1984.0,107,8.0,799795,38400000,True,False,False,False,False,False,False,False,False,False,False,False,False,False,False,False,True,False,False,False,False
gandhi,Gandhi,1982.0,191,8.0,217664,52767889,False,False,False,True,False,False,True,False,False,False,True,False,False,False,False,False,False,False,False,False,False
being there,Being There,1979.0,130,8.0,65625,30177511,False,False,False,False,True,False,True,False,False,False,False,False,False,False,False,False,False,False,False,False,False
annie hall,Annie Hall,1977.0,93,8.0,251823,39200000,False,False,False,False,True,False,False,False,False,False,False,False,False,False,False,True,False,False,False,False,False
jaws,Jaws,1975.0,124,8.0,543388,260000000,False,True,False,False,False,False,False,False,False,False,False,False,False,False,False,False,False,False,True,False,False
dog day afternoon,Dog Day Afternoon,1975.0,125,8.0,235652,50000000,False,False,False,True,False,True,True,False,False,False,False,False,False,False,False,False,False,False,False,False,False
young frankenstein,Young Frankenstein,1974.0,106,8.0,143359,86300000,False,False,False,False,True,False,False,False,False,False,False,False,False,False,False,False,False,False,False,False,False
papillon,Papillon,1973.0,151,8.0,121627,53267000,False,False,False,True,False,True,True,False,False,False,False,False,False,False,False,False,False,False,False,False,False
the exorcist,The Exorcist,1973.0,122,8.0,362393,232906145,False,False,False,False,False,False,False,False,False,False,False,True,False,False,False,False,False,False,False,False,False
the last picture show,The Last Picture Show,1971.0,118,8.0,42456,29133000,False,False,False,False,False,False,True,False,False,False,False,False,False,False,False,True,False,False,False,False,False
fiddler on the roof,Fiddler on the Roof,1971.0,181,8.0,39491,80500000,False,False,False,False,False,False,True,True,False,False,False,False,False,True,False,False,False,False,False,False,False
il conformista,Il conformista,1970.0,113,8.0,27067,541940,False,False,False,False,False,False,True,False,False,False,False,False,False,False,False,False,False,False,False,False,False
butch cassidy and the sundance kid,Butch Cassidy and the Sundance Kid,1969.0,110,8.0,201888,102308889,False,False,False,True,False,True,True,False,False,False,False,False,False,False,False,False,False,False,False,False,False
planet of the apes,Planet of the Apes,1968.0,112,8.0,165167,33395426,False,True,False,False,False,False,False,False,False,False,False,False,False,False,False,False,True,False,False,False,False
the graduate,The Graduate,1967.0,106,8.0,253676,104945305,False,False,False,False,True,False,True,False,False,False,False,False,False,False,False,True,False,False,False,False,False
the sound of music,The Sound of Music,1965.0,172,8.0,205425,163214286,False,False,False,True,False,False,True,True,False,False,False,False,False,False,False,False,False,False,False,False,False
doctor zhivago,Doctor Zhivago,1965.0,197,8.0,69903,111722000,False,False,False,False,False,False,True,False,False,False,False,False,False,False,False,True,False,False,False,True,False
per un pugno di dollari,Per un pugno di dollari,1964.0,99,8.0,198219,14500000,True,False,False,False,False,False,True,False,False,False,False,False,False,False,False,False,False,False,False,False,True
the hustler,The Hustler,1961.0,134,8.0,75067,8284000,False,False,False,False,False,False,True,False,False,False,False,False,False,False,False,False,False,True,False,False,False
la dolce vita,La dolce vita,1960.0,174,8.0,66621,19516000,False,False,False,False,True,False,True,False,False,False,False,False,False,False,False,False,False,False,False,False,False
rio bravo,Rio Bravo,1959.0,141,8.0,56305,12535000,True,False,False,False,False,False,True,False,False,False,False,False,False,False,False,False,False,False,False,False,True
touch of evil,Touch of Evil,1958.0,95,8.0,98431,2237659,False,False,False,False,False,True,True,False,False,True,False,False,False,False,False,False,False,False,False,False,False
cat on a hot tin roof,Cat on a Hot Tin Roof,1958.0,108,8.0,45062,17570324,False,False,False,False,False,False,True,False,False,False,False,False,False,False,False,False,False,False,False,False,False
a streetcar named desire,A Streetcar Named Desire,1951.0,122,8.0,99182,8000000,False,False,False,False,False,False,True,False,False,False,False,False,False,False,False,False,False,False,False,False,False
the best years of our lives,The Best Years of Our Lives,1946.0,170,8.0,57259,23650000,False,False,False,False,False,False,True,False,False,False,False,False,False,False,False,True,False,False,False,True,False
the grapes of wrath,The Grapes of Wrath,1940.0,129,8.0,85559,55000,False,False,False,False,False,False,True,False,False,False,True,False,False,False,False,False,False,False,False,False,False
the wizard of oz,The Wizard of Oz,1939.0,102,8.0,371379,2076020,False,True,False,False,False,False,False,True,True,False,False,False,False,False,False,False,False,False,False,False,False
all quiet on the western front,All Quiet on the Western Front,1930.0,152,8.0,57318,3270000,False,False,False,False,False,False,True,False,False,False,False,False,False,False,False,False,False,False,False,True,False
knives out,Knives Out,2019.0,130,7.9,454203,165359751,False,False,False,False,True,True,True,False,False,False,False,False,False,False,False,False,False,False,False,False,False
manbiki kazoku,Manbiki kazoku,2018.0,121,7.9,62754,3313513,False,False,False,False,False,True,True,False,False,False,False,False,False,False,False,False,False,False,False,False,False
marriage story,Marriage Story,2019.0,137,7.9,246644,2000000,False,False,False,False,True,False,True,False,False,False,False,False,False,False,False,True,False,False,False,False,False
call me by your name,Call Me by Your Name,2017.0,132,7.9,212651,18095701,False,False,False,False,False,False,True,False,False,False,False,False,False,False,False,True,False,False,False,False,False
i daniel blake,"I, Daniel Blake",2016.0,100,7.9,53818,258168,False,False,False,False,False,False,True,False,False,False,False,False,False,False,False,False,False,False,False,False,False
isle of dogs,Isle of Dogs,2018.0,101,7.9,139114,32015231,False,True,True,False,True,False,False,False,False,False,False,False,False,False,False,False,False,False,False,False,False
hunt for the wilderpeople,Hunt for the Wilderpeople,2016.0,101,7.9,111483,5202582,False,True,False,False,True,False,True,False,False,False,False,False,False,False,False,False,False,False,False,False,False
captain fantastic,Captain Fantastic,2016.0,118,7.9,189400,5875006,False,False,False,False,True,False,True,False,False,False,False,False,False,False,False,False,False,False,False,False,False
sing street,Sing Street,2016.0,106,7.9,85109,3237118,False,False,False,False,True,False,True,False,False,False,False,False,True,False,False,False,False,False,False,False,False
thor ragnarok,Thor: Ragnarok,2017.0,130,7.9,587775,315058289,True,True,False,False,True,False,False,False,False,False,False,False,False,False,False,False,False,False,False,False,False
nightcrawler,Nightcrawler,2014.0,117,7.9,466134,32381218,False,False,False,False,False,True,True,False,False,False,False,False,False,False,False,False,False,False,True,False,False
jojo rabbit,Jojo Rabbit,2019.0,108,7.9,297918,349555,False,False,False,False,True,False,True,False,False,False,False,False,False,False,False,False,False,False,False,True,False
arrival,Arrival,2016.0,116,7.9,594181,100546139,False,False,False,False,False,False,True,False,False,False,False,False,False,False,False,False,True,False,False,False,False
star wars episode vii the force awakens,Star Wars: Episode VII - The Force Awakens,2015.0,138,7.9,860823,936662225,True,True,False,False,False,False,False,False,False,False,False,False,False,False,False,False,True,False,False,False,False
before midnight,Before Midnight,2013.0,109,7.9,141457,8114627,False,False,False,False,False,False,True,False,False,False,False,False,False,False,False,True,False,False,False,False,False
x men days of future past,X-Men: Days of Future Past,2014.0,132,7.9,659763,233921534,True,True,False,False,False,False,False,False,False,False,False,False,False,False,False,False,True,False,False,False,False
the artist,The Artist,2011.0,100,7.9,230624,44671682,False,False,False,False,True,False,True,False,False,False,False,False,False,False,False,True,False,False,False,False,False
edge of tomorrow,Edge of Tomorrow,2014.0,113,7.9,600004,100206256,True,True,False,False,False,False,False,False,False,False,False,False,False,False,False,False,True,False,False,False,False
amour,Amour,2012.0,127,7.9,93090,6739492,False,False,False,False,False,False,True,False,False,False,False,False,False,False,False,True,False,False,False,False,False
the irishman,The Irishman,2019.0,209,7.9,324720,7000000,False,False,False,True,False,True,True,False,False,False,False,False,False,False,False,False,False,False,False,False,False
un prophete,Un prophète,2009.0,155,7.9,93560,2084637,False,False,False,False,False,True,True,False,False,False,False,False,False,False,False,False,False,False,False,False,False
moon,Moon,2009.0,97,7.9,335152,5009677,False,False,False,False,False,False,True,False,False,False,False,False,False,False,True,False,True,False,False,False,False
lat den ratte komma in,Låt den rätte komma in,2008.0,114,7.9,205609,2122065,False,False,False,False,False,True,True,False,True,False,False,False,False,False,False,False,False,False,False,False,False
district 9,District 9,2009.0,112,7.9,638202,115646235,True,False,False,False,False,False,False,False,False,False,False,False,False,False,False,False,True,False,True,False,False
the wrestler,The Wrestler,2008.0,109,7.9,289415,26236603,False,False,False,False,False,False,True,False,False,False,False,False,False,False,False,False,False,True,False,False,False
boyhood,Boyhood,2014.0,165,7.9,335533,25379975,False,False,False,False,False,False,True,False,False,False,False,False,False,False,False,False,False,False,False,False,False
star trek,Star Trek,2009.0,127,7.9,577336,257730019,True,True,False,False,False,False,False,False,False,False,False,False,False,False,False,False,True,False,False,False,False
in bruges,In Bruges,2008.0,107,7.9,390334,7757130,False,False,False,False,True,True,True,False,False,False,False,False,False,False,False,False,False,False,False,False,False
letters from iwo jima,Letters from Iwo Jima,2006.0,141,7.9,154011,13756082,True,True,False,False,False,False,True,False,False,False,False,False,False,False,False,False,False,False,False,False,False
the fall,The Fall,2006.0,117,7.9,107290,2280348,False,True,False,False,False,False,True,False,True,False,False,False,False,False,False,False,False,False,False,False,False
life of pi,Life of Pi,2012.0,127,7.9,580708,124987023,False,True,False,False,False,False,True,False,True,False,False,False,False,False,False,False,False,False,False,False,False
fantastic mr fox,Fantastic Mr. Fox,2009.0,87,7.9,199696,21002919,False,True,True,False,True,False,False,False,False,False,False,False,False,False,False,False,False,False,False,False,False
les choristes,Les choristes,2004.0,97,7.9,57430,3635164,False,False,False,False,False,False,True,False,False,False,False,False,True,False,False,False,False,False,False,False,False
iron man,Iron Man,2008.0,126,7.9,939644,318412101,True,True,False,False,False,False,False,False,False,False,False,False,False,False,False,False,True,False,False,False,False
shaun of the dead,Shaun of the Dead,2004.0,99,7.9,512249,13542874,False,False,False,False,True,False,False,False,False,False,False,True,False,False,False,False,False,False,False,False,False
mystic river,Mystic River,2003.0,138,7.9,419420,90135191,False,False,False,False,False,True,True,False,False,False,False,False,False,False,True,False,False,False,False,False,False
harry potter and the prisoner of azkaban,Harry Potter and the Prisoner of Azkaban,2004.0,142,7.9,552493,249358727,False,True,False,False,False,False,False,True,True,False,False,False,False,False,False,False,False,False,False,False,False
ying xiong,Ying xiong,2002.0,120,7.9,173999,53710019,True,True,False,False,False,False,False,False,False,False,True,False,False,False,False,False,False,False,False,False,False
hable con ella,Hable con ella,2002.0,112,7.9,104691,9284265,False,False,False,False,False,False,True,False,False,False,False,False,False,False,True,True,False,False,False,False,False
no man s land,No Man's Land,2001.0,98,7.9,44618,1059830,False,False,False,False,True,False,True,False,False,False,False,False,False,False,False,False,False,False,False,True,False
cowboy bebop tengoku no tobira,Cowboy Bebop: Tengoku no tobira,2001.0,115,7.9,42897,1000045,True,False,True,False,False,True,False,False,False,False,False,False,False,False,False,False,False,False,False,False,False
the bourne identity,The Bourne Identity,2002.0,119,7.9,508771,121661683,True,False,False,False,False,False,False,False,False,False,False,False,False,False,True,False,False,False,True,False,False
nueve reinas,Nueve reinas,2000.0,114,7.9,49721,1221261,False,False,False,False,False,True,True,False,False,False,False,False,False,False,False,False,False,False,True,False,False
children of men,Children of Men,2006.0,109,7.9,465113,35552383,False,True,False,False,False,False,True,False,False,False,False,False,False,False,False,False,True,False,False,False,False
almost famous,Almost Famous,2000.0,122,7.9,252586,32534850,False,True,False,False,True,False,True,False,False,False,False,False,False,False,False,False,False,False,False,False,False
mulholland dr,Mulholland Dr.,2001.0,147,7.9,322031,7220243,False,False,False,False,False,False,True,False,False,False,False,False,False,False,True,False,False,False,True,False,False
toy story 2,Toy Story 2,1999.0,92,7.9,527512,245852179,False,True,True,False,True,False,False,False,False,False,False,False,False,False,False,False,False,False,False,False,False
boogie nights,Boogie Nights,1997.0,155,7.9,239473,26400640,False,False,False,False,False,False,True,False,False,False,False,False,False,False,False,False,False,False,False,False,False
once were warriors,Once Were Warriors,1994.0,102,7.9,31590,2201126,False,False,False,False,False,True,True,False,False,False,False,False,False,False,False,False,False,False,False,False,False
true romance,True Romance,1993.0,119,7.9,206918,12281500,False,False,False,False,False,True,True,False,False,False,False,False,False,False,False,True,False,False,False,False,False
trois couleurs bleu,Trois couleurs: Bleu,1993.0,94,7.9,89836,1324974,False,False,False,False,False,False,True,False,False,False,False,False,True,False,True,False,False,False,False,False,False
carlito s way,Carlito's Way,1993.0,144,7.9,201000,36948322,False,False,False,False,False,True,True,False,False,False,False,False,False,False,False,False,False,False,True,False,False
edward scissorhands,Edward Scissorhands,1990.0,105,7.9,447368,56362352,False,False,False,False,False,False,True,False,True,False,False,False,False,False,False,True,False,False,False,False,False
my left foot the story of christy brown,My Left Foot: The Story of Christy Brown,1989.0,103,7.9,68076,14743391,False,False,False,True,False,False,True,False,False,False,False,False,False,False,False,False,False,False,False,False,False
crimes and misdemeanors,Crimes and Misdemeanors,1989.0,104,7.9,54670,18254702,False,False,False,False,True,False,True,False,False,False,False,False,False,False,False,False,False,False,False,False,False
the untouchables,The Untouchables,1987.0,119,7.9,281842,76270454,False,False,False,False,False,True,True,False,False,False,False,False,False,False,False,False,False,False,True,False,False
hannah and her sisters,Hannah and Her Sisters,1986.0,107,7.9,67176,40084041,False,False,False,False,True,False,True,False,False,False,False,False,False,False,False,False,False,False,False,False,False
brazil,Brazil,1985.0,132,7.9,187567,9929135,False,False,False,False,False,False,True,False,False,False,False,False,False,False,False,False,True,False,False,False,False
this is spinal tap,This Is Spinal Tap,1984.0,82,7.9,128812,188751,False,False,False,False,True,False,False,False,False,False,False,False,True,False,False,False,False,False,False,False,False
a christmas story,A Christmas Story,1983.0,93,7.9,132947,20605209,False,False,False,False,True,False,False,True,False,False,False,False,False,False,False,False,False,False,False,False,False
the blues brothers,The Blues Brothers,1980.0,133,7.9,183182,57229890,True,True,False,False,True,False,False,False,False,False,False,False,False,False,False,False,False,False,False,False,False
manhattan,Manhattan,1979.0,96,7.9,131436,45700000,False,False,False,False,True,False,True,False,False,False,False,False,False,False,False,True,False,False,False,False,False
all that jazz,All That Jazz,1979.0,123,7.9,28223,37823676,False,False,False,False,False,False,True,False,False,False,False,False,True,True,False,False,False,False,False,False,False
dawn of the dead,Dawn of the Dead,1978.0,127,7.9,111512,5100000,True,True,False,False,False,False,False,False,False,False,False,True,False,False,False,False,False,False,False,False,False
all the president s men,All the President's Men,1976.0,138,7.9,103031,70600000,False,False,False,True,False,False,True,False,False,False,True,False,False,False,False,False,False,False,False,False,False
la montana sagrada,La montaña sagrada,1973.0,114,7.9,37183,61001,False,True,False,False,False,False,True,False,True,False,False,False,False,False,False,False,False,False,False,False,False
le charme discret de la bourgeoisie,Le charme discret de la bourgeoisie,1972.0,102,7.9,38737,198809,False,False,False,False,True,False,False,False,False,False,False,False,False,False,False,False,False,False,False,False,False
patton,Patton,1970.0,172,7.9,93741,61700000,False,False,False,True,False,False,True,False,False,False,False,False,False,False,False,False,False,False,False,True,False
the wild bunch,The Wild Bunch,1969.0,145,7.9,77401,12064472,True,True,False,False,False,False,False,False,False,False,False,False,False,False,False,False,False,False,False,False,True
in the heat of the night,In the Heat of the Night,1967.0,110,7.9,67804,24379978,False,False,False,False,False,True,True,False,False,False,False,False,False,False,True,False,False,False,False,False,False
charade,Charade,1963.0,113,7.9,68689,13474588,False,False,False,False,True,False,False,False,False,False,False,False,False,False,True,True,False,False,False,False,False
spartacus,Spartacus,1960.0,197,7.9,124339,30000000,False,True,False,True,False,False,True,False,False,False,False,False,False,False,False,False,False,False,False,False,False
high noon,High Noon,1952.0,85,7.9,97222,9450000,False,False,False,False,False,False,True,False,False,False,False,False,False,False,False,False,False,False,True,False,True
strangers on a train,Strangers on a Train,1951.0,101,7.9,123341,7630000,False,False,False,False,False,True,False,False,False,True,False,False,False,False,False,False,False,False,True,False,False
notorious,Notorious,1946.0,102,7.9,92306,10464000,False,False,False,False,False,False,True,False,False,True,False,False,False,False,False,True,False,False,False,False,False
the adventures of robin hood,The Adventures of Robin Hood,1938.0,102,7.9,47175,3981000,True,True,False,False,False,False,False,False,False,False,False,False,False,False,False,True,False,False,False,False,False
king kong,King Kong,1933.0,100,7.9,78991,10000000,False,True,False,False,False,False,False,False,False,False,False,True,False,False,False,False,True,False,False,False,False
forushande,Forushande,2016.0,124,7.8,51240,2402067,False,False,False,False,False,False,True,False,False,False,False,False,False,False,False,False,False,False,False,False,False
dunkirk,Dunkirk,2017.0,106,7.8,555092,188373161,True,False,False,False,False,False,True,False,False,False,True,False,False,False,False,False,False,False,False,False,False
hidden figures,Hidden Figures,2016.0,127,7.8,200876,169607287,False,False,False,True,False,False,True,False,False,False,True,False,False,False,False,False,False,False,False,False,False
paddington 2,Paddington 2,2017.0,103,7.8,61594,40442052,False,True,False,False,True,False,False,True,False,False,False,False,False,False,False,False,False,False,False,False,False
kubo and the two strings,Kubo and the Two Strings,2016.0,101,7.8,118035,48023088,True,True,True,False,False,False,False,False,False,False,False,False,False,False,False,False,False,False,False,False,False
manchester by the sea,Manchester by the Sea,2016.0,137,7.8,246963,47695120,False,False,False,False,False,False,True,False,False,False,False,False,False,False,False,False,False,False,False,False,False
under sandet,Under sandet,2015.0,100,7.8,35539,435266,False,False,False,False,False,False,True,False,False,False,True,False,False,False,False,False,False,False,False,True,False
rogue one,Rogue One,2016.0,133,7.8,556608,532177324,True,True,False,False,False,False,False,False,False,False,False,False,False,False,False,False,True,False,False,False,False
captain america civil war,Captain America: Civil War,2016.0,147,7.8,663649,408084349,True,True,False,False,False,False,False,False,False,False,False,False,False,False,False,False,True,False,False,False,False
the hateful eight,The Hateful Eight,2015.0,168,7.8,517059,54117416,False,False,False,False,False,True,True,False,False,False,False,False,False,False,True,False,False,False,False,False,False
little women,Little Women,2019.0,135,7.8,143250,108101214,False,False,False,False,False,False,True,False,False,False,False,False,False,False,False,True,False,False,False,False,False
loving vincent,Loving Vincent,2017.0,94,7.8,50778,6735118,False,False,True,True,False,True,False,False,False,False,False,False,False,False,False,False,False,False,False,False,False
le passe,Le passé,2013.0,130,7.8,45002,1330596,False,False,False,False,False,False,True,False,False,False,False,False,False,False,True,False,False,False,False,False,False
the lunchbox,The Lunchbox,2013.0,104,7.8,50523,4231500,False,False,False,False,False,False,True,False,False,False,False,False,False,False,False,True,False,False,False,False,False
big hero 6,Big Hero 6,2014.0,102,7.8,410983,222527828,True,True,True,False,False,False,False,False,False,False,False,False,False,False,False,False,False,False,False,False,False
about time,About Time,2013.0,123,7.8,303032,15322921,False,False,False,False,True,False,True,False,True,False,False,False,False,False,False,False,False,False,False,False,False
kaze tachinu,Kaze tachinu,2013.0,126,7.8,73690,5209580,False,False,True,True,False,False,True,False,False,False,False,False,False,False,False,False,False,False,False,False,False
toy story 4,Toy Story 4,2019.0,100,7.8,203177,434038008,False,True,True,False,True,False,False,False,False,False,False,False,False,False,False,False,False,False,False,False,False
la migliore offerta,La migliore offerta,2013.0,131,7.8,108399,85433,False,False,False,False,False,True,True,False,False,False,False,False,False,False,True,False,False,False,False,False,False
moonrise kingdom,Moonrise Kingdom,2012.0,94,7.8,318789,45512466,False,False,False,False,True,False,True,False,False,False,False,False,False,False,False,True,False,False,False,False,False
how to train your dragon 2,How to Train Your Dragon 2,2014.0,102,7.8,305611,177002924,True,True,True,False,False,False,False,False,False,False,False,False,False,False,False,False,False,False,False,False,False
the big short,The Big Short,2015.0,130,7.8,362942,70259870,False,False,False,True,True,False,True,False,False,False,False,False,False,False,False,False,False,False,False,False,False
the girl with the dragon tattoo,The Girl with the Dragon Tattoo,2011.0,158,7.8,423010,102515793,False,False,False,False,False,True,True,False,False,False,False,False,False,False,True,False,False,False,False,False,False
captain phillips,Captain Phillips,2013.0,134,7.8,421244,107100855,False,True,False,True,False,True,False,False,False,False,False,False,False,False,False,False,False,False,False,False,False
straight outta compton,Straight Outta Compton,2015.0,147,7.8,179264,161197785,False,False,False,True,False,False,True,False,False,False,True,False,False,False,False,False,False,False,False,False,False
madeo,Madeo,2009.0,129,7.8,52758,547292,False,False,False,False,False,True,True,False,False,False,False,False,False,False,True,False,False,False,False,False,False
the hobbit the desolation of smaug,The Hobbit: The Desolation of Smaug,2013.0,161,7.8,601408,258366855,False,True,False,False,False,False,False,False,True,False,False,False,False,False,False,False,False,False,False,False,False
das weisse band eine deutsche kindergeschichte,Das weiße Band - Eine deutsche Kindergeschichte,2009.0,144,7.8,68715,2222647,False,False,False,False,False,False,True,False,False,False,True,False,False,False,True,False,False,False,False,False,False
man som hatar kvinnor,Män som hatar kvinnor,2009.0,152,7.8,208994,10095170,False,False,False,False,False,True,True,False,False,False,False,False,False,False,True,False,False,False,False,False,False
the fighter,The Fighter,2010.0,116,7.8,340584,93617009,False,False,False,True,False,False,True,False,False,False,False,False,False,False,False,False,False,True,False,False,False
taken,Taken,2008.0,90,7.8,564791,145000989,True,False,False,False,False,False,False,False,False,False,False,False,False,False,False,False,False,False,True,False,False
the boy in the striped pyjamas,The Boy in the Striped Pyjamas,2008.0,94,7.8,190748,9030581,False,False,False,False,False,False,True,False,False,False,True,False,False,False,False,False,False,False,False,True,False
once,Once,2007.0,86,7.8,110656,9439923,False,False,False,False,False,False,True,False,False,False,False,False,True,False,False,True,False,False,False,False,False
the hobbit an unexpected journey,The Hobbit: An Unexpected Journey,2012.0,169,7.8,757377,303003568,False,True,False,False,False,False,False,False,True,False,False,False,False,False,False,False,False,False,False,False,False
atonement,Atonement,2007.0,123,7.8,251370,50927067,False,False,False,False,False,False,True,False,False,False,False,False,False,False,True,True,False,False,False,False,False
drive,Drive,2011.0,100,7.8,571571,35061555,False,False,False,False,False,True,True,False,False,False,False,False,False,False,False,False,False,False,False,False,False
american gangster,American Gangster,2007.0,157,7.8,392449,130164645,False,False,False,True,False,True,True,False,False,False,False,False,False,False,False,False,False,False,False,False,False
avatar,Avatar,2009.0,162,7.8,1118998,760507625,True,True,False,False,False,False,False,False,True,False,False,False,False,False,False,False,False,False,False,False,False
mr nobody,Mr. Nobody,2009.0,141,7.8,216421,3600,False,False,False,False,False,False,True,False,True,False,False,False,False,False,False,True,False,False,False,False,False
apocalypto,Apocalypto,2006.0,139,7.8,291018,50866635,True,True,False,False,False,False,True,False,False,False,False,False,False,False,False,False,False,False,False,False,False
little miss sunshine,Little Miss Sunshine,2006.0,101,7.8,439856,59891098,False,False,False,False,True,False,True,False,False,False,False,False,False,False,False,False,False,False,False,False,False
hot fuzz,Hot Fuzz,2007.0,121,7.8,463466,23637265,True,False,False,False,True,False,False,False,False,False,False,False,False,False,True,False,False,False,False,False,False
the curious case of benjamin button,The Curious Case of Benjamin Button,2008.0,166,7.8,589160,127509326,False,False,False,False,False,False,True,False,True,False,False,False,False,False,False,True,False,False,False,False,False
veer zaara,Veer-Zaara,2004.0,192,7.8,49050,2921738,False,False,False,False,False,False,True,True,False,False,False,False,False,True,False,False,False,False,False,False,False
adams aebler,Adams æbler,2005.0,94,7.8,45717,1305,False,False,False,False,True,True,True,False,False,False,False,False,False,False,False,False,False,False,False,False,False
pride prejudice,Pride & Prejudice,2005.0,129,7.8,258924,38405088,False,False,False,False,False,False,True,False,False,False,False,False,False,False,False,True,False,False,False,False,False
the world s fastest indian,The World's Fastest Indian,2005.0,127,7.8,51980,5128124,False,False,False,True,False,False,True,False,False,False,False,False,False,False,False,False,False,True,False,False,False
tokyo goddofazazu,Tôkyô goddofâzâzu,2003.0,90,7.8,31658,128985,False,True,True,False,True,False,False,False,False,False,False,False,False,False,False,False,False,False,False,False,False
serenity,Serenity,2005.0,119,7.8,283310,25514517,True,True,False,False,False,False,False,False,False,False,False,False,False,False,False,False,True,False,False,False,False
walk the line,Walk the Line,2005.0,136,7.8,234207,119519402,False,False,False,True,False,False,True,False,False,False,False,False,True,False,False,False,False,False,False,False,False
the notebook,The Notebook,2004.0,123,7.8,520284,81001787,False,False,False,False,False,False,True,False,False,False,False,False,False,False,False,True,False,False,False,False,False
diarios de motocicleta,Diarios de motocicleta,2004.0,126,7.8,96703,16756372,False,True,False,True,False,False,True,False,False,False,False,False,False,False,False,False,False,False,False,False,False
lilja 4 ever,Lilja 4-ever,2002.0,109,7.8,42673,181655,False,False,False,False,False,True,True,False,False,False,False,False,False,False,False,False,False,False,False,False,False
les triplettes de belleville,Les triplettes de Belleville,2003.0,80,7.8,50622,7002255,False,False,True,False,True,False,True,False,False,False,False,False,False,False,False,False,False,False,False,False,False
the count of monte cristo,The Count of Monte Cristo,2002.0,131,7.8,129022,54234062,True,True,False,False,False,False,True,False,False,False,False,False,False,False,False,False,False,False,False,False,False
waking life,Waking Life,2001.0,99,7.8,60684,2892011,False,False,True,False,False,False,True,False,True,False,False,False,False,False,False,False,False,False,False,False,False
remember the titans,Remember the Titans,2000.0,113,7.8,198089,115654751,False,False,False,True,False,False,True,False,False,False,False,False,False,False,False,False,False,True,False,False,False
wo hu cang long,Wo hu cang long,2000.0,120,7.8,253228,128078872,True,True,False,False,False,False,False,False,True,False,False,False,False,False,False,False,False,False,False,False,False
todo sobre mi madre,Todo sobre mi madre,1999.0,101,7.8,89058,8264530,False,False,False,False,False,False,True,False,False,False,False,False,False,False,False,False,False,False,False,False,False
cast away,Cast Away,2000.0,143,7.8,524235,233632142,False,True,False,False,False,False,True,False,False,False,False,False,False,False,False,True,False,False,False,False,False
the boondock saints,The Boondock Saints,1999.0,108,7.8,227143,25812,True,False,False,False,False,True,False,False,False,False,False,False,False,False,False,False,False,False,True,False,False
the insider,The Insider,1999.0,157,7.8,159886,28965197,False,False,False,True,False,False,True,False,False,False,False,False,False,False,False,False,False,False,True,False,False
october sky,October Sky,1999.0,108,7.8,82855,32481825,False,False,False,True,False,False,True,True,False,False,False,False,False,False,False,False,False,False,False,False,False
shrek,Shrek,2001.0,90,7.8,613941,267665011,False,True,True,False,True,False,False,False,False,False,False,False,False,False,False,False,False,False,False,False,False
titanic,Titanic,1997.0,194,7.8,1046089,659325379,False,False,False,False,False,False,True,False,False,False,False,False,False,False,False,True,False,False,False,False,False
gattaca,Gattaca,1997.0,106,7.8,280845,12339633,False,False,False,False,False,False,True,False,False,False,False,False,False,False,False,False,True,False,True,False,False
the game,The Game,1997.0,129,7.8,345096,48323648,True,False,False,False,False,False,True,False,False,False,False,False,False,False,True,False,False,False,False,False,False
breaking the waves,Breaking the Waves,1996.0,159,7.8,62428,4040691,False,False,False,False,False,False,True,False,False,False,False,False,False,False,False,False,False,False,False,False,False
ed wood,Ed Wood,1994.0,127,7.8,164937,5887457,False,False,False,True,True,False,True,False,False,False,False,False,False,False,False,False,False,False,False,False,False
what s eating gilbert grape,What's Eating Gilbert Grape,1993.0,118,7.8,215034,9170214,False,False,False,False,False,False,True,False,False,False,False,False,False,False,False,False,False,False,False,False,False
tombstone,Tombstone,1993.0,130,7.8,126871,56505065,True,False,False,True,False,False,True,False,False,False,False,False,False,False,False,False,False,False,False,False,False
the sandlot,The Sandlot,1993.0,101,7.8,78963,32416586,False,False,False,False,True,False,True,True,False,False,False,False,False,False,False,False,False,False,False,False,False
the remains of the day,The Remains of the Day,1993.0,134,7.8,66065,22954968,False,False,False,False,False,False,True,False,False,False,False,False,False,False,False,True,False,False,False,False,False
the fugitive,The Fugitive,1993.0,130,7.8,267684,183875760,True,False,False,False,False,True,True,False,False,False,False,False,False,False,False,False,False,False,False,False,False
a bronx tale,A Bronx Tale,1993.0,121,7.8,128171,17266971,False,False,False,False,False,True,True,False,False,False,False,False,False,False,False,True,False,False,False,False,False
night on earth,Night on Earth,1991.0,129,7.8,55362,2015810,False,False,False,False,True,False,True,False,False,False,False,False,False,False,False,False,False,False,False,False,False
la double vie de veronique,La double vie de Véronique,1991.0,98,7.8,42376,1999955,False,False,False,False,False,False,True,False,True,False,False,False,True,False,False,False,False,False,False,False,False
boyz n the hood,Boyz n the Hood,1991.0,112,7.8,126082,57504069,False,False,False,False,False,True,True,False,False,False,False,False,False,False,False,False,False,False,False,False,False
misery,Misery,1990.0,107,7.8,184740,61276872,False,False,False,False,False,False,True,False,False,False,False,False,False,False,False,False,False,False,True,False,False
awakenings,Awakenings,1990.0,121,7.8,125276,52096475,False,False,False,True,False,False,True,False,False,False,False,False,False,False,False,False,False,False,False,False,False
glory,Glory,1989.0,122,7.8,122779,26830000,False,False,False,True,False,False,True,False,False,False,True,False,False,False,False,False,False,False,False,False,False
back to the future part ii,Back to the Future Part II,1989.0,108,7.8,481918,118500000,False,True,False,False,True,False,False,False,False,False,False,False,False,False,False,False,True,False,False,False,False
mississippi burning,Mississippi Burning,1988.0,128,7.8,88214,34603943,False,False,False,False,False,True,True,False,False,False,True,False,False,False,False,False,False,False,False,False,False
predator,Predator,1987.0,107,7.8,371387,59735548,True,True,False,False,False,False,False,False,False,False,False,False,False,False,False,False,True,False,False,False,False
evil dead ii,Evil Dead II,1987.0,84,7.8,148359,5923044,True,False,False,False,True,False,False,False,True,False,False,False,False,False,False,False,False,False,False,False,False
ferris bueller s day off,Ferris Bueller's Day Off,1986.0,103,7.8,321382,70136369,False,False,False,False,True,False,False,False,False,False,False,False,False,False,False,False,False,False,False,False,False
down by law,Down by Law,1986.0,107,7.8,47834,1436000,False,False,False,False,True,True,True,False,False,False,False,False,False,False,False,False,False,False,False,False,False
the goonies,The Goonies,1985.0,114,7.8,244430,61503218,False,True,False,False,True,False,False,True,False,False,False,False,False,False,False,False,False,False,False,False,False
the color purple,The Color Purple,1985.0,154,7.8,78321,98467863,False,False,False,False,False,False,True,False,False,False,False,False,False,False,False,False,False,False,False,False,False
the breakfast club,The Breakfast Club,1985.0,97,7.8,357026,45875171,False,False,False,False,True,False,True,False,False,False,False,False,False,False,False,False,False,False,False,False,False
the killing fields,The Killing Fields,1984.0,141,7.8,51585,34700291,False,False,False,True,False,False,True,False,False,False,True,False,False,False,False,False,False,False,False,False,False
ghostbusters,Ghostbusters,1984.0,105,7.8,355413,238632124,True,False,False,False,True,False,False,False,True,False,False,False,False,False,False,False,False,False,False,False,False
the right stuff,The Right Stuff,1983.0,193,7.8,56235,21500000,False,True,False,True,False,False,True,False,False,False,False,False,False,False,False,False,False,False,False,False,False
the king of comedy,The King of Comedy,1982.0,109,7.8,88511,2500000,False,False,False,False,True,True,True,False,False,False,False,False,False,False,False,False,False,False,False,False,False
e t the extra terrestrial,E.T. the Extra-Terrestrial,1982.0,115,7.8,372490,435110554,False,False,False,False,False,False,False,True,False,False,False,False,False,False,False,False,True,False,False,False,False
kramer vs kramer,Kramer vs. Kramer,1979.0,105,7.8,133351,106260000,False,False,False,False,False,False,True,False,False,False,False,False,False,False,False,False,False,False,False,False,False
the outlaw josey wales,The Outlaw Josey Wales,1976.0,135,7.8,65659,31800000,False,False,False,False,False,False,False,False,False,False,False,False,False,False,False,False,False,False,False,False,True
the conversation,The Conversation,1974.0,113,7.8,98611,4420000,False,False,False,False,False,False,True,False,False,False,False,False,False,False,True,False,False,False,True,False,False
la planete sauvage,La planète sauvage,1973.0,72,7.8,25229,193817,False,False,True,False,False,False,False,False,False,False,False,False,False,False,False,False,True,False,False,False,False
the day of the jackal,The Day of the Jackal,1973.0,143,7.8,37445,16056255,False,False,False,False,False,True,True,False,False,False,False,False,False,False,False,False,False,False,True,False,False
cabaret,Cabaret,1972.0,124,7.8,48334,42765000,False,False,False,False,False,False,True,False,False,False,False,False,True,True,False,False,False,False,False,False,False
willy wonka the chocolate factory,Willy Wonka & the Chocolate Factory,1971.0,100,7.8,178731,4000000,False,False,False,False,False,False,False,True,True,False,False,False,False,True,False,False,False,False,False,False,False
midnight cowboy,Midnight Cowboy,1969.0,113,7.8,101124,44785053,False,False,False,False,False,False,True,False,False,False,False,False,False,False,False,False,False,False,False,False,False
my fair lady,My Fair Lady,1964.0,170,7.8,86525,72000000,False,False,False,False,False,False,True,True,False,False,False,False,False,True,False,False,False,False,False,False,False
mary poppins,Mary Poppins,1964.0,139,7.8,158029,102272727,False,False,False,False,True,False,False,True,True,False,False,False,False,False,False,False,False,False,False,False,False
the longest day,The Longest Day,1962.0,178,7.8,52141,39100000,True,False,False,False,False,False,True,False,False,False,True,False,False,False,False,False,False,False,False,False,False
the innocents,The Innocents,1961.0,100,7.8,27007,2616000,False,False,False,False,False,False,False,False,False,False,False,True,False,False,False,False,False,False,False,False,False
deadpool 2,Deadpool 2,2018.0,119,7.7,478586,324591735,True,True,False,False,True,False,False,False,False,False,False,False,False,False,False,False,False,False,False,False,False
wind river,Wind River,2017.0,107,7.7,205444,33800859,False,False,False,False,False,True,True,False,False,False,False,False,False,False,True,False,False,False,False,False,False
get out,Get Out,2017.0,104,7.7,492851,176040665,False,False,False,False,False,False,False,False,False,False,False,True,False,False,True,False,False,False,True,False,False
mission impossible fallout,Mission: Impossible - Fallout,2018.0,147,7.7,291257,220159104,True,True,False,False,False,False,False,False,False,False,False,False,False,False,False,False,False,False,True,False,False
en man som heter ove,En man som heter Ove,2015.0,116,7.7,47444,3358518,False,False,False,False,True,False,True,False,False,False,False,False,False,False,False,True,False,False,False,False,False
what we do in the shadows,What We Do in the Shadows,2014.0,86,7.7,157498,3333000,False,False,False,False,True,False,False,False,False,False,False,True,False,False,False,False,False,False,False,False,False
omoide no mani,Omoide no Mânî,2014.0,103,7.7,32798,765127,False,False,True,False,False,False,True,True,False,False,False,False,False,False,False,False,False,False,False,False,False
the theory of everything,The Theory of Everything,2014.0,123,7.7,404182,35893537,False,False,False,True,False,False,True,False,False,False,False,False,False,False,False,True,False,False,False,False,False
kingsman the secret service,Kingsman: The Secret Service,2014.0,129,7.7,590440,128261724,True,True,False,False,True,False,False,False,False,False,False,False,False,False,False,False,False,False,False,False,False
the fault in our stars,The Fault in Our Stars,2014.0,126,7.7,344312,124872350,False,False,False,False,False,False,True,False,False,False,False,False,False,False,False,True,False,False,False,False,False
me and earl and the dying girl,Me and Earl and the Dying Girl,2015.0,105,7.7,123210,6743776,False,False,False,False,True,False,True,False,False,False,False,False,False,False,False,False,False,False,False,False,False
birdman or the unexpected virtue of ignorance,Birdman or (The Unexpected Virtue of Ignorance),2014.0,119,7.7,580291,42340598,False,False,False,False,True,False,True,False,False,False,False,False,False,False,False,False,False,False,False,False,False
la vie d adele,La vie d'Adèle,2013.0,180,7.7,138741,2199675,False,False,False,False,False,False,True,False,False,False,False,False,False,False,False,True,False,False,False,False,False
kai po che,Kai po che!,2013.0,130,7.7,32628,1122527,False,False,False,False,False,False,True,False,False,False,False,False,False,False,False,False,False,True,False,False,False
captain america the winter soldier,Captain America: The Winter Soldier,2014.0,136,7.7,736182,259766572,True,True,False,False,False,False,False,False,False,False,False,False,False,False,False,False,True,False,False,False,False
nebraska,Nebraska,2013.0,115,7.7,112298,17654912,False,True,False,False,True,False,True,False,False,False,False,False,False,False,False,False,False,False,False,False,False
wreck it ralph,Wreck-It Ralph,2012.0,101,7.7,380195,189422889,False,True,True,False,True,False,False,False,False,False,False,False,False,False,False,False,False,False,False,False,False
le petit prince,Le Petit Prince,2015.0,108,7.7,56720,1339152,False,True,True,False,False,False,True,False,False,False,False,False,False,False,False,False,False,False,False,False,False
midnight in paris,Midnight in Paris,2011.0,96,7.7,388089,56816662,False,False,False,False,True,False,False,False,True,False,False,False,False,False,False,True,False,False,False,False,False
the lego movie,The Lego Movie,2014.0,100,7.7,323982,257760692,True,True,True,False,False,False,False,False,False,False,False,False,False,False,False,False,False,False,False,False,False
gravity,Gravity,2013.0,91,7.7,769145,274092705,False,False,False,False,False,False,True,False,False,False,False,False,False,False,False,False,True,False,True,False,False
star trek into darkness,Star Trek Into Darkness,2013.0,132,7.7,463188,228778661,True,True,False,False,False,False,False,False,False,False,False,False,False,False,False,False,True,False,False,False,False
the social network,The Social Network,2010.0,120,7.7,624982,96962694,False,False,False,True,False,False,True,False,False,False,False,False,False,False,False,False,False,False,False,False,False
x first class,X: First Class,2011.0,131,7.7,645512,146408305,True,True,False,False,False,False,False,False,False,False,False,False,False,False,False,False,True,False,False,False,False
the hangover,The Hangover,2009.0,100,7.7,717559,277322503,False,False,False,False,True,False,False,False,False,False,False,False,False,False,False,False,False,False,False,False,False
skyfall,Skyfall,2012.0,143,7.7,630614,304360277,True,True,False,False,False,False,False,False,False,False,False,False,False,False,False,False,False,False,True,False,False
silver linings playbook,Silver Linings Playbook,2012.0,122,7.7,661871,132092958,False,False,False,False,True,False,True,False,False,False,False,False,False,False,False,True,False,False,False,False,False
argo,Argo,2012.0,120,7.7,572581,136025503,False,False,False,True,False,False,True,False,False,False,False,False,False,False,False,False,False,False,True,False,False
500 days of summer,(500) Days of Summer,2009.0,95,7.7,472242,32391374,False,False,False,False,True,False,True,False,False,False,False,False,False,False,False,True,False,False,False,False,False
harry potter and the deathly hallows part 1,Harry Potter and the Deathly Hallows: Part 1,2010.0,146,7.7,479120,295983305,False,True,False,False,False,False,False,True,True,False,False,False,False,False,False,False,False,False,False,False,False
gake no ue no ponyo,Gake no ue no Ponyo,2008.0,101,7.7,125317,15090400,False,True,True,False,True,False,False,False,False,False,False,False,False,False,False,False,False,False,False,False,False
frost nixon,Frost/Nixon,2008.0,122,7.7,103330,18593156,False,False,False,True,False,False,True,False,False,False,True,False,False,False,False,False,False,False,False,False,False
papurika,Papurika,2006.0,90,7.7,71379,881302,False,False,True,False,False,False,True,False,True,False,False,False,False,False,False,False,False,False,False,False,False
changeling,Changeling,2008.0,141,7.7,239203,35739802,False,False,False,True,False,True,True,False,False,False,False,False,False,False,False,False,False,False,False,False,False
flipped,Flipped,2010.0,90,7.7,81446,1752214,False,False,False,False,True,False,True,False,False,False,False,False,False,False,False,True,False,False,False,False,False
ex machina,Ex Machina,2014.0,108,7.7,474141,25442958,False,False,False,False,False,False,True,False,False,False,False,False,False,False,False,False,True,False,True,False,False
efter brylluppet,Efter brylluppet,2006.0,120,7.7,32001,412544,False,False,False,False,False,False,True,False,False,False,False,False,False,False,False,False,False,False,False,False,False
the last king of scotland,The Last King of Scotland,2006.0,123,7.7,175355,17605861,False,False,False,True,False,False,True,False,False,False,True,False,False,False,False,False,False,False,False,False,False
zodiac,Zodiac,2007.0,157,7.7,466080,33080084,False,False,False,False,False,True,True,False,False,False,False,False,False,False,True,False,False,False,False,False,False
lucky number slevin,Lucky Number Slevin,2006.0,110,7.7,299524,22494487,True,False,False,False,False,True,True,False,False,False,False,False,False,False,False,False,False,False,False,False,False
joyeux noel,Joyeux Noël,2005.0,116,7.7,28003,1054361,False,False,False,False,False,False,True,False,False,False,True,False,True,False,False,False,False,False,False,False,False
control,Control,2007.0,122,7.7,61609,871577,False,False,False,True,False,False,True,False,False,False,False,False,True,False,False,False,False,False,False,False,False
tangled,Tangled,2010.0,100,7.7,405922,200821936,False,True,True,False,True,False,False,False,False,False,False,False,False,False,False,False,False,False,False,False,False
zwartboek,Zwartboek,2006.0,145,7.7,72643,4398392,False,False,False,False,False,False,True,False,False,False,False,False,False,False,False,False,False,False,True,True,False
brokeback mountain,Brokeback Mountain,2005.0,134,7.7,323103,83043761,False,False,False,False,False,False,True,False,False,False,False,False,False,False,False,True,False,False,False,False,False
3 10 to yuma,3:10 to Yuma,2007.0,122,7.7,288797,53606916,True,False,False,False,False,True,True,False,False,False,False,False,False,False,False,False,False,False,False,False,False
crash,Crash,2004.0,112,7.7,419483,54580300,False,False,False,False,False,True,True,False,False,False,False,False,False,False,False,False,False,False,True,False,False
kung fu,Kung fu,2004.0,99,7.7,127250,17108591,True,False,False,False,True,False,False,False,True,False,False,False,False,False,False,False,False,False,False,False,False
the bourne supremacy,The Bourne Supremacy,2004.0,108,7.7,434841,176241941,True,False,False,False,False,False,False,False,False,False,False,False,False,False,True,False,False,False,True,False,False
the machinist,The Machinist,2004.0,101,7.7,358432,1082715,False,False,False,False,False,False,True,False,False,False,False,False,False,False,False,False,False,False,True,False,False
ray,Ray,2004.0,152,7.7,138356,75331600,False,False,False,True,False,False,True,False,False,False,False,False,True,False,False,False,False,False,False,False,False
lost in translation,Lost in Translation,2003.0,102,7.7,415074,44585453,False,False,False,False,True,False,True,False,False,False,False,False,False,False,False,False,False,False,False,False,False
harry potter and the goblet of fire,Harry Potter and the Goblet of Fire,2005.0,157,7.7,548619,290013036,False,True,False,False,False,False,False,True,True,False,False,False,False,False,False,False,False,False,False,False,False
man on fire,Man on Fire,2004.0,146,7.7,329592,77911774,True,False,False,False,False,True,True,False,False,False,False,False,False,False,False,False,False,False,False,False,False
coraline,Coraline,2009.0,100,7.7,197761,75286229,False,False,True,False,False,False,True,True,False,False,False,False,False,False,False,False,False,False,False,False,False
the last samurai,The Last Samurai,2003.0,154,7.7,400049,111110575,True,False,False,False,False,False,True,False,False,False,False,False,False,False,False,False,False,False,False,False,False
the magdalene sisters,The Magdalene Sisters,2002.0,114,7.7,25938,4890878,False,False,False,False,False,False,True,False,False,False,False,False,False,False,False,False,False,False,False,False,False
good bye lenin,Good Bye Lenin!,2003.0,121,7.7,137981,4064200,False,False,False,False,True,False,True,False,False,False,False,False,False,False,False,True,False,False,False,False,False
in america,In America,2002.0,105,7.7,40403,15539266,False,False,False,False,False,False,True,False,False,False,False,False,False,False,False,False,False,False,False,False,False
i am sam,I Am Sam,2001.0,132,7.7,142863,40311852,False,False,False,False,False,False,True,False,False,False,False,False,False,False,False,False,False,False,False,False,False
adaptation,Adaptation.,2002.0,115,7.7,178565,22245861,False,False,False,False,True,False,True,False,False,False,False,False,False,False,False,False,False,False,False,False,False
black hawk down,Black Hawk Down,2001.0,144,7.7,364254,108638745,False,False,False,False,False,False,True,False,False,False,True,False,False,False,False,False,False,False,False,True,False
road to perdition,Road to Perdition,2002.0,117,7.7,246840,104454762,False,False,False,False,False,True,True,False,False,False,False,False,False,False,False,False,False,False,True,False,False
das experiment,Das Experiment,2001.0,120,7.7,90842,141072,False,False,False,False,False,False,True,False,False,False,False,False,False,False,False,False,False,False,True,False,False
billy elliot,Billy Elliot,2000.0,110,7.7,126770,21995263,False,False,False,False,False,False,True,False,False,False,False,False,True,False,False,False,False,False,False,False,False
hedwig and the angry inch,Hedwig and the Angry Inch,2001.0,95,7.7,31957,3029081,False,False,False,False,True,False,True,False,False,False,False,False,True,False,False,False,False,False,False,False,False
ocean s eleven,Ocean's Eleven,2001.0,116,7.7,516372,183417150,False,False,False,False,False,True,False,False,False,False,False,False,False,False,False,False,False,False,True,False,False
vampire hunter d bloodlust,Vampire Hunter D: Bloodlust,2000.0,103,7.7,29210,151086,True,False,True,False,False,False,False,False,True,False,False,False,False,False,False,False,False,False,False,False,False
o brother where art thou,"O Brother, Where Art Thou?",2000.0,107,7.7,286742,45512588,False,True,False,False,True,True,False,False,False,False,False,False,False,False,False,False,False,False,False,False,False
south park bigger longer uncut,"South Park: Bigger, Longer & Uncut",1999.0,81,7.7,192112,52037603,False,False,True,False,True,False,False,False,True,False,False,False,False,False,False,False,False,False,False,False,False
office space,Office Space,1999.0,89,7.7,241575,10824921,False,False,False,False,True,False,False,False,False,False,False,False,False,False,False,False,False,False,False,False,False
training day,Training Day,2001.0,122,7.7,390247,76631907,False,False,False,False,False,True,True,False,False,False,False,False,False,False,False,False,False,False,True,False,False
rushmore,Rushmore,1998.0,93,7.7,169229,17105219,False,False,False,False,True,False,True,False,False,False,False,False,False,False,False,True,False,False,False,False,False
being john malkovich,Being John Malkovich,1999.0,113,7.7,312542,22858926,False,False,False,False,True,False,True,False,True,False,False,False,False,False,False,False,False,False,False,False,False
as good as it gets,As Good as It Gets,1997.0,139,7.7,275755,148478011,False,False,False,False,True,False,True,False,False,False,False,False,False,False,False,True,False,False,False,False,False
the fifth element,The Fifth Element,1997.0,126,7.7,434125,63540020,True,True,False,False,False,False,False,False,False,False,False,False,False,False,False,False,True,False,False,False,False
le diner de cons,Le dîner de cons,1998.0,80,7.7,37424,4065116,False,False,False,False,True,False,False,False,False,False,False,False,False,False,False,False,False,False,False,False,False
donnie brasco,Donnie Brasco,1997.0,127,7.7,279318,41909762,False,False,False,True,False,True,True,False,False,False,False,False,False,False,False,False,False,False,False,False,False
shine,Shine,1996.0,105,7.7,51350,35811509,False,False,False,True,False,False,True,False,False,False,False,False,True,False,False,False,False,False,False,False,False
primal fear,Primal Fear,1996.0,129,7.7,189716,56116183,False,False,False,False,False,True,True,False,False,False,False,False,False,False,True,False,False,False,False,False,False
a little princess,A Little Princess,1995.0,97,7.7,32236,10019307,False,False,False,False,False,False,True,True,True,False,False,False,False,False,False,False,False,False,False,False,False
il postino,Il postino,1994.0,108,7.7,33600,21848932,False,False,False,True,True,False,True,False,False,False,False,False,False,False,False,False,False,False,False,False,False
clerks,Clerks,1994.0,92,7.7,211450,3151130,False,False,False,False,True,False,False,False,False,False,False,False,False,False,False,False,False,False,False,False,False
short cuts,Short Cuts,1993.0,188,7.7,42275,6110979,False,False,False,False,True,False,True,False,False,False,False,False,False,False,False,False,False,False,False,False,False
philadelphia,Philadelphia,1993.0,125,7.7,224169,77324422,False,False,False,False,False,False,True,False,False,False,False,False,False,False,False,False,False,False,False,False,False
the muppet christmas carol,The Muppet Christmas Carol,1992.0,85,7.7,50298,27281507,False,False,False,False,True,False,True,True,False,False,False,False,False,False,False,False,False,False,False,False,False
malcolm x,Malcolm X,1992.0,202,7.7,85819,48169908,False,False,False,True,False,False,True,False,False,False,True,False,False,False,False,False,False,False,False,False,False
the last of the mohicans,The Last of the Mohicans,1992.0,112,7.7,150409,75505856,True,True,False,False,False,False,True,False,False,False,False,False,False,False,False,False,False,False,False,False,False
glengarry glen ross,Glengarry Glen Ross,1992.0,100,7.7,95826,10725228,False,False,False,False,False,True,True,False,False,False,False,False,False,False,True,False,False,False,False,False,False
a few good men,A Few Good Men,1992.0,138,7.7,235388,141340178,False,False,False,False,False,False,True,False,False,False,False,False,False,False,False,False,False,False,True,False,False
fried green tomatoes,Fried Green Tomatoes,1991.0,130,7.7,66941,82418501,False,False,False,False,False,False,True,False,False,False,False,False,False,False,False,False,False,False,False,False,False
barton fink,Barton Fink,1991.0,116,7.7,113240,6153939,False,False,False,False,True,False,True,False,False,False,False,False,False,False,False,False,False,False,True,False,False
miller s crossing,Miller's Crossing,1990.0,115,7.7,125822,5080409,False,False,False,False,False,True,True,False,False,False,False,False,False,False,False,False,False,False,True,False,False
who framed roger rabbit,Who Framed Roger Rabbit,1988.0,104,7.7,182009,156452370,False,True,True,False,True,False,False,False,False,False,False,False,False,False,False,False,False,False,False,False,False
withnail i,Withnail & I,1987.0,107,7.7,40396,1544889,False,False,False,False,True,False,True,False,False,False,False,False,False,False,False,False,False,False,False,False,False
the last emperor,The Last Emperor,1987.0,163,7.7,94326,43984230,False,False,False,True,False,False,True,False,False,False,True,False,False,False,False,False,False,False,False,False,False
empire of the sun,Empire of the Sun,1987.0,153,7.7,115677,22238696,True,False,False,False,False,False,True,False,False,False,True,False,False,False,False,False,False,False,False,False,False
der name der rose,Der Name der Rose,1986.0,130,7.7,102031,7153487,False,False,False,False,False,True,True,False,False,False,False,False,False,False,True,False,False,False,False,False,False
blue velvet,Blue Velvet,1986.0,120,7.7,181285,8551228,False,False,False,False,False,False,True,False,False,False,False,False,False,False,True,False,False,False,True,False,False
the purple rose of cairo,The Purple Rose of Cairo,1985.0,82,7.7,47102,10631333,False,False,False,False,True,False,False,False,True,False,False,False,False,False,False,True,False,False,False,False,False
after hours,After Hours,1985.0,97,7.7,59635,10600000,False,False,False,False,True,True,True,False,False,False,False,False,False,False,False,False,False,False,False,False,False
the verdict,The Verdict,1982.0,129,7.7,36096,54000000,False,False,False,False,False,False,True,False,False,False,False,False,False,False,False,False,False,False,False,False,False
star trek ii the wrath of khan,Star Trek II: The Wrath of Khan,1982.0,113,7.7,112704,78912963,True,True,False,False,False,False,False,False,False,False,False,False,False,False,False,False,True,False,False,False,False
first blood,First Blood,1982.0,93,7.7,226541,47212904,True,True,False,False,False,False,False,False,False,False,False,False,False,False,False,False,False,False,False,False,False
ordinary people,Ordinary People,1980.0,124,7.7,47099,54800000,False,False,False,False,False,False,True,False,False,False,False,False,False,False,False,False,False,False,False,False,False
airplane,Airplane!,1980.0,88,7.7,214882,83400000,False,False,False,False,True,False,False,False,False,False,False,False,False,False,False,False,False,False,False,False,False
halloween,Halloween,1978.0,91,7.7,233106,47000000,False,False,False,False,False,False,False,False,False,False,False,True,False,False,False,False,False,False,True,False,False
le locataire,Le locataire,1976.0,126,7.7,39889,1924733,False,False,False,False,False,False,True,False,False,False,False,False,False,False,False,False,False,False,True,False,False
blazing saddles,Blazing Saddles,1974.0,93,7.7,125993,119500000,False,False,False,False,True,False,False,False,False,False,False,False,False,False,False,False,False,False,False,False,True
serpico,Serpico,1973.0,130,7.7,109941,29800000,False,False,False,True,False,True,True,False,False,False,False,False,False,False,False,False,False,False,False,False,False
enter the dragon,Enter the Dragon,1973.0,102,7.7,96561,25000000,True,False,False,False,False,True,True,False,False,False,False,False,False,False,False,False,False,False,False,False,False
deliverance,Deliverance,1972.0,109,7.7,98740,7056013,False,True,False,False,False,False,True,False,False,False,False,False,False,False,False,False,False,False,True,False,False
the french connection,The French Connection,1971.0,104,7.7,110075,15630710,True,False,False,False,False,True,True,False,False,False,False,False,False,False,False,False,False,False,False,False,False
dirty harry,Dirty Harry,1971.0,102,7.7,143292,35900000,True,False,False,False,False,True,False,False,False,False,False,False,False,False,False,False,False,False,True,False,False
the odd couple,The Odd Couple,1968.0,105,7.7,31572,44527234,False,False,False,False,True,False,False,False,False,False,False,False,False,False,False,False,False,False,False,False,False
a man for all seasons,A Man for All Seasons,1966.0,120,7.7,31222,28350000,False,False,False,True,False,False,True,False,False,False,True,False,False,False,False,False,False,False,False,False,False
goldfinger,Goldfinger,1964.0,110,7.7,174119,51081062,True,True,False,False,False,False,False,False,False,False,False,False,False,False,False,False,False,False,True,False,False
the birds,The Birds,1963.0,119,7.7,171739,11403529,False,False,False,False,False,False,True,False,False,False,False,True,False,False,True,False,False,False,False,False,False
the magnificent seven,The Magnificent Seven,1960.0,128,7.7,87719,4905000,True,True,False,False,False,False,False,False,False,False,False,False,False,False,False,False,False,False,False,False,True
the african queen,The African Queen,1951.0,105,7.7,71481,536118,False,True,False,False,False,False,True,False,False,False,False,False,False,False,False,True,False,False,False,False,False
fantasia,Fantasia,1940.0,125,7.7,88662,76408097,False,False,True,False,False,False,False,True,True,False,False,False,False,False,False,False,False,False,False,False,False
searching,Searching,2018.0,102,7.6,140840,26020957,False,False,False,False,False,False,True,False,False,False,False,False,False,False,True,False,False,False,True,False,False
once upon a time in hollywood,Once Upon a Time... in Hollywood,2019.0,161,7.6,551309,142502728,False,False,False,False,True,False,True,False,False,False,False,False,False,False,False,False,False,False,False,False,False
nelyubov,Nelyubov,2017.0,127,7.6,29765,566356,False,False,False,False,False,False,True,False,False,False,False,False,False,False,False,False,False,False,False,False,False
the florida project,The Florida Project,2017.0,111,7.6,95181,5904366,False,False,False,False,False,False,True,False,False,False,False,False,False,False,False,False,False,False,False,False,False
gifted,Gifted,2017.0,101,7.6,99643,24801212,False,False,False,False,False,False,True,False,False,False,False,False,False,False,False,False,False,False,False,False,False
the peanut butter falcon,The Peanut Butter Falcon,2019.0,97,7.6,66346,13122642,False,True,False,False,True,False,True,False,False,False,False,False,False,False,False,False,False,False,False,False,False
mustang,Mustang,2015.0,97,7.6,35785,845464,False,False,False,False,False,False,True,False,False,False,False,False,False,False,False,False,False,False,False,False,False
guardians of the galaxy vol 2,Guardians of the Galaxy Vol. 2,2017.0,136,7.6,569974,389813101,True,True,False,False,True,False,False,False,False,False,False,False,False,False,False,False,False,False,False,False,False
baby driver,Baby Driver,2017.0,113,7.6,439406,107825862,True,False,False,False,False,True,True,False,False,False,False,False,False,False,False,False,False,False,False,False,False
only the brave,Only the Brave,2017.0,134,7.6,58371,18340051,True,False,False,True,False,False,True,False,False,False,False,False,False,False,False,False,False,False,False,False,False
bridge of spies,Bridge of Spies,2015.0,142,7.6,287659,72313754,False,False,False,False,False,False,True,False,False,False,True,False,False,False,False,False,False,False,True,False,False
incredibles 2,Incredibles 2,2018.0,118,7.6,250057,608581744,True,True,True,False,False,False,False,False,False,False,False,False,False,False,False,False,False,False,False,False,False
moana,Moana,2016.0,107,7.6,272784,248757044,False,True,True,False,True,False,False,False,False,False,False,False,False,False,False,False,False,False,False,False,False
sicario,Sicario,2015.0,121,7.6,371291,46889293,True,False,False,False,False,True,True,False,False,False,False,False,False,False,False,False,False,False,False,False,False
creed,Creed,2015.0,133,7.6,247666,109767581,False,False,False,False,False,False,True,False,False,False,False,False,False,False,False,False,False,True,False,False,False
leviafan,Leviafan,2014.0,140,7.6,49397,1092800,False,False,False,False,False,True,True,False,False,False,False,False,False,False,False,False,False,False,False,False,False
hell or high water,Hell or High Water,2016.0,102,7.6,204175,26862450,True,False,False,False,False,True,True,False,False,False,False,False,False,False,False,False,False,False,False,False,False
philomena,Philomena,2013.0,98,7.6,94212,37707719,False,False,False,True,True,False,True,False,False,False,False,False,False,False,False,False,False,False,False,False,False
dawn of the planet of the apes,Dawn of the Planet of the Apes,2014.0,130,7.6,411599,208545589,True,True,False,False,False,False,True,False,False,False,False,False,False,False,False,False,False,False,False,False,False
serbuan maut,Serbuan maut,2011.0,101,7.6,190531,4105123,True,False,False,False,False,False,False,False,False,False,False,False,False,False,False,False,False,False,True,False,False
end of watch,End of Watch,2012.0,109,7.6,228132,41003371,True,False,False,False,False,True,True,False,False,False,False,False,False,False,False,False,False,False,False,False,False
kari gurashi no arietti,Kari-gurashi no Arietti,2010.0,94,7.6,80939,19202743,False,True,True,False,False,False,False,True,False,False,False,False,False,False,False,False,False,False,False,False,False
a star is born,A Star Is Born,2018.0,136,7.6,334312,215288866,False,False,False,False,False,False,True,False,False,False,False,False,True,False,False,True,False,False,False,False,False
true grit,True Grit,2010.0,110,7.6,311822,171243005,False,False,False,False,False,False,True,False,False,False,False,False,False,False,False,False,False,False,False,False,True
haevnen,Hævnen,2010.0,118,7.6,38491,1008098,False,False,False,False,False,False,True,False,False,False,False,False,False,False,False,True,False,False,False,False,False
despicable me,Despicable Me,2010.0,95,7.6,500851,251513985,False,False,True,False,True,True,False,False,False,False,False,False,False,False,False,False,False,False,False,False,False
50 50,50/50,2011.0,100,7.6,315426,35014192,False,False,False,False,True,False,True,False,False,False,False,False,False,False,False,True,False,False,False,False,False
kick ass,Kick-Ass,2010.0,117,7.6,524081,48071303,True,False,False,False,True,True,False,False,False,False,False,False,False,False,False,False,False,False,False,False,False
moneyball,Moneyball,2011.0,133,7.6,369529,75605492,False,False,False,True,False,False,True,False,False,False,False,False,False,False,False,False,False,True,False,False,False
la piel que habito,La piel que habito,2011.0,120,7.6,138959,3185812,False,False,False,False,False,False,True,False,False,False,False,True,False,False,False,False,False,False,True,False,False
zombieland,Zombieland,2009.0,88,7.6,520041,75590286,False,True,False,False,True,False,False,False,True,False,False,False,False,False,False,False,False,False,False,False,False
sherlock holmes,Sherlock Holmes,2009.0,128,7.6,583158,209028679,True,True,False,False,False,False,False,False,False,False,False,False,False,False,True,False,False,False,False,False,False
the blind side,The Blind Side,2009.0,129,7.6,293266,255959475,False,False,False,True,False,False,True,False,False,False,False,False,False,False,False,False,False,True,False,False,False
the visitor,The Visitor,2007.0,104,7.6,41544,9422422,False,False,False,False,False,False,True,False,False,False,False,False,False,False,False,False,False,False,False,False,False
seven pounds,Seven Pounds,2008.0,123,7.6,286770,69951824,False,False,False,False,False,False,True,False,False,False,False,False,False,False,False,False,False,False,False,False,False
eastern promises,Eastern Promises,2007.0,100,7.6,227760,17114882,True,False,False,False,False,True,True,False,False,False,False,False,False,False,False,False,False,False,False,False,False
stardust,Stardust,2007.0,127,7.6,255036,38634938,False,True,False,False,False,False,False,True,True,False,False,False,False,False,False,False,False,False,False,False,False
inside man,Inside Man,2006.0,129,7.6,339757,88513495,False,False,False,False,False,True,True,False,False,False,False,False,False,False,True,False,False,False,False,False,False
gone baby gone,Gone Baby Gone,2007.0,114,7.6,250590,20300218,False,False,False,False,False,True,True,False,False,False,False,False,False,False,True,False,False,False,False,False,False
la vie en rose,La Vie En Rose,2007.0,140,7.6,82781,10301706,False,False,False,True,False,False,True,False,False,False,False,False,True,False,False,False,False,False,False,False,False
huo yuan jia,Huo Yuan Jia,2006.0,104,7.6,72863,24633730,True,False,False,True,False,False,True,False,False,False,False,False,False,False,False,False,False,False,False,False,False
the illusionist,The Illusionist,2006.0,110,7.6,354728,39868642,False,False,False,False,False,False,True,False,True,False,False,False,False,False,True,False,False,False,False,False,False
harry potter and the half blood prince,Harry Potter and the Half-Blood Prince,2009.0,153,7.6,474827,301959197,True,True,False,False,False,False,False,True,False,False,False,False,False,False,False,False,False,False,False,False,False
300,300,2006.0,117,7.6,732876,210614939,True,False,False,False,False,False,True,False,False,False,False,False,False,False,False,False,False,False,False,False,False
match point,Match Point,2005.0,124,7.6,206294,23089926,False,False,False,False,False,False,True,False,False,False,False,False,False,False,False,True,False,False,True,False,False
watchmen,Watchmen,2009.0,162,7.6,500799,107509799,True,False,False,False,False,False,True,False,False,False,False,False,False,False,True,False,False,False,False,False,False
lord of war,Lord of War,2005.0,122,7.6,294140,24149632,True,False,False,False,False,True,True,False,False,False,False,False,False,False,False,False,False,False,False,False,False
saw,Saw,2004.0,103,7.6,379020,56000369,False,False,False,False,False,False,False,False,False,False,False,True,False,False,True,False,False,False,True,False,False
synecdoche new york,"Synecdoche, New York",2008.0,124,7.6,83158,3081925,False,False,False,False,False,False,True,False,False,False,False,False,False,False,False,False,False,False,False,False,False
mysterious skin,Mysterious Skin,2004.0,105,7.6,65939,697181,False,False,False,False,False,False,True,False,False,False,False,False,False,False,False,False,False,False,False,False,False
jeux d enfants,Jeux d'enfants,2003.0,93,7.6,67360,548707,False,False,False,False,True,False,True,False,False,False,False,False,False,False,False,True,False,False,False,False,False
un long dimanche de fiancailles,Un long dimanche de fiançailles,2004.0,133,7.6,70925,6167817,False,False,False,False,False,False,True,False,False,False,False,False,False,False,True,True,False,False,False,False,False
the station agent,The Station Agent,2003.0,89,7.6,67370,5739376,False,False,False,False,True,False,True,False,False,False,False,False,False,False,False,False,False,False,False,False,False
21 grams,21 Grams,2003.0,124,7.6,224545,16290476,False,False,False,False,False,True,True,False,False,False,False,False,False,False,False,False,False,False,True,False,False
boksuneun naui geot,Boksuneun naui geot,2002.0,129,7.6,62659,45289,False,False,False,False,False,True,True,False,False,False,False,False,False,False,False,False,False,False,True,False,False
finding neverland,Finding Neverland,2004.0,106,7.6,198677,51680613,False,False,False,True,False,False,True,True,False,False,False,False,False,False,False,False,False,False,False,False,False
25th hour,25th Hour,2002.0,135,7.6,169708,13060843,False,False,False,False,False,False,True,False,False,False,False,False,False,False,False,False,False,False,False,False,False
the butterfly effect,The Butterfly Effect,2004.0,113,7.6,451479,57938693,False,False,False,False,False,False,True,False,False,False,False,False,False,False,False,False,True,False,True,False,False
28 days later,28 Days Later...,2002.0,113,7.6,376853,45064915,False,False,False,False,False,False,True,False,False,False,False,True,False,False,False,False,True,False,False,False,False
the royal tenenbaums,The Royal Tenenbaums,2001.0,110,7.6,266842,52364010,False,False,False,False,True,False,True,False,False,False,False,False,False,False,False,False,False,False,False,False,False
y tu mama tambien,Y tu mamá también,2001.0,106,7.6,115827,13622333,False,False,False,False,False,False,True,False,False,False,False,False,False,False,False,False,False,False,False,False,False
harry potter and the sorcerer s stone,Harry Potter and the Sorcerer's Stone,2001.0,152,7.6,658185,317575550,False,True,False,False,False,False,False,True,True,False,False,False,False,False,False,False,False,False,False,False,False
the others,The Others,2001.0,101,7.6,337651,96522687,False,False,False,False,False,False,False,False,False,False,False,True,False,False,True,False,False,False,True,False,False
blow,Blow,2001.0,124,7.6,240714,52990775,False,False,False,True,False,True,True,False,False,False,False,False,False,False,False,False,False,False,False,False,False
enemy at the gates,Enemy at the Gates,2001.0,131,7.6,243729,51401758,False,False,False,False,False,False,True,False,False,False,True,False,False,False,False,False,False,False,False,True,False
minority report,Minority Report,2002.0,145,7.6,508417,132072926,True,False,False,False,False,True,False,False,False,False,False,False,False,False,True,False,False,False,False,False,False
the hurricane,The Hurricane,1999.0,146,7.6,91557,50668906,False,False,False,True,False,False,True,False,False,False,False,False,False,False,False,False,False,True,False,False,False
american psycho,American Psycho,2000.0,101,7.6,490062,15070285,False,False,False,False,True,True,True,False,False,False,False,False,False,False,False,False,False,False,False,False,False
lola rennt,Lola rennt,1998.0,81,7.6,188317,7267585,False,False,False,False,False,True,True,False,False,False,False,False,False,False,False,False,False,False,True,False,False
the thin red line,The Thin Red Line,1998.0,170,7.6,172710,36400491,False,False,False,False,False,False,True,False,False,False,False,False,False,False,False,False,False,False,False,True,False
mulan,Mulan,1998.0,88,7.6,256906,120620254,False,True,True,False,False,False,False,True,False,False,False,False,False,False,False,False,False,False,False,False,False
fear and loathing in las vegas,Fear and Loathing in Las Vegas,1998.0,118,7.6,259753,10680275,False,True,False,False,True,False,True,False,False,False,False,False,False,False,False,False,False,False,False,False,False
dark city,Dark City,1998.0,100,7.6,187927,14378331,False,False,False,False,False,False,False,False,False,False,False,False,False,False,True,False,True,False,True,False,False
sleepers,Sleepers,1996.0,147,7.6,186734,49100000,False,False,False,False,False,True,True,False,False,False,False,False,False,False,False,False,False,False,True,False,False
lost highway,Lost Highway,1997.0,134,7.6,131101,3796699,False,False,False,False,False,False,False,False,False,False,False,False,False,False,True,False,False,False,True,False,False
sense and sensibility,Sense and Sensibility,1995.0,136,7.6,102598,43182776,False,False,False,False,False,False,True,False,False,False,False,False,False,False,False,True,False,False,False,False,False
die hard with a vengeance,Die Hard: With a Vengeance,1995.0,128,7.6,364420,100012499,True,True,False,False,False,False,False,False,False,False,False,False,False,False,False,False,False,False,True,False,False
dead man,Dead Man,1995.0,121,7.6,90442,1037847,False,True,False,False,False,False,True,False,True,False,False,False,False,False,False,False,False,False,False,False,False
the bridges of madison county,The Bridges of Madison County,1995.0,135,7.6,73172,71516617,False,False,False,False,False,False,True,False,False,False,False,False,False,False,False,True,False,False,False,False,False
apollo 13,Apollo 13,,140,7.6,269197,173837933,False,True,False,False,False,False,True,False,False,False,True,False,False,False,False,False,False,False,False,False,False
trois couleurs blanc,Trois couleurs: Blanc,1994.0,92,7.6,64390,1464625,False,False,False,False,True,False,True,False,False,False,False,False,False,False,False,True,False,False,False,False,False
falling down,Falling Down,1993.0,113,7.6,171640,40903593,True,False,False,False,False,True,True,False,False,False,False,False,False,False,False,False,False,False,False,False,False
dazed and confused,Dazed and Confused,1993.0,102,7.6,165465,7993039,False,False,False,False,True,False,False,False,False,False,False,False,False,False,False,False,False,False,False,False,False
my cousin vinny,My Cousin Vinny,1992.0,120,7.6,107325,52929168,False,False,False,False,True,True,False,False,False,False,False,False,False,False,False,False,False,False,False,False,False
omohide poro poro,Omohide poro poro,1991.0,118,7.6,27071,453243,False,False,True,False,False,False,True,False,False,False,False,False,False,False,False,True,False,False,False,False,False
delicatessen,Delicatessen,1991.0,99,7.6,80487,1794187,False,False,False,False,True,True,False,False,False,False,False,False,False,False,False,False,False,False,False,False,False
home alone,Home Alone,1990.0,103,7.6,488817,285761243,False,False,False,False,True,False,False,True,False,False,False,False,False,False,False,False,False,False,False,False,False
the godfather part iii,The Godfather: Part III,1990.0,162,7.6,359809,66666062,False,False,False,False,False,True,True,False,False,False,False,False,False,False,False,False,False,False,False,False,False
when harry met sally,When Harry Met Sally...,1989.0,95,7.6,195663,92823600,False,False,False,False,True,False,True,False,False,False,False,False,False,False,False,True,False,False,False,False,False
the little mermaid,The Little Mermaid,1989.0,83,7.6,237696,111543479,False,False,True,False,False,False,False,True,True,False,False,False,False,False,False,False,False,False,False,False,False
the naked gun from the files of police squad,The Naked Gun: From the Files of Police Squad!,1988.0,85,7.6,152871,78756177,False,False,False,False,True,True,False,False,False,False,False,False,False,False,False,False,False,False,False,False,False
planes trains automobiles,"Planes, Trains & Automobiles",1987.0,93,7.6,124773,49530280,False,False,False,False,True,False,True,False,False,False,False,False,False,False,False,False,False,False,False,False,False
lethal weapon,Lethal Weapon,1987.0,109,7.6,236894,65207127,True,False,False,False,False,True,False,False,False,False,False,False,False,False,False,False,False,False,True,False,False
blood simple,Blood Simple,1984.0,99,7.6,87745,2150000,False,False,False,False,False,True,True,False,False,False,False,False,False,False,False,False,False,False,True,False,False
on golden pond,On Golden Pond,1981.0,109,7.6,27650,119285432,False,False,False,False,False,False,True,False,False,False,False,False,False,False,False,False,False,False,False,False,False
mad max 2,Mad Max 2,1981.0,96,7.6,166588,12465371,True,True,False,False,False,False,False,False,False,False,False,False,False,False,False,False,True,False,False,False,False
the warriors,The Warriors,1979.0,92,7.6,93878,22490039,True,False,False,False,False,True,False,False,False,False,False,False,False,False,False,False,False,False,True,False,False
the muppet movie,The Muppet Movie,1979.0,95,7.6,32802,76657000,False,True,False,False,True,False,False,True,False,False,False,False,False,False,False,False,False,False,False,False,False
escape from alcatraz,Escape from Alcatraz,1979.0,112,7.6,121731,43000000,True,False,False,True,False,True,False,False,False,False,False,False,False,False,False,False,False,False,False,False,False
midnight express,Midnight Express,1978.0,121,7.6,73662,35000000,False,False,False,True,False,True,True,False,False,False,False,False,False,False,False,False,False,False,False,False,False
close encounters of the third kind,Close Encounters of the Third Kind,1977.0,138,7.6,184966,132088635,False,False,False,False,False,False,True,False,False,False,False,False,False,False,False,False,True,False,False,False,False
the long goodbye,The Long Goodbye,1973.0,112,7.6,26337,959000,False,False,False,False,True,True,True,False,False,False,False,False,False,False,False,False,False,False,False,False,False
giu la testa,Giù la testa,1971.0,157,7.6,30144,696690,False,False,False,False,False,False,True,False,False,False,False,False,False,False,False,False,False,False,False,True,True
kelly s heroes,Kelly's Heroes,1970.0,144,7.6,45338,1378435,False,True,False,False,True,False,False,False,False,False,False,False,False,False,False,False,False,False,False,True,False
the jungle book,The Jungle Book,1967.0,78,7.6,166409,141843612,False,True,True,False,False,False,False,True,False,False,False,False,False,False,False,False,False,False,False,False,False
a hard day s night,A Hard Day's Night,1964.0,87,7.6,40351,13780024,False,False,False,False,True,False,False,False,False,False,False,False,True,True,False,False,False,False,False,False,False
from here to eternity,From Here to Eternity,1953.0,118,7.6,43374,30500000,False,False,False,False,False,False,True,False,False,False,False,False,False,False,False,True,False,False,False,True,False
