canonicalcategory,film,name,winner
ACTOR IN A LEADING ROLE,The Noose,Richard Barthelmess,True
ACTOR IN A LEADING ROLE,The Patent Leather Kid,Richard Barthelmess,True
ACTOR IN A LEADING ROLE,The Last Command,Emil Jannings,True
ACTOR IN A LEADING ROLE,The Way of All Flesh,Emil Jannings,True
ACTRESS IN A LEADING ROLE,A Ship Comes In,Louise Dresser,True
ACTRESS IN A LEADING ROLE,7th Heaven,Janet Gaynor,True
ACTRESS IN A LEADING ROLE,Street Angel,Janet Gaynor,True
ACTRESS IN A LEADING ROLE,Sunrise,Janet Gaynor,True
ACTRESS IN A LEADING ROLE,Sadie Thompson,Gloria Swanson,True
ART DIRECTION,Sunrise,Rochus Gliese,True
ART DIRECTION,The Dove,William Cameron Menzies,True
ART DIRECTION,Tempest,William Cameron Menzies,True
ART DIRECTION,7th Heaven,Harry Oliver,True
CINEMATOGRAPHY,The Devil Dancer,George Barnes,True
CINEMATOGRAPHY,The Magic Flame,George Barnes,True
CINEMATOGRAPHY,Sadie Thompson,George Barnes,True
CINEMATOGRAPHY,Sunrise,"Charles Rosher, Karl Struss",True
DIRECTING (Comedy Picture),Two Arabian Knights,Lewis Milestone,True
DIRECTING (Comedy Picture),Speedy,Ted Wilde,True
DIRECTING (Dramatic Picture),7th Heaven,Frank Borzage,True
DIRECTING (Dramatic Picture),Sorrell and Son,Herbert Brenon,True
DIRECTING (Dramatic Picture),The Crowd,King Vidor,True
VISUAL EFFECTS,Wings,Roy Pomeroy,True
BEST PICTURE,The Racket,The Caddo Company,True
BEST PICTURE,7th Heaven,Fox,True
BEST PICTURE,Wings,Paramount Famous Lasky,True
UNIQUE AND ARTISTIC PICTURE,Sunrise,Fox,True
UNIQUE AND ARTISTIC PICTURE,The Crowd,Metro-Goldwyn-Mayer,True
UNIQUE AND ARTISTIC PICTURE,Chang,Paramount Famous Lasky,True
WRITING (Adapted Screenplay),The Jazz Singer,Alfred Cohn,True
WRITING (Adapted Screenplay),Glorious Betsy,Anthony Coldeway,True
WRITING (Adapted Screenplay),7th Heaven,Benjamin Glazer,True
WRITING (Original Story),The Last Command,Lajos Biro,True
WRITING (Original Story),Underworld,Ben Hecht,True
WRITING (Title Writing),The Private Life of Helen of Troy,Gerald Duffy,True
SPECIAL AWARD,The Jazz Singer,nan,True
SPECIAL AWARD,The Circus,nan,True
ACTOR IN A LEADING ROLE,Thunderbolt,George Bancroft,True
ACTOR IN A LEADING ROLE,In Old Arizona,Warner Baxter,True
ACTOR IN A LEADING ROLE,Alibi,Chester Morris,True
ACTOR IN A LEADING ROLE,The Valiant,Paul Muni,True
ACTOR IN A LEADING ROLE,The Patriot,Lewis Stone,True
ACTRESS IN A LEADING ROLE,Madame X,Ruth Chatterton,True
ACTRESS IN A LEADING ROLE,The Barker,Betty Compson,True
ACTRESS IN A LEADING ROLE,The Letter,Jeanne Eagels,True
ACTRESS IN A LEADING ROLE,The Divine Lady,Corinne Griffith,True
ACTRESS IN A LEADING ROLE,The Broadway Melody,Bessie Love,True
ACTRESS IN A LEADING ROLE,Coquette,Mary Pickford,True
ART DIRECTION,The Patriot,Hans Dreier,True
ART DIRECTION,The Bridge of San Luis Rey,Cedric Gibbons,True
ART DIRECTION,Dynamite,Mitchell Leisen,True
ART DIRECTION,Alibi,William Cameron Menzies,True
ART DIRECTION,The Awakening,William Cameron Menzies,True
ART DIRECTION,Street Angel,Harry Oliver,True
CINEMATOGRAPHY,Our Dancing Daughters,George Barnes,True
CINEMATOGRAPHY,White Shadows in the South Seas,Clyde De Vinna,True
CINEMATOGRAPHY,In Old Arizona,Arthur Edeson,True
CINEMATOGRAPHY,Four Devils,Ernest Palmer,True
CINEMATOGRAPHY,Street Angel,Ernest Palmer,True
CINEMATOGRAPHY,The Divine Lady,John Seitz,True
DIRECTING,Madame X,Lionel Barrymore,True
DIRECTING,The Broadway Melody,Harry Beaumont,True
DIRECTING,In Old Arizona,Irving Cummings,True
DIRECTING,The Divine Lady,Frank Lloyd,True
DIRECTING,Drag,Frank Lloyd,True
DIRECTING,Weary River,Frank Lloyd,True
DIRECTING,The Patriot,Ernst Lubitsch,True
BEST PICTURE,Alibi,Feature Productions,True
BEST PICTURE,In Old Arizona,Fox,True
BEST PICTURE,The Broadway Melody,Metro-Goldwyn-Mayer,True
BEST PICTURE,Hollywood Revue,Metro-Goldwyn-Mayer,True
BEST PICTURE,The Patriot,Paramount Famous Lasky,True
WRITING (Adapted Screenplay),In Old Arizona,Tom Barry,True
WRITING (Adapted Screenplay),The Valiant,Tom Barry,True
WRITING (Adapted Screenplay),The Cop,Elliott Clawson,True
WRITING (Adapted Screenplay),The Leatherneck,Elliott Clawson,True
WRITING (Adapted Screenplay),Sal of Singapore,Elliott Clawson,True
WRITING (Adapted Screenplay),Skyscraper,Elliott Clawson,True
WRITING (Adapted Screenplay),The Last of Mrs. Cheyney,Hans Kraly,True
WRITING (Adapted Screenplay),The Patriot,Hans Kraly,True
WRITING (Adapted Screenplay),Our Dancing Daughters,Josephine Lovett,True
WRITING (Adapted Screenplay),A Woman of Affairs,Bess Meredyth,True
WRITING (Adapted Screenplay),Wonder of Women,Bess Meredyth,True
ACTOR IN A LEADING ROLE,Disraeli,George Arliss,True
ACTOR IN A LEADING ROLE,The Green Goddess,George Arliss,True
ACTOR IN A LEADING ROLE,The Big House,Wallace Beery,True
ACTOR IN A LEADING ROLE,The Big Pond,Maurice Chevalier,True
ACTOR IN A LEADING ROLE,The Love Parade,Maurice Chevalier,True
ACTOR IN A LEADING ROLE,Bulldog Drummond,Ronald Colman,True
ACTOR IN A LEADING ROLE,Condemned,Ronald Colman,True
ACTOR IN A LEADING ROLE,The Rogue Song,Lawrence Tibbett,True
ACTRESS IN A LEADING ROLE,The Devil's Holiday,Nancy Carroll,True
ACTRESS IN A LEADING ROLE,Sarah and Son,Ruth Chatterton,True
ACTRESS IN A LEADING ROLE,Anna Christie,Greta Garbo,True
ACTRESS IN A LEADING ROLE,Romance,Greta Garbo,True
ACTRESS IN A LEADING ROLE,The Divorcee,Norma Shearer,True
ACTRESS IN A LEADING ROLE,Their Own Desire,Norma Shearer,True
ACTRESS IN A LEADING ROLE,The Trespasser,Gloria Swanson,True
ART DIRECTION,Bulldog Drummond,(William Cameron Menzies),True
ART DIRECTION,King of Jazz,Herman Rosse,True
ART DIRECTION,The Love Parade,(Hans Dreier),True
ART DIRECTION,Sally,(Jack Okey),True
ART DIRECTION,The Vagabond King,(Hans Dreier),True
CINEMATOGRAPHY,All Quiet on the Western Front,(Arthur Edeson),True
CINEMATOGRAPHY,Anna Christie,(William Daniels),True
CINEMATOGRAPHY,Hell's Angels,"(Gaetano Gaudio), (Harry Perry)",True
CINEMATOGRAPHY,The Love Parade,(Victor Milner),True
CINEMATOGRAPHY,With Byrd at the South Pole,"Joseph T. Rucker, Willard Van Der Veer",True
DIRECTING,Anna Christie,Clarence Brown,True
DIRECTING,Romance,Clarence Brown,True
DIRECTING,The Divorcee,Robert Leonard,True
DIRECTING,The Love Parade,Ernst Lubitsch,True
DIRECTING,All Quiet on the Western Front,Lewis Milestone,True
DIRECTING,Hallelujah,King Vidor,True
BEST PICTURE,All Quiet on the Western Front,Universal,True
BEST PICTURE,The Big House,Cosmopolitan,True
BEST PICTURE,Disraeli,Warner Bros.,True
BEST PICTURE,The Divorcee,Metro-Goldwyn-Mayer,True
BEST PICTURE,The Love Parade,Paramount Famous Lasky,True
SOUND RECORDING,The Big House,"Metro-Goldwyn-Mayer Studio Sound Department, Douglas Shearer, Sound Director",True
SOUND RECORDING,The Case of Sergeant Grischa,"(RKO Radio Studio Sound Department, John Tribby, Sound Director)",True
SOUND RECORDING,The Love Parade,"(Paramount Famous Lasky Studio Sound Department, Franklin Hansen, Sound Director)",True
SOUND RECORDING,Raffles,"(United Artists Studio Sound Department, Oscar Lagerstrom, Sound Director)",True
SOUND RECORDING,Song of the Flame,"(First National Studio Sound Department, George Groves, Sound Director)",True
WRITING (Adapted Screenplay),All Quiet on the Western Front,"(George Abbott), (Maxwell Anderson), (Del Andrews)",True
WRITING (Adapted Screenplay),The Big House,Frances Marion,True
WRITING (Adapted Screenplay),Disraeli,(Julian Josephson),True
WRITING (Adapted Screenplay),The Divorcee,(John Meehan),True
WRITING (Adapted Screenplay),Street of Chance,(Howard Estabrook),True
ACTOR IN A LEADING ROLE,A Free Soul,Lionel Barrymore,True
ACTOR IN A LEADING ROLE,Skippy,Jackie Cooper,True
ACTOR IN A LEADING ROLE,Cimarron,Richard Dix,True
ACTOR IN A LEADING ROLE,The Royal Family of Broadway,Fredric March,True
ACTOR IN A LEADING ROLE,The Front Page,Adolphe Menjou,True
ACTRESS IN A LEADING ROLE,Morocco,Marlene Dietrich,True
ACTRESS IN A LEADING ROLE,Min and Bill,Marie Dressler,True
ACTRESS IN A LEADING ROLE,Cimarron,Irene Dunne,True
ACTRESS IN A LEADING ROLE,Holiday,Ann Harding,True
ACTRESS IN A LEADING ROLE,A Free Soul,Norma Shearer,True
ART DIRECTION,Cimarron,Max Rée,True
ART DIRECTION,Just Imagine,"Stephen Goosson, Ralph Hammeras",True
ART DIRECTION,Morocco,Hans Dreier,True
ART DIRECTION,Svengali,Anton Grot,True
ART DIRECTION,Whoopee!,Richard Day,True
CINEMATOGRAPHY,Cimarron,Edward Cronjager,True
CINEMATOGRAPHY,Morocco,Lee Garmes,True
CINEMATOGRAPHY,The Right to Love,Charles Lang,True
CINEMATOGRAPHY,Svengali,"Barney ""Chick"" McGill",True
CINEMATOGRAPHY,Tabu,Floyd Crosby,True
DIRECTING,Cimarron,Wesley Ruggles,True
DIRECTING,A Free Soul,Clarence Brown,True
DIRECTING,The Front Page,Lewis Milestone,True
DIRECTING,Morocco,Josef Von Sternberg,True
DIRECTING,Skippy,Norman Taurog,True
BEST PICTURE,Cimarron,RKO Radio,True
BEST PICTURE,East Lynne,Fox,True
BEST PICTURE,The Front Page,The Caddo Company,True
BEST PICTURE,Skippy,Paramount Publix,True
BEST PICTURE,Trader Horn,Metro-Goldwyn-Mayer,True
WRITING (Adapted Screenplay),Cimarron,Howard Estabrook,True
WRITING (Adapted Screenplay),The Criminal Code,"Seton I. Miller, Fred Niblo, Jr.",True
WRITING (Adapted Screenplay),Holiday,Horace Jackson,True
WRITING (Adapted Screenplay),Little Caesar,"Francis Faragoh, Robert N. Lee",True
WRITING (Adapted Screenplay),Skippy,"Joseph L. Mankiewicz, Sam Mintz",True
WRITING (Original Story),The Dawn Patrol,John Monk Saunders,True
WRITING (Original Story),The Doorway to Hell,Rowland Brown,True
WRITING (Original Story),Laughter,"Harry d'Abbadie d'Arrast, Douglas Doty, Donald Ogden Stewart",True
WRITING (Original Story),The Public Enemy,"John Bright, Kubec Glasmon",True
WRITING (Original Story),Smart Money,"Lucien Hubbard, Joseph Jackson",True
ACTOR IN A LEADING ROLE,The Champ,Wallace Beery,True
ACTOR IN A LEADING ROLE,The Guardsman,Alfred Lunt,True
ACTOR IN A LEADING ROLE,Dr. Jekyll and Mr. Hyde,Fredric March,True
ACTRESS IN A LEADING ROLE,Emma,Marie Dressler,True
ACTRESS IN A LEADING ROLE,The Guardsman,Lynn Fontanne,True
ACTRESS IN A LEADING ROLE,The Sin of Madelon Claudet,Helen Hayes,True
ART DIRECTION,À Nous la Liberté,Lazare Meerson,True
ART DIRECTION,Arrowsmith,Richard Day,True
ART DIRECTION,Transatlantic,Gordon Wiles,True
CINEMATOGRAPHY,Arrowsmith,Ray June,True
CINEMATOGRAPHY,Dr. Jekyll and Mr. Hyde,Karl Struss,True
CINEMATOGRAPHY,Shanghai Express,Lee Garmes,True
DIRECTING,Bad Girl,Frank Borzage,True
DIRECTING,The Champ,King Vidor,True
DIRECTING,Shanghai Express,Josef Von Sternberg,True
BEST PICTURE,Arrowsmith,Samuel Goldwyn Productions,True
BEST PICTURE,Bad Girl,Fox,True
BEST PICTURE,The Champ,Metro-Goldwyn-Mayer,True
BEST PICTURE,Five Star Final,First National,True
BEST PICTURE,Grand Hotel,Metro-Goldwyn-Mayer,True
BEST PICTURE,One Hour with You,Paramount Publix,True
BEST PICTURE,Shanghai Express,Paramount Publix,True
BEST PICTURE,The Smiling Lieutenant,Paramount Publix,True
SHORT FILM (Animated),Flowers and Trees,"Walt Disney, Producer",True
SHORT FILM (Animated),It's Got Me Again,"Leon Schlesinger, Producer",True
SHORT FILM (Animated),Mickey's Orphans,"Walt Disney, Producer",True
SHORT SUBJECT (Comedy),The Loud Mouth,"Mack Sennett, Producer",True
SHORT SUBJECT (Comedy),The Music Box,"Hal Roach, Producer",True
SHORT SUBJECT (Comedy),Scratch-As-Catch-Can,RKO Radio,True
SHORT SUBJECT (Comedy),Stout Hearts and Willing Hands,RKO Radio,True
SHORT SUBJECT (Novelty),Screen Souvenirs,Paramount Publix,True
SHORT SUBJECT (Novelty),Swing High,Metro-Goldwyn-Mayer,True
SHORT SUBJECT (Novelty),Wrestling Swordfish,"Mack Sennett, Producer",True
WRITING (Adapted Screenplay),Arrowsmith,Sidney Howard,True
WRITING (Adapted Screenplay),Bad Girl,Edwin Burke,True
WRITING (Adapted Screenplay),Dr. Jekyll and Mr. Hyde,"Percy Heath, Samuel Hoffenstein",True
WRITING (Original Story),The Champ,Frances Marion,True
WRITING (Original Story),Lady and Gent,"Grover Jones, William Slavens McNutt",True
WRITING (Original Story),The Star Witness,Lucien Hubbard,True
WRITING (Original Story),What Price Hollywood?,"Adela Rogers St. Johns, Jane Murfin",True
ACTOR IN A LEADING ROLE,Berkeley Square,Leslie Howard,True
ACTOR IN A LEADING ROLE,The Private Life of Henry VIII,Charles Laughton,True
ACTOR IN A LEADING ROLE,I Am a Fugitive from a Chain Gang,Paul Muni,True
ACTRESS IN A LEADING ROLE,Morning Glory,Katharine Hepburn,True
ACTRESS IN A LEADING ROLE,Lady for a Day,May Robson,True
ACTRESS IN A LEADING ROLE,Cavalcade,Diana Wynyard,True
ART DIRECTION,Cavalcade,William S. Darling,True
ART DIRECTION,A Farewell to Arms,"Hans Dreier, Roland Anderson",True
ART DIRECTION,When Ladies Meet,Cedric Gibbons,True
CINEMATOGRAPHY,A Farewell to Arms,"Charles Bryant Lang, Jr.",True
CINEMATOGRAPHY,Reunion in Vienna,George J. Folsey,True
CINEMATOGRAPHY,The Sign of the Cross,Karl Struss,True
DIRECTING,Cavalcade,Frank Lloyd,True
DIRECTING,Lady for a Day,Frank Capra,True
DIRECTING,Little Women,George Cukor,True
BEST PICTURE,Cavalcade,Fox,True
BEST PICTURE,A Farewell to Arms,Paramount,True
BEST PICTURE,42nd Street,Warner Bros.,True
BEST PICTURE,I Am a Fugitive from a Chain Gang,Warner Bros.,True
BEST PICTURE,Lady for a Day,Columbia,True
BEST PICTURE,Little Women,RKO Radio,True
BEST PICTURE,The Private Life of Henry VIII,London Films,True
BEST PICTURE,She Done Him Wrong,Paramount,True
BEST PICTURE,Smilin' Through,Metro-Goldwyn-Mayer,True
BEST PICTURE,State Fair,Fox,True
SHORT FILM (Animated),Building a Building,"Walt Disney, Producer",True
SHORT FILM (Animated),The Merry Old Soul,"Walter Lantz, Producer",True
SHORT FILM (Animated),The Three Little Pigs,"Walt Disney, Producer",True
SHORT SUBJECT (Comedy),Mister Mugg,"Warren Doane, Producer",True
SHORT SUBJECT (Comedy),A Preferred List,"Louis Brock, Producer",True
SHORT SUBJECT (Comedy),So This Is Harris,"Louis Brock, Producer",True
SHORT SUBJECT (Novelty),Krakatoa,"Joe Rock, Producer",True
SHORT SUBJECT (Novelty),Menu,"Pete Smith, Producer",True
SHORT SUBJECT (Novelty),The Sea,Educational,True
SOUND RECORDING,A Farewell to Arms,"Paramount Studio Sound Department, Franklin B. Hansen, Sound Director",True
SOUND RECORDING,42nd Street,"Warner Bros. Studio Sound Department, Nathan Levinson, Sound Director",True
SOUND RECORDING,Gold Diggers of 1933,"Warner Bros. Studio Sound Department, Nathan Levinson, Sound Director",True
SOUND RECORDING,I Am a Fugitive from a Chain Gang,"Warner Bros. Studio Sound Department, Nathan Levinson, Sound Director",True
WRITING (Adapted Screenplay),Lady for a Day,Robert Riskin,True
WRITING (Adapted Screenplay),Little Women,"Victor Heerman, Sarah Y. Mason",True
WRITING (Adapted Screenplay),State Fair,"Paul Green, Sonya Levien",True
WRITING (Original Story),One Way Passage,Robert Lord,True
WRITING (Original Story),The Prizefighter and the Lady,Frances Marion,True
WRITING (Original Story),Rasputin and the Empress,Charles MacArthur,True
ACTOR IN A LEADING ROLE,It Happened One Night,Clark Gable,True
ACTOR IN A LEADING ROLE,The Affairs of Cellini,Frank Morgan,True
ACTOR IN A LEADING ROLE,The Thin Man,William Powell,True
ACTRESS IN A LEADING ROLE,It Happened One Night,Claudette Colbert,True
ACTRESS IN A LEADING ROLE,Of Human Bondage,Bette Davis,True
ACTRESS IN A LEADING ROLE,One Night of Love,Grace Moore,True
ACTRESS IN A LEADING ROLE,The Barretts of Wimpole Street,Norma Shearer,True
ART DIRECTION,The Affairs of Cellini,Richard Day,True
ART DIRECTION,The Gay Divorcee,"Van Nest Polglase, Carroll Clark",True
ART DIRECTION,The Merry Widow,"Cedric Gibbons, Fredric Hope",True
ASSISTANT DIRECTOR,Cleopatra,Cullen Tate,True
ASSISTANT DIRECTOR,Imitation of Life,Scott Beal,True
ASSISTANT DIRECTOR,Viva Villa!,John Waters,True
CINEMATOGRAPHY,The Affairs of Cellini,Charles Rosher,True
CINEMATOGRAPHY,Cleopatra,Victor Milner,True
CINEMATOGRAPHY,Operator 13,George Folsey,True
DIRECTING,It Happened One Night,Frank Capra,True
DIRECTING,One Night of Love,Victor Schertzinger,True
DIRECTING,The Thin Man,W. S. Van Dyke,True
FILM EDITING,Cleopatra,Anne Bauchens,True
FILM EDITING,Eskimo,Conrad Nervig,True
FILM EDITING,One Night of Love,Gene Milford,True
MUSIC (Original Song Score or Adaptation Score),The Gay Divorcee,"RKO Radio Studio Music Department, Max Steiner, head of department (Score by Kenneth Webb and Samuel Hoffenstein)",True
MUSIC (Original Song Score or Adaptation Score),The Lost Patrol,"RKO Radio Studio Music Department, Max Steiner, head of department (Score by Max Steiner)",True
MUSIC (Original Song Score or Adaptation Score),One Night of Love,"Columbia Studio Music Department, Louis Silvers, head of department (Thematic Music by Victor Schertzinger and Gus Kahn)",True
MUSIC (Original Song),Flying Down to Rio,Music by Vincent Youmans; Lyrics by Edward Eliscu and Gus Kahn,True
MUSIC (Original Song),The Gay Divorcee,Music by Con Conrad; Lyrics by Herb Magidson,True
MUSIC (Original Song),She Loves Me Not,Music by Ralph Rainger; Lyrics by Leo Robin,True
BEST PICTURE,The Barretts of Wimpole Street,Metro-Goldwyn-Mayer,True
BEST PICTURE,Cleopatra,Paramount,True
BEST PICTURE,Flirtation Walk,First National,True
BEST PICTURE,The Gay Divorcee,RKO Radio,True
BEST PICTURE,Here Comes the Navy,Warner Bros.,True
BEST PICTURE,The House of Rothschild,20th Century,True
BEST PICTURE,Imitation of Life,Universal,True
BEST PICTURE,It Happened One Night,Columbia,True
BEST PICTURE,One Night of Love,Columbia,True
BEST PICTURE,The Thin Man,Metro-Goldwyn-Mayer,True
BEST PICTURE,Viva Villa!,Metro-Goldwyn-Mayer,True
BEST PICTURE,The White Parade,Jesse L. Lasky (production company),True
SHORT FILM (Animated),Holiday Land,"Charles Mintz, Producer",True
SHORT FILM (Animated),Jolly Little Elves,"Walter Lantz, Producer",True
SHORT FILM (Animated),The Tortoise and the Hare,"Walt Disney, Producer",True
SHORT SUBJECT (Comedy),La Cucaracha,"Kenneth Macgowan, Producer",True
SHORT SUBJECT (Comedy),Men in Black,"Jules White, Producer",True
SHORT SUBJECT (Comedy),"What, No Men!",Warner Bros.,True
SHORT SUBJECT (Novelty),Bosom Friends,Skibo Productions,True
SHORT SUBJECT (Novelty),City of Wax,"Stacy Woodard and Horace Woodard, Producers",True
SHORT SUBJECT (Novelty),Strikes and Spares,"Pete Smith, Producer",True
SOUND RECORDING,The Affairs of Cellini,"United Artists Studio Sound Department, Thomas T. Moulton, Sound Director",True
SOUND RECORDING,Cleopatra,"Paramount Studio Sound Department, Franklin B. Hansen, Sound Director",True
SOUND RECORDING,Flirtation Walk,"Warner Bros.-First National Studio Sound Department, Nathan Levinson, Sound Director",True
SOUND RECORDING,The Gay Divorcee,"RKO Radio Studio Sound Department, Carl Dreher, Sound Director",True
SOUND RECORDING,Imitation of Life,"Universal Studio Sound Department, Theodore Soderberg, Sound Director",True
SOUND RECORDING,One Night of Love,"Columbia Studio Sound Department, John Livadary, Sound Director",True
SOUND RECORDING,Viva Villa!,"Metro-Goldwyn-Mayer Studio Sound Department, Douglas Shearer, Sound Director",True
SOUND RECORDING,The White Parade,"Fox Studio Sound Department, E. H. Hansen, Sound Director",True
WRITING (Adapted Screenplay),It Happened One Night,Robert Riskin,True
WRITING (Adapted Screenplay),The Thin Man,"Frances Goodrich, Albert Hackett",True
WRITING (Adapted Screenplay),Viva Villa!,Ben Hecht,True
WRITING (Original Story),Hide-Out,Mauri Grashin,True
WRITING (Original Story),Manhattan Melodrama,Arthur Caesar,True
WRITING (Original Story),The Richest Girl in the World,Norman Krasna,True
SCIENTIFIC OR TECHNICAL AWARD (Class III),One Night of Love,nan,True
ACTOR IN A LEADING ROLE,Mutiny on the Bounty,Clark Gable,True
ACTOR IN A LEADING ROLE,Mutiny on the Bounty,Charles Laughton,True
ACTOR IN A LEADING ROLE,The Informer,Victor McLaglen,True
ACTOR IN A LEADING ROLE,Black Fury,Paul Muni,True
ACTOR IN A LEADING ROLE,Mutiny on the Bounty,Franchot Tone,True
ACTRESS IN A LEADING ROLE,Escape Me Never,Elisabeth Bergner,True
ACTRESS IN A LEADING ROLE,Private Worlds,Claudette Colbert,True
ACTRESS IN A LEADING ROLE,Dangerous,Bette Davis,True
ACTRESS IN A LEADING ROLE,Alice Adams,Katharine Hepburn,True
ACTRESS IN A LEADING ROLE,Becky Sharp,Miriam Hopkins,True
ACTRESS IN A LEADING ROLE,The Dark Angel,Merle Oberon,True
ART DIRECTION,The Dark Angel,Richard Day,True
ART DIRECTION,The Lives of a Bengal Lancer,"Hans Dreier, Roland Anderson",True
ART DIRECTION,Top Hat,"Van Nest Polglase, Carroll Clark",True
ASSISTANT DIRECTOR,David Copperfield,Joseph Newman,True
ASSISTANT DIRECTOR,Les Miserables,Eric Stacey,True
ASSISTANT DIRECTOR,The Lives of a Bengal Lancer,"Clem Beauchamp, Paul Wing",True
ASSISTANT DIRECTOR,A Midsummer Night's Dream,Sherry Shourds,True
CINEMATOGRAPHY,Barbary Coast,Ray June,True
CINEMATOGRAPHY,The Crusades,Victor Milner,True
CINEMATOGRAPHY,Les Miserables,Gregg Toland,True
CINEMATOGRAPHY,A Midsummer Night's Dream,Hal Mohr,True
DANCE DIRECTION,Gold Diggers of 1935,Busby Berkeley,True
DANCE DIRECTION,Go into Your Dance,Bobby Connolly,True
DANCE DIRECTION,Broadway Hostess,Bobby Connolly,True
DANCE DIRECTION,Broadway Melody of 1936,Dave Gould,True
DANCE DIRECTION,Folies Bergere,Dave Gould,True
DANCE DIRECTION,King of Burlesque,Sammy Lee,True
DANCE DIRECTION,Top Hat,Hermes Pan,True
DANCE DIRECTION,Big Broadcast of 1936,LeRoy Prinz,True
DANCE DIRECTION,All the King's Horses,LeRoy Prinz,True
DANCE DIRECTION,She,Benjamin Zemach,True
DIRECTING,Captain Blood,Michael Curtiz,True
DIRECTING,The Informer,John Ford,True
DIRECTING,The Lives of a Bengal Lancer,Henry Hathaway,True
DIRECTING,Mutiny on the Bounty,Frank Lloyd,True
FILM EDITING,David Copperfield,Robert J. Kern,True
FILM EDITING,The Informer,George Hively,True
FILM EDITING,Les Miserables,Barbara McLean,True
FILM EDITING,The Lives of a Bengal Lancer,Ellsworth Hoagland,True
FILM EDITING,A Midsummer Night's Dream,Ralph Dawson,True
FILM EDITING,Mutiny on the Bounty,Margaret Booth,True
MUSIC (Original Song Score or Adaptation Score),Captain Blood,"Warner Bros.-First National Studio Music Department, Leo Forbstein, head of department (Score by Erich Wolfgang Korngold)",True
MUSIC (Original Song Score or Adaptation Score),The Informer,"RKO Radio Studio Music Department, Max Steiner, head of department (Score by Max Steiner)",True
MUSIC (Original Song Score or Adaptation Score),Mutiny on the Bounty,"Metro-Goldwyn-Mayer Studio Music Department, Nat W. Finston, head of department (Score by Herbert Stothart)",True
MUSIC (Original Song Score or Adaptation Score),Peter Ibbetson,"Paramount Studio Music Department, Irvin Talbot, head of department (Score by Ernst Toch)",True
MUSIC (Original Song),Top Hat,Music and Lyrics by Irving Berlin,True
MUSIC (Original Song),Roberta,Music by Jerome Kern; Lyrics by Dorothy Fields and Jimmy McHugh,True
MUSIC (Original Song),Gold Diggers of 1935,Music by Harry Warren; Lyrics by Al Dubin,True
BEST PICTURE,Alice Adams,RKO Radio,True
BEST PICTURE,Broadway Melody of 1936,Metro-Goldwyn-Mayer,True
BEST PICTURE,Captain Blood,Cosmopolitan,True
BEST PICTURE,David Copperfield,Metro-Goldwyn-Mayer,True
BEST PICTURE,The Informer,RKO Radio,True
BEST PICTURE,Les Miserables,20th Century,True
BEST PICTURE,The Lives of a Bengal Lancer,Paramount,True
BEST PICTURE,A Midsummer Night's Dream,Warner Bros.,True
BEST PICTURE,Mutiny on the Bounty,Metro-Goldwyn-Mayer,True
BEST PICTURE,Naughty Marietta,Metro-Goldwyn-Mayer,True
BEST PICTURE,Ruggles of Red Gap,Paramount,True
BEST PICTURE,Top Hat,RKO Radio,True
SHORT FILM (Animated),The Calico Dragon,Harman-Ising,True
SHORT FILM (Animated),Three Orphan Kittens,"Walt Disney, Producer",True
SHORT FILM (Animated),Who Killed Cock Robin?,"Walt Disney, Producer",True
SHORT SUBJECT (Comedy),How to Sleep,"Jack Chertok, Producer",True
SHORT SUBJECT (Comedy),"Oh, My Nerves","Jules White, Producer",True
SHORT SUBJECT (Comedy),Tit for Tat,"Hal Roach, Producer",True
SHORT SUBJECT (Novelty),Audioscopiks,"Pete Smith, Producer",True
SHORT SUBJECT (Novelty),Camera Thrills,Universal,True
SHORT SUBJECT (Novelty),Wings over Mt. Everest,Gaumont British and Skibo Productions,True
SOUND RECORDING,Bride of Frankenstein,"Universal Studio Sound Department, Gilbert Kurland, Sound Director",True
SOUND RECORDING,Captain Blood,"Warner Bros.-First National Studio Sound Department, Nathan Levinson, Sound Director",True
SOUND RECORDING,The Dark Angel,"United Artists Studio Sound Department, Thomas T. Moulton, Sound Director",True
SOUND RECORDING,I Dream Too Much,"RKO Radio Studio Sound Department, Carl Dreher, Sound Director",True
SOUND RECORDING,The Lives of a Bengal Lancer,"Paramount Studio Sound Department, Franklin B. Hansen, Sound Director",True
SOUND RECORDING,Love Me Forever,"Columbia Studio Sound Department, John Livadary, Sound Director",True
SOUND RECORDING,Naughty Marietta,"Metro-Goldwyn-Mayer Studio Sound Department, Douglas Shearer, Sound Director",True
SOUND RECORDING,"$1,000 a Minute",Republic Studio Sound Department,True
SOUND RECORDING,Thanks a Million,"20th Century-Fox Studio Sound Department, E. H. Hansen, Sound Director",True
WRITING (Original Story),Broadway Melody of 1936,Moss Hart,True
WRITING (Original Story),G-Men,Gregory Rogers,True
WRITING (Original Story),The Gay Deception,"Don Hartman, Stephen Avery",True
WRITING (Original Story),The Scoundrel,"Ben Hecht, Charles MacArthur",True
WRITING (Adapted Screenplay),Captain Blood,Casey Robinson,True
WRITING (Adapted Screenplay),The Informer,Dudley Nichols,True
WRITING (Adapted Screenplay),The Lives of a Bengal Lancer,"Screenplay by Waldemar Young, John L. Balderston, Achmed Abdullah; Adaptation by Grover Jones, William Slavens McNutt",True
WRITING (Adapted Screenplay),Mutiny on the Bounty,"Talbot Jennings, Jules Furthman, Carey Wilson",True
ACTOR IN A LEADING ROLE,Mr. Deeds Goes to Town,Gary Cooper,True
ACTOR IN A LEADING ROLE,Dodsworth,Walter Huston,True
ACTOR IN A LEADING ROLE,The Story of Louis Pasteur,Paul Muni,True
ACTOR IN A LEADING ROLE,My Man Godfrey,William Powell,True
ACTOR IN A LEADING ROLE,San Francisco,Spencer Tracy,True
ACTOR IN A SUPPORTING ROLE,My Man Godfrey,Mischa Auer,True
ACTOR IN A SUPPORTING ROLE,Come and Get It,Walter Brennan,True
ACTOR IN A SUPPORTING ROLE,Pigskin Parade,Stuart Erwin,True
ACTOR IN A SUPPORTING ROLE,Romeo and Juliet,Basil Rathbone,True
ACTOR IN A SUPPORTING ROLE,The General Died at Dawn,Akim Tamiroff,True
ACTRESS IN A LEADING ROLE,Theodora Goes Wild,Irene Dunne,True
ACTRESS IN A LEADING ROLE,Valiant Is the Word for Carrie,Gladys George,True
ACTRESS IN A LEADING ROLE,My Man Godfrey,Carole Lombard,True
ACTRESS IN A LEADING ROLE,The Great Ziegfeld,Luise Rainer,True
ACTRESS IN A LEADING ROLE,Romeo and Juliet,Norma Shearer,True
ACTRESS IN A SUPPORTING ROLE,The Gorgeous Hussy,Beulah Bondi,True
ACTRESS IN A SUPPORTING ROLE,My Man Godfrey,Alice Brady,True
ACTRESS IN A SUPPORTING ROLE,These Three,Bonita Granville,True
ACTRESS IN A SUPPORTING ROLE,Dodsworth,Maria Ouspenskaya,True
ACTRESS IN A SUPPORTING ROLE,Anthony Adverse,Gale Sondergaard,True
ART DIRECTION,Anthony Adverse,Anton Grot,True
ART DIRECTION,Dodsworth,Richard Day,True
ART DIRECTION,The Great Ziegfeld,"Cedric Gibbons, Eddie Imazu, Edwin B. Willis",True
ART DIRECTION,Lloyds of London,William S. Darling,True
ART DIRECTION,The Magnificent Brute,"Albert S. D'Agostino, Jack Otterson",True
ART DIRECTION,Romeo and Juliet,"Cedric Gibbons, Fredric Hope, Edwin B. Willis",True
ART DIRECTION,Winterset,Perry Ferguson,True
ASSISTANT DIRECTOR,Anthony Adverse,William Cannon,True
ASSISTANT DIRECTOR,The Charge of the Light Brigade,Jack Sullivan,True
ASSISTANT DIRECTOR,The Garden of Allah,Eric G. Stacey,True
ASSISTANT DIRECTOR,The Last of the Mohicans,Clem Beauchamp,True
ASSISTANT DIRECTOR,San Francisco,Joseph Newman,True
CINEMATOGRAPHY,Anthony Adverse,Gaetano Gaudio,True
CINEMATOGRAPHY,The General Died at Dawn,Victor Milner,True
CINEMATOGRAPHY,The Gorgeous Hussy,George Folsey,True
DANCE DIRECTION,Gold Diggers of 1937,Busby Berkeley,True
DANCE DIRECTION,Cain and Mabel,Bobby Connolly,True
DANCE DIRECTION,The Great Ziegfeld,Seymour Felix,True
DANCE DIRECTION,Born to Dance,Dave Gould,True
DANCE DIRECTION,One in a Million,Jack Haskell,True
DANCE DIRECTION,Dancing Pirate,Russell Lewis,True
DANCE DIRECTION,Swing Time,Hermes Pan,True
DIRECTING,Dodsworth,William Wyler,True
DIRECTING,The Great Ziegfeld,Robert Z. Leonard,True
DIRECTING,Mr. Deeds Goes to Town,Frank Capra,True
DIRECTING,My Man Godfrey,Gregory La Cava,True
DIRECTING,San Francisco,W. S. Van Dyke,True
FILM EDITING,Anthony Adverse,Ralph Dawson,True
FILM EDITING,Come and Get It,Edward Curtiss,True
FILM EDITING,The Great Ziegfeld,William S. Gray,True
FILM EDITING,Lloyds of London,Barbara McLean,True
FILM EDITING,A Tale of Two Cities,Conrad A. Nervig,True
FILM EDITING,Theodora Goes Wild,Otto Meyer,True
MUSIC (Original Song Score or Adaptation Score),Anthony Adverse,"Warner Bros. Studio Music Department, Leo Forbstein, head of department (Score by Erich Wolfgang Korngold)",True
MUSIC (Original Song Score or Adaptation Score),The Charge of the Light Brigade,"Warner Bros. Studio Music Department, Leo Forbstein, head of department (Score by Max Steiner)",True
MUSIC (Original Song Score or Adaptation Score),The Garden of Allah,"Selznick International Pictures Music Department, Max Steiner, head of department (Score by Max Steiner)",True
MUSIC (Original Song Score or Adaptation Score),The General Died at Dawn,"Paramount Studio Music Department, Boris Morros, head of department (Score by Werner Janssen)",True
MUSIC (Original Song Score or Adaptation Score),Winterset,"RKO Radio Studio Music Department, Nathaniel Shilkret, head of department (Score by Nathaniel Shilkret)",True
MUSIC (Original Song),Suzy,Music by Walter Donaldson; Lyrics by Harold Adamson,True
MUSIC (Original Song),Born to Dance,Music and Lyrics by Cole Porter,True
MUSIC (Original Song),Trail of the Lonesome Pine,Music by Louis Alter; Lyrics by Sidney Mitchell,True
MUSIC (Original Song),Pennies from Heaven,Music by Arthur Johnston; Lyrics by Johnny Burke,True
MUSIC (Original Song),Swing Time,Music by Jerome Kern; Lyrics by Dorothy Fields,True
MUSIC (Original Song),"Sing, Baby, Sing",Music by Richard A. Whiting; Lyrics by Walter Bullock,True
BEST PICTURE,Anthony Adverse,Warner Bros.,True
BEST PICTURE,Dodsworth,Samuel Goldwyn Productions,True
BEST PICTURE,The Great Ziegfeld,Metro-Goldwyn-Mayer,True
BEST PICTURE,Libeled Lady,Metro-Goldwyn-Mayer,True
BEST PICTURE,Mr. Deeds Goes to Town,Columbia,True
BEST PICTURE,Romeo and Juliet,Metro-Goldwyn-Mayer,True
BEST PICTURE,San Francisco,Metro-Goldwyn-Mayer,True
BEST PICTURE,The Story of Louis Pasteur,Cosmopolitan,True
BEST PICTURE,A Tale of Two Cities,Metro-Goldwyn-Mayer,True
BEST PICTURE,Three Smart Girls,Universal,True
SHORT FILM (Animated),The Country Cousin,"Walt Disney, Producer",True
SHORT FILM (Animated),Old Mill Pond,Harman-Ising,True
SHORT FILM (Animated),Sinbad the Sailor,Paramount,True
SHORT SUBJECT (Color),Give Me Liberty,Warner Bros.,True
SHORT SUBJECT (Color),La Fiesta de Santa Barbara,"Lewis Lewyn, Producer",True
SHORT SUBJECT (Color),Popular Science J-6-2,Paramount,True
SHORT SUBJECT (One-reel),Bored of Education,"Hal Roach, Producer",True
SHORT SUBJECT (One-reel),Moscow Moods,Paramount,True
SHORT SUBJECT (One-reel),"Wanted, a Master","Pete Smith, Producer",True
SHORT SUBJECT (Two-reel),Double or Nothing,Warner Bros.,True
SHORT SUBJECT (Two-reel),Dummy Ache,RKO Radio,True
SHORT SUBJECT (Two-reel),The Public Pays,Metro-Goldwyn-Mayer,True
SOUND RECORDING,Banjo on My Knee,"20th Century-Fox Studio Sound Department, E. H. Hansen, Sound Director",True
SOUND RECORDING,The Charge of the Light Brigade,"Warner Bros. Studio Sound Department, Nathan Levinson, Sound Director",True
SOUND RECORDING,Dodsworth,"United Artists Studio Sound Department, Thomas T. Moulton, Sound Director",True
SOUND RECORDING,General Spanky,"Hal Roach Studio Sound Department, Elmer A. Raguse, Sound Director",True
SOUND RECORDING,Mr. Deeds Goes to Town,"Columbia Studio Sound Department, John Livadary, Sound Director",True
SOUND RECORDING,San Francisco,"Metro-Goldwyn-Mayer Studio Sound Department, Douglas Shearer, Sound Director",True
SOUND RECORDING,The Texas Rangers,"Paramount Studio Sound Department, Franklin B. Hansen, Sound Director",True
SOUND RECORDING,That Girl from Paris,"RKO Radio Studio Sound Department, J. O. Aalberg, Sound Director",True
SOUND RECORDING,Three Smart Girls,"Universal Studio Sound Department, Homer G. Tasker, Sound Director",True
WRITING (Original Story),Fury,Norman Krasna,True
WRITING (Original Story),The Great Ziegfeld,William Anthony McGuire,True
WRITING (Original Story),San Francisco,Robert Hopkins,True
WRITING (Original Story),The Story of Louis Pasteur,"Pierre Collings, Sheridan Gibney",True
WRITING (Original Story),Three Smart Girls,Adele Comandini,True
WRITING (Adapted Screenplay),After the Thin Man,"Frances Goodrich, Albert Hackett",True
WRITING (Adapted Screenplay),Dodsworth,Sidney Howard,True
WRITING (Adapted Screenplay),Mr. Deeds Goes to Town,Robert Riskin,True
WRITING (Adapted Screenplay),My Man Godfrey,"Eric Hatch, Morris Ryskind",True
WRITING (Adapted Screenplay),The Story of Louis Pasteur,"Pierre Collings, Sheridan Gibney",True
SPECIAL AWARD,The March of Time,nan,True
SPECIAL AWARD,The Garden of Allah,nan,True
ACTOR IN A LEADING ROLE,Conquest,Charles Boyer,True
ACTOR IN A LEADING ROLE,A Star Is Born,Fredric March,True
ACTOR IN A LEADING ROLE,Night Must Fall,Robert Montgomery,True
ACTOR IN A LEADING ROLE,The Life of Emile Zola,Paul Muni,True
ACTOR IN A LEADING ROLE,Captains Courageous,Spencer Tracy,True
ACTOR IN A SUPPORTING ROLE,The Awful Truth,Ralph Bellamy,True
ACTOR IN A SUPPORTING ROLE,The Hurricane,Thomas Mitchell,True
ACTOR IN A SUPPORTING ROLE,The Life of Emile Zola,Joseph Schildkraut,True
ACTOR IN A SUPPORTING ROLE,Lost Horizon,H. B. Warner,True
ACTOR IN A SUPPORTING ROLE,Topper,Roland Young,True
ACTRESS IN A LEADING ROLE,The Awful Truth,Irene Dunne,True
ACTRESS IN A LEADING ROLE,Camille,Greta Garbo,True
ACTRESS IN A LEADING ROLE,A Star Is Born,Janet Gaynor,True
ACTRESS IN A LEADING ROLE,The Good Earth,Luise Rainer,True
ACTRESS IN A LEADING ROLE,Stella Dallas,Barbara Stanwyck,True
ACTRESS IN A SUPPORTING ROLE,In Old Chicago,Alice Brady,True
ACTRESS IN A SUPPORTING ROLE,Stage Door,Andrea Leeds,True
ACTRESS IN A SUPPORTING ROLE,Stella Dallas,Anne Shirley,True
ACTRESS IN A SUPPORTING ROLE,Dead End,Claire Trevor,True
ACTRESS IN A SUPPORTING ROLE,Night Must Fall,Dame May Whitty,True
ART DIRECTION,Conquest,"Cedric Gibbons, William Horning",True
ART DIRECTION,A Damsel in Distress,Carroll Clark,True
ART DIRECTION,Dead End,Richard Day,True
ART DIRECTION,Every Day's a Holiday,Wiard Ihnen,True
ART DIRECTION,The Life of Emile Zola,Anton Grot,True
ART DIRECTION,Lost Horizon,Stephen Goosson,True
ART DIRECTION,Manhattan Merry-Go-Round,John Victor Mackay,True
ART DIRECTION,The Prisoner of Zenda,Lyle Wheeler,True
ART DIRECTION,Souls at Sea,"Hans Dreier, Roland Anderson",True
ART DIRECTION,Walter Wanger's Vogues of 1938,Alexander Toluboff,True
ART DIRECTION,Wee Willie Winkie,"William S. Darling, David Hall",True
ART DIRECTION,You're a Sweetheart,Jack Otterson,True
ASSISTANT DIRECTOR,In Old Chicago,Robert Webb,True
ASSISTANT DIRECTOR,The Life of Emile Zola,Russ Saunders,True
ASSISTANT DIRECTOR,Lost Horizon,"C. C. Coleman, Jr.",True
ASSISTANT DIRECTOR,Souls at Sea,Hal Walker,True
ASSISTANT DIRECTOR,A Star Is Born,Eric Stacey,True
CINEMATOGRAPHY,Dead End,Gregg Toland,True
CINEMATOGRAPHY,The Good Earth,Karl Freund,True
CINEMATOGRAPHY,Wings over Honolulu,Joseph Valentine,True
DANCE DIRECTION,Varsity Show,Busby Berkeley,True
DANCE DIRECTION,"Ready, Willing and Able",Bobby Connolly,True
DANCE DIRECTION,A Day at the Races,Dave Gould,True
DANCE DIRECTION,Ali Baba Goes to Town,Sammy Lee,True
DANCE DIRECTION,Thin Ice,Harry Losee,True
DANCE DIRECTION,A Damsel in Distress,Hermes Pan,True
DANCE DIRECTION,Waikiki Wedding,LeRoy Prinz,True
DIRECTING,The Awful Truth,Leo McCarey,True
DIRECTING,The Good Earth,Sidney Franklin,True
DIRECTING,The Life of Emile Zola,William Dieterle,True
DIRECTING,Stage Door,Gregory La Cava,True
DIRECTING,A Star Is Born,William Wellman,True
FILM EDITING,The Awful Truth,Al Clark,True
FILM EDITING,Captains Courageous,Elmo Veron,True
FILM EDITING,The Good Earth,Basil Wrangell,True
FILM EDITING,Lost Horizon,"Gene Havlick, Gene Milford",True
FILM EDITING,One Hundred Men and a Girl,Bernard W. Burton,True
MUSIC (Original Song Score or Adaptation Score),The Hurricane,"Samuel Goldwyn Studio Music Department, Alfred Newman, head of department (Score by Alfred Newman)",True
MUSIC (Original Song Score or Adaptation Score),In Old Chicago,"20th Century-Fox Studio Music Department, Louis Silvers, head of department (no composer credit)",True
MUSIC (Original Song Score or Adaptation Score),The Life of Emile Zola,"Warner Bros. Studio Music Department, Leo Forbstein, head of department (Score by Max Steiner)",True
MUSIC (Original Song Score or Adaptation Score),Lost Horizon,"Columbia Studio Music Department, Morris Stoloff, head of department (Score by Dimitri Tiomkin)",True
MUSIC (Original Song Score or Adaptation Score),Make a Wish,"Principal Productions, Dr. Hugo Riesenfeld, musical director (Score by Dr. Hugo Riesenfeld)",True
MUSIC (Original Song Score or Adaptation Score),Maytime,"Metro-Goldwyn-Mayer Studio Music Department, Nat W. Finston, head of department (Score by Herbert Stothart)",True
MUSIC (Original Song Score or Adaptation Score),One Hundred Men and a Girl,"Universal Studio Music Department, Charles Previn, head of department (no composer credit)",True
MUSIC (Original Song Score or Adaptation Score),Portia on Trial,"Republic Studio Music Department, Alberto Colombo, head of department (Score by Alberto Colombo)",True
MUSIC (Original Song Score or Adaptation Score),The Prisoner of Zenda,"Selznick International Pictures Music Department, Alfred Newman, musical director (Score by Alfred Newman)",True
MUSIC (Original Song Score or Adaptation Score),Quality Street,"RKO Radio Studio Music Department, Roy Webb, musical director (Score by Roy Webb)",True
MUSIC (Original Song Score or Adaptation Score),Snow White and the Seven Dwarfs,"Walt Disney Studio Music Department, Leigh Harline, head of department (Score by Frank Churchill, Leigh Harline and Paul J. Smith)",True
MUSIC (Original Song Score or Adaptation Score),Something to Sing About,"Grand National Studio Music Department, C. Bakaleinikoff, musical director (Score by Victor Schertzinger)",True
MUSIC (Original Song Score or Adaptation Score),Souls at Sea,"Paramount Studio Music Department, Boris Morros, head of department (Score by W. Franke Harling and Milan Roder)",True
MUSIC (Original Song Score or Adaptation Score),Way Out West,"Hal Roach Studio Music Department, Marvin Hatley, head of department (Score by Marvin Hatley)",True
MUSIC (Original Song),Mr. Dodd Takes the Air,Music by Harry Warren; Lyrics by Al Dubin,True
MUSIC (Original Song),Waikiki Wedding,Music and Lyrics by Harry Owens,True
MUSIC (Original Song),Walter Wanger's Vogues of 1938,Music by Sammy Fain; Lyrics by Lew Brown,True
MUSIC (Original Song),Shall We Dance,Music by George Gershwin; Lyrics by Ira Gershwin,True
MUSIC (Original Song),Artists and Models,Music by Frederick Hollander; Lyrics by Leo Robin,True
BEST PICTURE,The Awful Truth,Columbia,True
BEST PICTURE,Captains Courageous,Metro-Goldwyn-Mayer,True
BEST PICTURE,Dead End,Samuel Goldwyn Productions,True
BEST PICTURE,The Good Earth,Metro-Goldwyn-Mayer,True
BEST PICTURE,In Old Chicago,20th Century-Fox,True
BEST PICTURE,The Life of Emile Zola,Warner Bros.,True
BEST PICTURE,Lost Horizon,Columbia,True
BEST PICTURE,One Hundred Men and a Girl,Universal,True
BEST PICTURE,Stage Door,RKO Radio,True
BEST PICTURE,A Star Is Born,Selznick International Pictures,True
SHORT FILM (Animated),Educated Fish,Paramount,True
SHORT FILM (Animated),The Little Match Girl,"Charles Mintz, Producer",True
SHORT FILM (Animated),The Old Mill,"Walt Disney, Producer",True
SHORT SUBJECT (Color),The Man without a Country,Warner Bros.,True
SHORT SUBJECT (Color),Penny Wisdom,"Pete Smith, Producer",True
SHORT SUBJECT (Color),Popular Science J-7-1,Paramount,True
SHORT SUBJECT (One-reel),A Night at the Movies,Metro-Goldwyn-Mayer,True
SHORT SUBJECT (One-reel),The Private Life of the Gannets,Skibo Productions,True
SHORT SUBJECT (One-reel),Romance of Radium,"Pete Smith, Producer",True
SHORT SUBJECT (Two-reel),Deep South,RKO Radio,True
SHORT SUBJECT (Two-reel),Should Wives Work?,RKO Radio,True
SHORT SUBJECT (Two-reel),Torture Money,Metro-Goldwyn-Mayer,True
SOUND RECORDING,The Girl Said No,"Grand National Studio Sound Department, A. E. Kaye, Sound Director",True
SOUND RECORDING,Hitting a New High,"RKO Radio Studio Sound Department, John Aalberg, Sound Director",True
SOUND RECORDING,The Hurricane,"United Artists Studio Sound Department, Thomas T. Moulton, Sound Director",True
SOUND RECORDING,In Old Chicago,"20th Century-Fox Studio Sound Department, E. H. Hansen, Sound Director",True
SOUND RECORDING,The Life of Emile Zola,"Warner Bros. Studio Sound Department, Nathan Levinson, Sound Director",True
SOUND RECORDING,Lost Horizon,"Columbia Studio Sound Department, John Livadary, Sound Director",True
SOUND RECORDING,Maytime,"Metro-Goldwyn-Mayer Studio Sound Department, Douglas Shearer, Sound Director",True
SOUND RECORDING,One Hundred Men and a Girl,"Universal Studio Sound Department, Homer G. Tasker, Sound Director",True
SOUND RECORDING,Topper,"Hal Roach Studio Sound Department, Elmer A. Raguse, Sound Director",True
SOUND RECORDING,Wells Fargo,"Paramount Studio Sound Department, Loren L. Ryder, Sound Director",True
WRITING (Original Story),Black Legion,Robert Lord,True
WRITING (Original Story),In Old Chicago,Niven Busch,True
WRITING (Original Story),The Life of Emile Zola,"Heinz Herald, Geza Herczeg",True
WRITING (Original Story),One Hundred Men and a Girl,Hans Kraly,True
WRITING (Original Story),A Star Is Born,"William A. Wellman, Robert Carson",True
WRITING (Adapted Screenplay),The Awful Truth,Vina Delmar,True
WRITING (Adapted Screenplay),Captains Courageous,"John Lee Mahin, Marc Connelly, Dale Van Every",True
WRITING (Adapted Screenplay),The Life of Emile Zola,"Norman Reilly Raine, Heinz Herald, Geza Herczeg",True
WRITING (Adapted Screenplay),Stage Door,"Morris Ryskind, Anthony Veiller",True
WRITING (Adapted Screenplay),A Star Is Born,"Dorothy Parker, Alan Campbell, Robert Carson",True
SPECIAL AWARD,A Star Is Born,nan,True
ACTOR IN A LEADING ROLE,Algiers,Charles Boyer,True
ACTOR IN A LEADING ROLE,Angels with Dirty Faces,James Cagney,True
ACTOR IN A LEADING ROLE,The Citadel,Robert Donat,True
ACTOR IN A LEADING ROLE,Pygmalion,Leslie Howard,True
ACTOR IN A LEADING ROLE,Boys Town,Spencer Tracy,True
ACTOR IN A SUPPORTING ROLE,Kentucky,Walter Brennan,True
ACTOR IN A SUPPORTING ROLE,Four Daughters,John Garfield,True
ACTOR IN A SUPPORTING ROLE,Algiers,Gene Lockhart,True
ACTOR IN A SUPPORTING ROLE,Marie Antoinette,Robert Morley,True
ACTOR IN A SUPPORTING ROLE,If I Were King,Basil Rathbone,True
ACTRESS IN A LEADING ROLE,White Banners,Fay Bainter,True
ACTRESS IN A LEADING ROLE,Jezebel,Bette Davis,True
ACTRESS IN A LEADING ROLE,Pygmalion,Wendy Hiller,True
ACTRESS IN A LEADING ROLE,Marie Antoinette,Norma Shearer,True
ACTRESS IN A LEADING ROLE,Three Comrades,Margaret Sullavan,True
ACTRESS IN A SUPPORTING ROLE,Jezebel,Fay Bainter,True
ACTRESS IN A SUPPORTING ROLE,Of Human Hearts,Beulah Bondi,True
ACTRESS IN A SUPPORTING ROLE,Merrily We Live,Billie Burke,True
ACTRESS IN A SUPPORTING ROLE,You Can't Take It with You,Spring Byington,True
ACTRESS IN A SUPPORTING ROLE,The Great Waltz,Miliza Korjus,True
ART DIRECTION,The Adventures of Robin Hood,Carl J. Weyl,True
ART DIRECTION,The Adventures of Tom Sawyer,Lyle Wheeler,True
ART DIRECTION,Alexander's Ragtime Band,"Bernard Herzbrun, Boris Leven",True
ART DIRECTION,Algiers,Alexander Toluboff,True
ART DIRECTION,Carefree,Van Nest Polglase,True
ART DIRECTION,The Goldwyn Follies,Richard Day,True
ART DIRECTION,Holiday,"Stephen Goosson, Lionel Banks",True
ART DIRECTION,If I Were King,"Hans Dreier, John Goodman",True
ART DIRECTION,Mad about Music,Jack Otterson,True
ART DIRECTION,Marie Antoinette,Cedric Gibbons,True
ART DIRECTION,Merrily We Live,Charles D. Hall,True
CINEMATOGRAPHY,Algiers,James Wong Howe,True
CINEMATOGRAPHY,Army Girl,"Ernest Miller, Harry Wild",True
CINEMATOGRAPHY,The Buccaneer,Victor Milner,True
CINEMATOGRAPHY,The Great Waltz,Joseph Ruttenberg,True
CINEMATOGRAPHY,Jezebel,Ernest Haller,True
CINEMATOGRAPHY,Mad about Music,Joseph Valentine,True
CINEMATOGRAPHY,Merrily We Live,Norbert Brodine,True
CINEMATOGRAPHY,Suez,Peverell Marley,True
CINEMATOGRAPHY,Vivacious Lady,Robert de Grasse,True
CINEMATOGRAPHY,You Can't Take It with You,Joseph Walker,True
CINEMATOGRAPHY,The Young in Heart,Leon Shamroy,True
DIRECTING,Angels with Dirty Faces,Michael Curtiz,True
DIRECTING,Boys Town,Norman Taurog,True
DIRECTING,The Citadel,King Vidor,True
DIRECTING,Four Daughters,Michael Curtiz,True
DIRECTING,You Can't Take It with You,Frank Capra,True
FILM EDITING,The Adventures of Robin Hood,Ralph Dawson,True
FILM EDITING,Alexander's Ragtime Band,Barbara McLean,True
FILM EDITING,The Great Waltz,Tom Held,True
FILM EDITING,Test Pilot,Tom Held,True
FILM EDITING,You Can't Take It with You,Gene Havlick,True
MUSIC (Original Score),The Adventures of Robin Hood,Erich Wolfgang Korngold,True
MUSIC (Original Score),Army Girl,Victor Young,True
MUSIC (Original Score),Block-Heads,Marvin Hatley,True
MUSIC (Original Score),Blockade,Werner Janssen,True
MUSIC (Original Score),Breaking the Ice,Victor Young,True
MUSIC (Original Score),The Cowboy and the Lady,Alfred Newman,True
MUSIC (Original Score),If I Were King,Richard Hageman,True
MUSIC (Original Score),Marie Antoinette,Herbert Stothart,True
MUSIC (Original Score),Pacific Liner,Russell Bennett,True
MUSIC (Original Score),Suez,Louis Silvers,True
MUSIC (Original Score),The Young in Heart,Franz Waxman,True
MUSIC (Original Song Score or Adaptation Score),Alexander's Ragtime Band,Alfred Newman,True
MUSIC (Original Song Score or Adaptation Score),Carefree,Victor Baravalle,True
MUSIC (Original Song Score or Adaptation Score),Girls' School,"Morris Stoloff, Gregory Stone",True
MUSIC (Original Song Score or Adaptation Score),The Goldwyn Follies,Alfred Newman,True
MUSIC (Original Song Score or Adaptation Score),Jezebel,Max Steiner,True
MUSIC (Original Song Score or Adaptation Score),Mad about Music,"Charles Previn, Frank Skinner",True
MUSIC (Original Song Score or Adaptation Score),Storm over Bengal,Cy Feuer,True
MUSIC (Original Song Score or Adaptation Score),Sweethearts,Herbert Stothart,True
MUSIC (Original Song Score or Adaptation Score),There Goes My Heart,Marvin Hatley,True
MUSIC (Original Song Score or Adaptation Score),Tropic Holiday,Boris Morros,True
MUSIC (Original Song Score or Adaptation Score),The Young in Heart,Franz Waxman,True
MUSIC (Original Song),Mannequin,Music by Edward Ward; Lyrics by Chet Forrest and Bob Wright,True
MUSIC (Original Song),Carefree,Music and Lyrics by Irving Berlin,True
MUSIC (Original Song),The Cowboy and the Lady,Music by Lionel Newman; Lyrics by Arthur Quenzer,True
MUSIC (Original Song),Under Western Stars,Music and Lyrics by Johnny Marvin,True
MUSIC (Original Song),Going Places,Music by Harry Warren; Lyrics by Johnny Mercer,True
MUSIC (Original Song),Merrily We Live,Music by Phil Charig; Lyrics by Arthur Quenzer,True
MUSIC (Original Song),The Lady Objects,Music by Ben Oakland; Lyrics by Oscar Hammerstein II,True
MUSIC (Original Song),That Certain Age,Music by Jimmy McHugh; Lyrics by Harold Adamson,True
MUSIC (Original Song),Alexander's Ragtime Band,Music and Lyrics by Irving Berlin,True
MUSIC (Original Song),The Big Broadcast of 1938,Music by Ralph Rainger; Lyrics by Leo Robin,True
BEST PICTURE,The Adventures of Robin Hood,Warner Bros.-First National,True
BEST PICTURE,Alexander's Ragtime Band,20th Century-Fox,True
BEST PICTURE,Boys Town,Metro-Goldwyn-Mayer,True
BEST PICTURE,The Citadel,Metro-Goldwyn-Mayer,True
BEST PICTURE,Four Daughters,Warner Bros.-First National,True
BEST PICTURE,Grand Illusion,Realization D'Art Cinematographique,True
BEST PICTURE,Jezebel,Warner Bros.,True
BEST PICTURE,Pygmalion,Metro-Goldwyn-Mayer,True
BEST PICTURE,Test Pilot,Metro-Goldwyn-Mayer,True
BEST PICTURE,You Can't Take It with You,Columbia,True
SHORT FILM (Animated),Brave Little Tailor,"Walt Disney, Producer",True
SHORT FILM (Animated),Ferdinand the Bull,"Walt Disney, Producer",True
SHORT FILM (Animated),Good Scouts,"Walt Disney, Producer",True
SHORT FILM (Animated),Hunky and Spunky,Paramount,True
SHORT FILM (Animated),Mother Goose Goes Hollywood,"Walt Disney, Producer",True
SHORT SUBJECT (One-reel),The Great Heart,Metro-Goldwyn-Mayer,True
SHORT SUBJECT (One-reel),That Mothers Might Live,Metro-Goldwyn-Mayer,True
SHORT SUBJECT (One-reel),Timber Toppers,20th Century-Fox,True
SHORT SUBJECT (Two-reel),Declaration of Independence,Warner Bros.,True
SHORT SUBJECT (Two-reel),Swingtime in the Movies,Warner Bros.,True
SHORT SUBJECT (Two-reel),They're Always Caught,Metro-Goldwyn-Mayer,True
SOUND RECORDING,Army Girl,"Republic Studio Sound Department, Charles L. Lootens, Sound Director",True
SOUND RECORDING,The Cowboy and the Lady,"United Artists Studio Sound Department, Thomas T. Moulton, Sound Director",True
SOUND RECORDING,Four Daughters,"Warner Bros. Studio Sound Department, Nathan Levinson, Sound Director",True
SOUND RECORDING,If I Were King,"Paramount Studio Sound Department, Loren L. Ryder, Sound Director",True
SOUND RECORDING,Merrily We Live,"Hal Roach Studio Sound Department, Elmer A. Raguse, Sound Director",True
SOUND RECORDING,Suez,"20th Century-Fox Studio Sound Department, Edmund H. Hansen, Sound Director",True
SOUND RECORDING,Sweethearts,"Metro-Goldwyn-Mayer Studio Sound Department, Douglas Shearer, Sound Director",True
SOUND RECORDING,That Certain Age,"Universal Studio Sound Department, Bernard B. Brown, Sound Director",True
SOUND RECORDING,Vivacious Lady,"RKO Radio Studio Sound Department, John Aalberg, Sound Director",True
SOUND RECORDING,You Can't Take It with You,"Columbia Studio Sound Department, John Livadary, Sound Director",True
WRITING (Original Story),Alexander's Ragtime Band,Irving Berlin,True
WRITING (Original Story),Angels with Dirty Faces,Rowland Brown,True
WRITING (Original Story),Blockade,John Howard Lawson,True
WRITING (Original Story),Boys Town,"Dore Schary, Eleanore Griffin",True
WRITING (Original Story),Mad about Music,"Marcella Burke, Frederick Kohner",True
WRITING (Original Story),Test Pilot,Frank Wead,True
WRITING (Adapted Screenplay),Boys Town,"John Meehan, Dore Schary",True
WRITING (Adapted Screenplay),The Citadel,"Ian Dalrymple, Frank Wead, Elizabeth Hill",True
WRITING (Adapted Screenplay),Four Daughters,"Julius J. Epstein, Lenore Coffee",True
WRITING (Adapted Screenplay),Pygmalion,"Screenplay and Dialogue by George Bernard Shaw; Adaptation by W. P. Lipscomb, Cecil Lewis, Ian Dalrymple",True
WRITING (Adapted Screenplay),You Can't Take It with You,Robert Riskin,True
SPECIAL AWARD,Snow White and the Seven Dwarfs,nan,True
SPECIAL AWARD,Sweethearts,nan,True
SPECIAL AWARD,Spawn of the North,nan,True
ACTOR IN A LEADING ROLE,"Goodbye, Mr. Chips",Robert Donat,True
ACTOR IN A LEADING ROLE,Gone with the Wind,Clark Gable,True
ACTOR IN A LEADING ROLE,Wuthering Heights,Laurence Olivier,True
ACTOR IN A LEADING ROLE,Babes in Arms,Mickey Rooney,True
ACTOR IN A LEADING ROLE,Mr. Smith Goes to Washington,James Stewart,True
ACTOR IN A SUPPORTING ROLE,Juarez,Brian Aherne,True
ACTOR IN A SUPPORTING ROLE,Mr. Smith Goes to Washington,Harry Carey,True
ACTOR IN A SUPPORTING ROLE,Beau Geste,Brian Donlevy,True
ACTOR IN A SUPPORTING ROLE,Stagecoach,Thomas Mitchell,True
ACTOR IN A SUPPORTING ROLE,Mr. Smith Goes to Washington,Claude Rains,True
ACTRESS IN A LEADING ROLE,Dark Victory,Bette Davis,True
ACTRESS IN A LEADING ROLE,Love Affair,Irene Dunne,True
ACTRESS IN A LEADING ROLE,Ninotchka,Greta Garbo,True
ACTRESS IN A LEADING ROLE,"Goodbye, Mr. Chips",Greer Garson,True
ACTRESS IN A LEADING ROLE,Gone with the Wind,Vivien Leigh,True
ACTRESS IN A SUPPORTING ROLE,Gone with the Wind,Olivia de Havilland,True
ACTRESS IN A SUPPORTING ROLE,Wuthering Heights,Geraldine Fitzgerald,True
ACTRESS IN A SUPPORTING ROLE,Gone with the Wind,Hattie McDaniel,True
ACTRESS IN A SUPPORTING ROLE,Drums along the Mohawk,Edna May Oliver,True
ACTRESS IN A SUPPORTING ROLE,Love Affair,Maria Ouspenskaya,True
ART DIRECTION,Beau Geste,"Hans Dreier, Robert Odell",True
ART DIRECTION,Captain Fury,Charles D. Hall,True
ART DIRECTION,First Love,"Jack Otterson, Martin Obzina",True
ART DIRECTION,Gone with the Wind,Lyle Wheeler,True
ART DIRECTION,Love Affair,"Van Nest Polglase, Al Herman",True
ART DIRECTION,Man of Conquest,John Victor Mackay,True
ART DIRECTION,Mr. Smith Goes to Washington,Lionel Banks,True
ART DIRECTION,The Private Lives of Elizabeth and Essex,Anton Grot,True
ART DIRECTION,The Rains Came,"William Darling, George Dudley",True
ART DIRECTION,Stagecoach,Alexander Toluboff,True
ART DIRECTION,The Wizard of Oz,"Cedric Gibbons, William A. Horning",True
ART DIRECTION,Wuthering Heights,James Basevi,True
CINEMATOGRAPHY (Black-and-White),First Love,Joseph Valentine,True
CINEMATOGRAPHY (Black-and-White),The Great Victor Herbert,Victor Milner,True
CINEMATOGRAPHY (Black-and-White),Gunga Din,Joseph H. August,True
CINEMATOGRAPHY (Black-and-White),Intermezzo,Gregg Toland,True
CINEMATOGRAPHY (Black-and-White),Juarez,Tony Gaudio,True
CINEMATOGRAPHY (Black-and-White),Lady of the Tropics,George Folsey,True
CINEMATOGRAPHY (Black-and-White),Of Mice and Men,Norbert Brodine,True
CINEMATOGRAPHY (Black-and-White),Only Angels Have Wings,Joseph Walker,True
CINEMATOGRAPHY (Black-and-White),The Rains Came,Arthur Miller,True
CINEMATOGRAPHY (Black-and-White),Stagecoach,Bert Glennon,True
CINEMATOGRAPHY (Black-and-White),Wuthering Heights,Gregg Toland,True
CINEMATOGRAPHY (Color),Drums along the Mohawk,"Ray Rennahan, Bert Glennon",True
CINEMATOGRAPHY (Color),Four Feathers,"Georges Perinal, Osmond Borradaile",True
CINEMATOGRAPHY (Color),Gone with the Wind,"Ernest Haller, Ray Rennahan",True
CINEMATOGRAPHY (Color),The Mikado,"William V. Skall, Bernard Knowles",True
CINEMATOGRAPHY (Color),The Private Lives of Elizabeth and Essex,"Sol Polito, W. Howard Greene",True
CINEMATOGRAPHY (Color),The Wizard of Oz,Hal Rosson,True
DIRECTING,Gone with the Wind,Victor Fleming,True
DIRECTING,"Goodbye, Mr. Chips",Sam Wood,True
DIRECTING,Mr. Smith Goes to Washington,Frank Capra,True
DIRECTING,Stagecoach,John Ford,True
DIRECTING,Wuthering Heights,William Wyler,True
FILM EDITING,Gone with the Wind,"Hal C. Kern, James E. Newcom",True
FILM EDITING,"Goodbye, Mr. Chips",Charles Frend,True
FILM EDITING,Mr. Smith Goes to Washington,"Gene Havlick, Al Clark",True
FILM EDITING,The Rains Came,Barbara McLean,True
FILM EDITING,Stagecoach,"Otho Lovering, Dorothy Spencer",True
MUSIC (Original Score),Dark Victory,Max Steiner,True
MUSIC (Original Score),Eternally Yours,Werner Janssen,True
MUSIC (Original Score),Golden Boy,Victor Young,True
MUSIC (Original Score),Gone with the Wind,Max Steiner,True
MUSIC (Original Score),Gulliver's Travels,Victor Young,True
MUSIC (Original Score),The Man in the Iron Mask,"Lud Gluskin, Lucien Moraweck",True
MUSIC (Original Score),Man of Conquest,Victor Young,True
MUSIC (Original Score),Nurse Edith Cavell,Anthony Collins,True
MUSIC (Original Score),Of Mice and Men,Aaron Copland,True
MUSIC (Original Score),The Rains Came,Alfred Newman,True
MUSIC (Original Score),The Wizard of Oz,Herbert Stothart,True
MUSIC (Original Score),Wuthering Heights,Alfred Newman,True
MUSIC (Original Song Score or Adaptation Score),Babes in Arms,"George E. Stoll, Roger Edens",True
MUSIC (Original Song Score or Adaptation Score),First Love,Charles Previn,True
MUSIC (Original Song Score or Adaptation Score),The Great Victor Herbert,"Phil Boutelje, Arthur Lange",True
MUSIC (Original Song Score or Adaptation Score),The Hunchback of Notre Dame,Alfred Newman,True
MUSIC (Original Song Score or Adaptation Score),Intermezzo,Lou Forbes,True
MUSIC (Original Song Score or Adaptation Score),Mr. Smith Goes to Washington,Dimitri Tiomkin,True
MUSIC (Original Song Score or Adaptation Score),Of Mice and Men,Aaron Copland,True
MUSIC (Original Song Score or Adaptation Score),The Private Lives of Elizabeth and Essex,Erich Wolfgang Korngold,True
MUSIC (Original Song Score or Adaptation Score),She Married a Cop,Cy Feuer,True
MUSIC (Original Song Score or Adaptation Score),Stagecoach,"Richard Hageman, Frank Harling, John Leipold, Leo Shuken",True
MUSIC (Original Song Score or Adaptation Score),Swanee River,Louis Silvers,True
MUSIC (Original Song Score or Adaptation Score),They Shall Have Music,Alfred Newman,True
MUSIC (Original Song Score or Adaptation Score),Way Down South,Victor Young,True
MUSIC (Original Song),Gulliver's Travels,Music by Ralph Rainger; Lyrics by Leo Robin,True
MUSIC (Original Song),Second Fiddle,Music and Lyrics by Irving Berlin,True
MUSIC (Original Song),The Wizard of Oz,Music by Harold Arlen; Lyrics by E. Y. Harburg,True
MUSIC (Original Song),Love Affair,Music and Lyrics by Buddy de Sylva,True
BEST PICTURE,Dark Victory,Warner Bros.-First National,True
BEST PICTURE,Gone with the Wind,Selznick International Pictures,True
BEST PICTURE,"Goodbye, Mr. Chips",Metro-Goldwyn-Mayer,True
BEST PICTURE,Love Affair,RKO Radio,True
BEST PICTURE,Mr. Smith Goes to Washington,Columbia,True
BEST PICTURE,Ninotchka,Metro-Goldwyn-Mayer,True
BEST PICTURE,Of Mice and Men,Hal Roach (production company),True
BEST PICTURE,Stagecoach,Walter Wanger (production company),True
BEST PICTURE,The Wizard of Oz,Metro-Goldwyn-Mayer,True
BEST PICTURE,Wuthering Heights,Samuel Goldwyn Productions,True
SHORT FILM (Animated),Detouring America,Warner Bros.,True
SHORT FILM (Animated),Peace on Earth,Metro-Goldwyn-Mayer,True
SHORT FILM (Animated),The Pointer,"Walt Disney, Producer",True
SHORT FILM (Animated),The Ugly Duckling,"Walt Disney, Producer",True
SHORT SUBJECT (One-reel),Busy Little Bears,Paramount,True
SHORT SUBJECT (One-reel),Information Please,RKO Radio,True
SHORT SUBJECT (One-reel),Prophet without Honor,Metro-Goldwyn-Mayer,True
SHORT SUBJECT (One-reel),Sword Fishing,Warner Bros.,True
SHORT SUBJECT (Two-reel),Drunk Driving,Metro-Goldwyn-Mayer,True
SHORT SUBJECT (Two-reel),Five Times Five,RKO Radio,True
SHORT SUBJECT (Two-reel),Sons of Liberty,Warner Bros.,True
SOUND RECORDING,Balalaika,"Metro-Goldwyn-Mayer Studio Sound Department, Douglas Shearer, Sound Director",True
SOUND RECORDING,Gone with the Wind,"Samuel Goldwyn Studio Sound Department, Thomas T. Moulton, Sound Director",True
SOUND RECORDING,"Goodbye, Mr. Chips","Denham Studio Sound Department, A. W. Watkins, Sound Director",True
SOUND RECORDING,The Great Victor Herbert,"Paramount Studio Sound Department, Loren L. Ryder, Sound Director",True
SOUND RECORDING,The Hunchback of Notre Dame,"RKO Radio Studio Sound Department, John Aalberg, Sound Director",True
SOUND RECORDING,Man of Conquest,"Republic Studio Sound Department, Charles L. Lootens, Sound Director",True
SOUND RECORDING,Mr. Smith Goes to Washington,"Columbia Studio Sound Department, John Livadary, Sound Director",True
SOUND RECORDING,Of Mice and Men,"Hal Roach Studio Sound Department, Elmer A. Raguse, Sound Director",True
SOUND RECORDING,The Private Lives of Elizabeth and Essex,"Warner Bros. Studio Sound Department, Nathan Levinson, Sound Director",True
SOUND RECORDING,The Rains Came,"20th Century-Fox Studio Sound Department, E. H. Hansen, Sound Director",True
SOUND RECORDING,When Tomorrow Comes,"Universal Studio Sound Department, Bernard B. Brown, Sound Director",True
VISUAL EFFECTS,Gone with the Wind,"John R. Cosgrove, Fred Albin, Arthur Johns",True
VISUAL EFFECTS,Only Angels Have Wings,"Roy Davidson, Edwin C. Hahn",True
VISUAL EFFECTS,The Private Lives of Elizabeth and Essex,"Byron Haskin, Nathan Levinson",True
VISUAL EFFECTS,The Rains Came,"Fred Sersen, E. H. Hansen",True
VISUAL EFFECTS,Topper Takes a Trip,Roy Seawright,True
VISUAL EFFECTS,Union Pacific,"Farciot Edouart, Gordon Jennings, Loren Ryder",True
VISUAL EFFECTS,The Wizard of Oz,"A. Arnold Gillespie, Douglas Shearer",True
WRITING (Original Story),Bachelor Mother,Felix Jackson,True
WRITING (Original Story),Love Affair,"Mildred Cram, Leo McCarey",True
WRITING (Original Story),Mr. Smith Goes to Washington,Lewis R. Foster,True
WRITING (Original Story),Ninotchka,Melchior Lengyel,True
WRITING (Original Story),Young Mr. Lincoln,Lamar Trotti,True
WRITING (Adapted Screenplay),Gone with the Wind,Sidney Howard,True
WRITING (Adapted Screenplay),"Goodbye, Mr. Chips","R. C. Sherriff, Claudine West, Eric Maschwitz",True
WRITING (Adapted Screenplay),Mr. Smith Goes to Washington,Sidney Buchman,True
WRITING (Adapted Screenplay),Ninotchka,"Charles Brackett, Billy Wilder, Walter Reisch",True
WRITING (Adapted Screenplay),Wuthering Heights,"Charles MacArthur, Ben Hecht",True
SPECIAL AWARD,Gone with the Wind,nan,True
SCIENTIFIC OR TECHNICAL AWARD (Class III),Gone with the Wind,nan,True
ACTOR IN A LEADING ROLE,The Great Dictator,Charles Chaplin,True
ACTOR IN A LEADING ROLE,The Grapes of Wrath,Henry Fonda,True
ACTOR IN A LEADING ROLE,Abe Lincoln in Illinois,Raymond Massey,True
ACTOR IN A LEADING ROLE,Rebecca,Laurence Olivier,True
ACTOR IN A LEADING ROLE,The Philadelphia Story,James Stewart,True
ACTOR IN A SUPPORTING ROLE,Foreign Correspondent,Albert Basserman,True
ACTOR IN A SUPPORTING ROLE,The Westerner,Walter Brennan,True
ACTOR IN A SUPPORTING ROLE,They Knew What They Wanted,William Gargan,True
ACTOR IN A SUPPORTING ROLE,The Great Dictator,Jack Oakie,True
ACTOR IN A SUPPORTING ROLE,The Letter,James Stephenson,True
ACTRESS IN A LEADING ROLE,The Letter,Bette Davis,True
ACTRESS IN A LEADING ROLE,Rebecca,Joan Fontaine,True
ACTRESS IN A LEADING ROLE,The Philadelphia Story,Katharine Hepburn,True
ACTRESS IN A LEADING ROLE,Kitty Foyle,Ginger Rogers,True
ACTRESS IN A LEADING ROLE,Our Town,Martha Scott,True
ACTRESS IN A SUPPORTING ROLE,Rebecca,Judith Anderson,True
ACTRESS IN A SUPPORTING ROLE,The Grapes of Wrath,Jane Darwell,True
ACTRESS IN A SUPPORTING ROLE,The Philadelphia Story,Ruth Hussey,True
ACTRESS IN A SUPPORTING ROLE,"All This, and Heaven Too",Barbara O'Neil,True
ACTRESS IN A SUPPORTING ROLE,Primrose Path,Marjorie Rambeau,True
ART DIRECTION (Black-and-White),"Arise, My Love","Hans Dreier, Robert Usher",True
ART DIRECTION (Black-and-White),Arizona,"Lionel Banks, Robert Peterson",True
ART DIRECTION (Black-and-White),The Boys from Syracuse,John Otterson,True
ART DIRECTION (Black-and-White),The Dark Command,John Victor Mackay,True
ART DIRECTION (Black-and-White),Foreign Correspondent,Alexander Golitzen,True
ART DIRECTION (Black-and-White),Lillian Russell,"Richard Day, Joseph C. Wright",True
ART DIRECTION (Black-and-White),My Favorite Wife,"Van Nest Polglase, Mark-Lee Kirk",True
ART DIRECTION (Black-and-White),"My Son, My Son!",John DuCasse Schulze,True
ART DIRECTION (Black-and-White),Our Town,Lewis J. Rachmil,True
ART DIRECTION (Black-and-White),Pride and Prejudice,"Cedric Gibbons, Paul Groesse",True
ART DIRECTION (Black-and-White),Rebecca,Lyle Wheeler,True
ART DIRECTION (Black-and-White),The Sea Hawk,Anton Grot,True
ART DIRECTION (Black-and-White),The Westerner,James Basevi,True
ART DIRECTION (Color),Bitter Sweet,"Cedric Gibbons, John S. Detlie",True
ART DIRECTION (Color),Down Argentine Way,"Richard Day, Joseph C. Wright",True
ART DIRECTION (Color),North West Mounted Police,"Hans Dreier, Roland Anderson",True
ART DIRECTION (Color),The Thief of Bagdad,Vincent Korda,True
CINEMATOGRAPHY (Black-and-White),Abe Lincoln in Illinois,James Wong Howe,True
CINEMATOGRAPHY (Black-and-White),"All This, and Heaven Too",Ernest Haller,True
CINEMATOGRAPHY (Black-and-White),"Arise, My Love","Charles B. Lang, Jr.",True
CINEMATOGRAPHY (Black-and-White),Boom Town,Harold Rosson,True
CINEMATOGRAPHY (Black-and-White),Foreign Correspondent,Rudolph Maté,True
CINEMATOGRAPHY (Black-and-White),The Letter,Gaetano (Tony) Gaudio,True
CINEMATOGRAPHY (Black-and-White),The Long Voyage Home,Gregg Toland,True
CINEMATOGRAPHY (Black-and-White),Rebecca,George Barnes,True
CINEMATOGRAPHY (Black-and-White),Spring Parade,Joseph Valentine,True
CINEMATOGRAPHY (Black-and-White),Waterloo Bridge,Joseph Ruttenberg,True
CINEMATOGRAPHY (Color),Bitter Sweet,"Oliver T. Marsh, Allen Davey",True
CINEMATOGRAPHY (Color),The Blue Bird,"Arthur Miller, Ray Rennahan",True
CINEMATOGRAPHY (Color),Down Argentine Way,"Leon Shamroy, Ray Rennahan",True
CINEMATOGRAPHY (Color),North West Mounted Police,"Victor Milner, W. Howard Greene",True
CINEMATOGRAPHY (Color),Northwest Passage,"Sidney Wagner, William V. Skall",True
CINEMATOGRAPHY (Color),The Thief of Bagdad,Georges Périnal,True
DIRECTING,The Grapes of Wrath,John Ford,True
DIRECTING,Kitty Foyle,Sam Wood,True
DIRECTING,The Letter,William Wyler,True
DIRECTING,The Philadelphia Story,George Cukor,True
DIRECTING,Rebecca,Alfred Hitchcock,True
FILM EDITING,The Grapes of Wrath,Robert Simpson,True
FILM EDITING,The Letter,Warren Low,True
FILM EDITING,The Long Voyage Home,Sherman Todd,True
FILM EDITING,North West Mounted Police,Anne Bauchens,True
FILM EDITING,Rebecca,Hal C. Kern,True
MUSIC (Original Score),Arizona,Victor Young,True
MUSIC (Original Score),The Dark Command,Victor Young,True
MUSIC (Original Score),The Fight for Life,Louis Gruenberg,True
MUSIC (Original Score),The Great Dictator,Meredith Willson,True
MUSIC (Original Score),The House of the Seven Gables,Frank Skinner,True
MUSIC (Original Score),The Howards of Virginia,Richard Hageman,True
MUSIC (Original Score),The Letter,Max Steiner,True
MUSIC (Original Score),The Long Voyage Home,Richard Hageman,True
MUSIC (Original Score),The Mark of Zorro,Alfred Newman,True
MUSIC (Original Score),My Favorite Wife,Roy Webb,True
MUSIC (Original Score),North West Mounted Police,Victor Young,True
MUSIC (Original Score),One Million B.C.,Werner Heymann,True
MUSIC (Original Score),Our Town,Aaron Copland,True
MUSIC (Original Score),Pinocchio,"Leigh Harline, Paul J. Smith, Ned Washington",True
MUSIC (Original Score),Rebecca,Franz Waxman,True
MUSIC (Original Score),The Thief of Bagdad,Miklos Rozsa,True
MUSIC (Original Score),Waterloo Bridge,Herbert Stothart,True
MUSIC (Original Song Score or Adaptation Score),"Arise, My Love",Victor Young,True
MUSIC (Original Song Score or Adaptation Score),Hit Parade of 1941,Cy Feuer,True
MUSIC (Original Song Score or Adaptation Score),Irene,Anthony Collins,True
MUSIC (Original Song Score or Adaptation Score),Our Town,Aaron Copland,True
MUSIC (Original Song Score or Adaptation Score),The Sea Hawk,Erich Wolfgang Korngold,True
MUSIC (Original Song Score or Adaptation Score),Second Chorus,Artie Shaw,True
MUSIC (Original Song Score or Adaptation Score),Spring Parade,Charles Previn,True
MUSIC (Original Song Score or Adaptation Score),Strike Up the Band,"Roger Edens, Georgie Stoll",True
MUSIC (Original Song Score or Adaptation Score),Tin Pan Alley,Alfred Newman,True
MUSIC (Original Song),Down Argentine Way,Music by Harry Warren; Lyrics by Mack Gordon,True
MUSIC (Original Song),You'll Find Out,Music by Jimmy McHugh; Lyrics by Johnny Mercer,True
MUSIC (Original Song),Music in My Heart,Music and Lyrics by Chet Forrest and Bob Wright,True
MUSIC (Original Song),Second Chorus,Music by Artie Shaw; Lyrics by Johnny Mercer,True
MUSIC (Original Song),Rhythm on the River,Music by James Monaco; Lyrics by John Burke,True
MUSIC (Original Song),Strike Up the Band,Music and Lyrics by Roger Edens and Arthur Freed,True
MUSIC (Original Song),Spring Parade,Music by Robert Stolz; Lyrics by Gus Kahn,True
MUSIC (Original Song),Pinocchio,Music by Leigh Harline; Lyrics by Ned Washington,True
MUSIC (Original Song),Hit Parade of 1941,Music by Jule Styne; Lyrics by Walter Bullock,True
BEST PICTURE,"All This, and Heaven Too",Warner Bros.,True
BEST PICTURE,Foreign Correspondent,Walter Wanger (production company),True
BEST PICTURE,The Grapes of Wrath,20th Century-Fox,True
BEST PICTURE,The Great Dictator,Charles Chaplin Productions,True
BEST PICTURE,Kitty Foyle,RKO Radio,True
BEST PICTURE,The Letter,Warner Bros.,True
BEST PICTURE,The Long Voyage Home,Argosy-Wanger,True
BEST PICTURE,Our Town,Sol Lesser (production company),True
BEST PICTURE,The Philadelphia Story,Metro-Goldwyn-Mayer,True
BEST PICTURE,Rebecca,Selznick International Pictures,True
SHORT FILM (Animated),The Milky Way,Metro-Goldwyn-Mayer,True
SHORT FILM (Animated),Puss Gets the Boot,Metro-Goldwyn-Mayer,True
SHORT FILM (Animated),A Wild Hare,"Leon Schlesinger, Producer",True
SHORT SUBJECT (One-reel),London Can Take It,Warner Bros.,True
SHORT SUBJECT (One-reel),More about Nostradamus,Metro-Goldwyn-Mayer,True
SHORT SUBJECT (One-reel),Quicker 'N a Wink,"Pete Smith, Producer",True
SHORT SUBJECT (One-reel),Siege,RKO Radio,True
SHORT SUBJECT (Two-reel),Eyes of the Navy,Metro-Goldwyn-Mayer,True
SHORT SUBJECT (Two-reel),Service with the Colors,Warner Bros.,True
SHORT SUBJECT (Two-reel),"Teddy, the Rough Rider",Warner Bros.,True
SOUND RECORDING,Behind the News,"Republic Studio Sound Department, Charles L. Lootens, Sound Director",True
SOUND RECORDING,Captain Caution,"Hal Roach Studio Sound Department, Elmer A. Raguse, Sound Director",True
SOUND RECORDING,The Grapes of Wrath,"20th Century-Fox Studio Sound Department, E. H. Hansen, Sound Director",True
SOUND RECORDING,The Howards of Virginia,"General Service Sound Department, Jack Whitney, Sound Director",True
SOUND RECORDING,Kitty Foyle,"RKO Radio Studio Sound Department, John Aalberg, Sound Director",True
SOUND RECORDING,North West Mounted Police,"Paramount Studio Sound Department, Loren L. Ryder, Sound Director",True
SOUND RECORDING,Our Town,"Samuel Goldwyn Studio Sound Department, Thomas T. Moulton, Sound Director",True
SOUND RECORDING,The Sea Hawk,"Warner Bros. Studio Sound Department, Nathan Levinson, Sound Director",True
SOUND RECORDING,Spring Parade,"Universal Studio Sound Department, Bernard B. Brown, Sound Director",True
SOUND RECORDING,Strike Up the Band,"Metro-Goldwyn-Mayer Studio Sound Department, Douglas Shearer, Sound Director",True
SOUND RECORDING,Too Many Husbands,"Columbia Studio Sound Department, John Livadary, Sound Director",True
VISUAL EFFECTS,The Blue Bird,Photographic Effects by Fred Sersen; Sound Effects by E. H. Hansen,True
VISUAL EFFECTS,Boom Town,Photographic Effects by A. Arnold Gillespie; Sound Effects by Douglas Shearer,True
VISUAL EFFECTS,The Boys from Syracuse,"Photographic Effects by John P. Fulton; Sound Effects by Bernard B. Brown, Joseph Lapis",True
VISUAL EFFECTS,Dr. Cyclops,"Photographic Effects by Gordon Jennings, Farciot Edouart",True
VISUAL EFFECTS,Foreign Correspondent,Photographic Effects by Paul Eagler; Sound Effects by Thomas T. Moulton,True
VISUAL EFFECTS,The Invisible Man Returns,"Photographic Effects by John P. Fulton; Sound Effects by Bernard B. Brown, William Hedgecock",True
VISUAL EFFECTS,The Long Voyage Home,"Photographic Effects by R. T. Layton, R. O. Binger; Sound Effects by Thomas T. Moulton",True
VISUAL EFFECTS,One Million B.C.,Photographic Effects by Roy Seawright; Sound Effects by Elmer Raguse,True
VISUAL EFFECTS,Rebecca,Photographic Effects by Jack Cosgrove; Sound Effects by Arthur Johns,True
VISUAL EFFECTS,The Sea Hawk,Photographic Effects by Byron Haskin; Sound Effects by Nathan Levinson,True
VISUAL EFFECTS,Swiss Family Robinson,Photographic Effects by Vernon L. Walker; Sound Effects by John O. Aalberg,True
VISUAL EFFECTS,The Thief of Bagdad,Photographic Effects by Lawrence Butler; Sound Effects by Jack Whitney,True
VISUAL EFFECTS,Typhoon,"Photographic Effects by Farciot Edouart, Gordon Jennings; Sound Effects by Loren Ryder",True
VISUAL EFFECTS,Women in War,"Photographic Effects by Howard J. Lydecker, William Bradford, Ellis J. Thackery; Sound Effects by Herbert Norsch",True
WRITING (Original Screenplay),Angels over Broadway,Ben Hecht,True
WRITING (Original Screenplay),Dr. Ehrlich's Magic Bullet,"John Huston, Heinz Herald, Norman Burnside",True
WRITING (Original Screenplay),Foreign Correspondent,"Charles Bennett, Joan Harrison",True
WRITING (Original Screenplay),The Great Dictator,Charles Chaplin,True
WRITING (Original Screenplay),The Great McGinty,Preston Sturges,True
WRITING (Original Story),"Arise, My Love","Benjamin Glazer, John S. Toldy",True
WRITING (Original Story),Comrade X,Walter Reisch,True
WRITING (Original Story),"Edison, the Man","Dore Schary, Hugo Butler",True
WRITING (Original Story),My Favorite Wife,"Bella Spewack, Samuel Spewack, Leo McCarey",True
WRITING (Original Story),The Westerner,Stuart N. Lake,True
WRITING (Adapted Screenplay),The Grapes of Wrath,Nunnally Johnson,True
WRITING (Adapted Screenplay),Kitty Foyle,Dalton Trumbo,True
WRITING (Adapted Screenplay),The Long Voyage Home,Dudley Nichols,True
WRITING (Adapted Screenplay),The Philadelphia Story,Donald Ogden Stewart,True
WRITING (Adapted Screenplay),Rebecca,"Robert E. Sherwood, Joan Harrison",True
ACTOR IN A LEADING ROLE,Sergeant York,Gary Cooper,True
ACTOR IN A LEADING ROLE,Penny Serenade,Cary Grant,True
ACTOR IN A LEADING ROLE,All That Money Can Buy,Walter Huston,True
ACTOR IN A LEADING ROLE,Here Comes Mr. Jordan,Robert Montgomery,True
ACTOR IN A LEADING ROLE,Citizen Kane,Orson Welles,True
ACTOR IN A SUPPORTING ROLE,Sergeant York,Walter Brennan,True
ACTOR IN A SUPPORTING ROLE,The Devil and Miss Jones,Charles Coburn,True
ACTOR IN A SUPPORTING ROLE,How Green Was My Valley,Donald Crisp,True
ACTOR IN A SUPPORTING ROLE,Here Comes Mr. Jordan,James Gleason,True
ACTOR IN A SUPPORTING ROLE,The Maltese Falcon,Sydney Greenstreet,True
ACTRESS IN A LEADING ROLE,The Little Foxes,Bette Davis,True
ACTRESS IN A LEADING ROLE,Hold Back the Dawn,Olivia de Havilland,True
ACTRESS IN A LEADING ROLE,Suspicion,Joan Fontaine,True
ACTRESS IN A LEADING ROLE,Blossoms in the Dust,Greer Garson,True
ACTRESS IN A LEADING ROLE,Ball of Fire,Barbara Stanwyck,True
ACTRESS IN A SUPPORTING ROLE,How Green Was My Valley,Sara Allgood,True
ACTRESS IN A SUPPORTING ROLE,The Great Lie,Mary Astor,True
ACTRESS IN A SUPPORTING ROLE,The Little Foxes,Patricia Collinge,True
ACTRESS IN A SUPPORTING ROLE,The Little Foxes,Teresa Wright,True
ACTRESS IN A SUPPORTING ROLE,Sergeant York,Margaret Wycherly,True
ART DIRECTION (Black-and-White),Citizen Kane,"Art Direction: Perry Ferguson, Van Nest Polglase; Interior Decoration: Al Fields, Darrell Silvera",True
ART DIRECTION (Black-and-White),The Flame of New Orleans,"Art Direction: Martin Obzina, Jack Otterson; Interior Decoration: Russell A. Gausman",True
ART DIRECTION (Black-and-White),Hold Back the Dawn,"Art Direction: Hans Dreier, Robert Usher; Interior Decoration: Sam Comer",True
ART DIRECTION (Black-and-White),How Green Was My Valley,"Art Direction: Richard Day, Nathan Juran; Interior Decoration: Thomas Little",True
ART DIRECTION (Black-and-White),Ladies in Retirement,Art Direction: Lionel Banks; Interior Decoration: George Montgomery,True
ART DIRECTION (Black-and-White),The Little Foxes,Art Direction: Stephen Goosson; Interior Decoration: Howard Bristol,True
ART DIRECTION (Black-and-White),Sergeant York,Art Direction: John Hughes; Interior Decoration: Fred MacLean,True
ART DIRECTION (Black-and-White),Sis Hopkins,nan,True
ART DIRECTION (Black-and-White),The Son of Monte Cristo,Art Direction: John DuCasse Schulze; Interior Decoration: Edward G. Boyle,True
ART DIRECTION (Black-and-White),Sundown,Art Direction: Alexander Golitzen; Interior Decoration: Richard Irvine,True
ART DIRECTION (Black-and-White),That Hamilton Woman,Art Direction: Vincent Korda; Interior Decoration: Julia Heron,True
ART DIRECTION (Black-and-White),When Ladies Meet,"Art Direction: Cedric Gibbons, Randall Duell; Interior Decoration: Edwin B. Willis",True
ART DIRECTION (Color),Blood and Sand,"Art Direction: Richard Day, Joseph C. Wright; Interior Decoration: Thomas Little",True
ART DIRECTION (Color),Blossoms in the Dust,"Art Direction: Cedric Gibbons, Urie McCleary; Interior Decoration: Edwin B. Willis",True
ART DIRECTION (Color),Louisiana Purchase,Art Direction: Raoul Pene du Bois; Interior Decoration: Stephen A. Seymour,True
CINEMATOGRAPHY (Black-and-White),The Chocolate Soldier,Karl Freund,True
CINEMATOGRAPHY (Black-and-White),Citizen Kane,Gregg Toland,True
CINEMATOGRAPHY (Black-and-White),Dr. Jekyll and Mr. Hyde,Joseph Ruttenberg,True
CINEMATOGRAPHY (Black-and-White),Here Comes Mr. Jordan,Joseph Walker,True
CINEMATOGRAPHY (Black-and-White),Hold Back the Dawn,Leo Tover,True
CINEMATOGRAPHY (Black-and-White),How Green Was My Valley,Arthur Miller,True
CINEMATOGRAPHY (Black-and-White),Sergeant York,Sol Polito,True
CINEMATOGRAPHY (Black-and-White),Sun Valley Serenade,Edward Cronjager,True
CINEMATOGRAPHY (Black-and-White),Sundown,Charles Lang,True
CINEMATOGRAPHY (Black-and-White),That Hamilton Woman,Rudolph Maté,True
CINEMATOGRAPHY (Color),Aloma of the South Seas,"Wilfred M. Cline, Karl Struss, William Snyder",True
CINEMATOGRAPHY (Color),Billy the Kid,"William V. Skall, Leonard Smith",True
CINEMATOGRAPHY (Color),Blood and Sand,"Ernest Palmer, Ray Rennahan",True
CINEMATOGRAPHY (Color),Blossoms in the Dust,"Karl Freund, W. Howard Greene",True
CINEMATOGRAPHY (Color),Dive Bomber,Bert Glennon,True
CINEMATOGRAPHY (Color),Louisiana Purchase,"Harry Hallenberger, Ray Rennahan",True
DIRECTING,Citizen Kane,Orson Welles,True
DIRECTING,Here Comes Mr. Jordan,Alexander Hall,True
DIRECTING,How Green Was My Valley,John Ford,True
DIRECTING,The Little Foxes,William Wyler,True
DIRECTING,Sergeant York,Howard Hawks,True
DOCUMENTARY (Short Subject),Adventure in the Bronx,Film Associates,True
DOCUMENTARY (Short Subject),Bomber,United States Office for Emergency Management Film Unit,True
DOCUMENTARY (Short Subject),Christmas under Fire,British Ministry of Information,True
DOCUMENTARY (Short Subject),Churchill's Island,National Film Board of Canada,True
DOCUMENTARY (Short Subject),Letter from Home,British Ministry of Information,True
DOCUMENTARY (Short Subject),Life of a Thoroughbred,"Truman Talley, Producer",True
DOCUMENTARY (Short Subject),Norway in Revolt,The March of Time,True
DOCUMENTARY (Short Subject),A Place to Live,Philadelphia Housing Association,True
DOCUMENTARY (Short Subject),Russian Soil,Amkino,True
DOCUMENTARY (Short Subject),Soldiers of the Sky,"Truman Talley, Producer",True
DOCUMENTARY (Short Subject),War Clouds in the Pacific,National Film Board of Canada,True
FILM EDITING,Citizen Kane,Robert Wise,True
FILM EDITING,Dr. Jekyll and Mr. Hyde,Harold F. Kress,True
FILM EDITING,How Green Was My Valley,James B. Clark,True
FILM EDITING,The Little Foxes,Daniel Mandell,True
FILM EDITING,Sergeant York,William Holmes,True
MUSIC (Original Score),All That Money Can Buy,Bernard Herrmann,True
MUSIC (Original Score),Back Street,Frank Skinner,True
MUSIC (Original Score),Ball of Fire,Alfred Newman,True
MUSIC (Original Score),Cheers for Miss Bishop,Edward Ward,True
MUSIC (Original Score),Citizen Kane,Bernard Herrmann,True
MUSIC (Original Score),Dr. Jekyll and Mr. Hyde,Franz Waxman,True
MUSIC (Original Score),Hold Back the Dawn,Victor Young,True
MUSIC (Original Score),How Green Was My Valley,Alfred Newman,True
MUSIC (Original Score),King of the Zombies,Edward Kay,True
MUSIC (Original Score),Ladies in Retirement,"Morris Stoloff, Ernst Toch",True
MUSIC (Original Score),The Little Foxes,Meredith Willson,True
MUSIC (Original Score),Lydia,Miklos Rozsa,True
MUSIC (Original Score),Mercy Island,"Cy Feuer, Walter Scharf",True
MUSIC (Original Score),Sergeant York,Max Steiner,True
MUSIC (Original Score),So Ends Our Night,Louis Gruenberg,True
MUSIC (Original Score),Sundown,Miklos Rozsa,True
MUSIC (Original Score),Suspicion,Franz Waxman,True
MUSIC (Original Score),Tanks a Million,Edward Ward,True
MUSIC (Original Score),That Uncertain Feeling,Werner Heymann,True
MUSIC (Original Score),This Woman Is Mine,Richard Hageman,True
MUSIC (Original Song Score or Adaptation Score),All-American Co-Ed,Edward Ward,True
MUSIC (Original Song Score or Adaptation Score),Birth of the Blues,Robert Emmett Dolan,True
MUSIC (Original Song Score or Adaptation Score),Buck Privates,Charles Previn,True
MUSIC (Original Song Score or Adaptation Score),The Chocolate Soldier,"Herbert Stothart, Bronislau Kaper",True
MUSIC (Original Song Score or Adaptation Score),Dumbo,"Frank Churchill, Oliver Wallace",True
MUSIC (Original Song Score or Adaptation Score),Ice-Capades,Cy Feuer,True
MUSIC (Original Song Score or Adaptation Score),The Strawberry Blonde,Heinz Roemheld,True
MUSIC (Original Song Score or Adaptation Score),Sun Valley Serenade,Emil Newman,True
MUSIC (Original Song Score or Adaptation Score),Sunny,Anthony Collins,True
MUSIC (Original Song Score or Adaptation Score),You'll Never Get Rich,Morris Stoloff,True
MUSIC (Original Song),Dumbo,Music by Frank Churchill; Lyrics by Ned Washington,True
MUSIC (Original Song),Ridin' on a Rainbow,Music and Lyrics by Gene Autry and Fred Rose,True
MUSIC (Original Song),Blues in the Night,Music by Harold Arlen; Lyrics by Johnny Mercer,True
MUSIC (Original Song),Buck Privates,Music by Hugh Prince; Lyrics by Don Raye,True
MUSIC (Original Song),Sun Valley Serenade,Music by Harry Warren; Lyrics by Mack Gordon,True
MUSIC (Original Song),Las Vegas Nights,Music by Lou Alter; Lyrics by Frank Loesser,True
MUSIC (Original Song),Lady Be Good,Music by Jerome Kern; Lyrics by Oscar Hammerstein II,True
MUSIC (Original Song),All-American Co-Ed,Music and Lyrics by Lloyd B. Norlind,True
MUSIC (Original Song),You'll Never Get Rich,Music and Lyrics by Cole Porter,True
BEST PICTURE,Blossoms in the Dust,Metro-Goldwyn-Mayer,True
BEST PICTURE,Citizen Kane,Mercury,True
BEST PICTURE,Here Comes Mr. Jordan,Columbia,True
BEST PICTURE,Hold Back the Dawn,Paramount,True
BEST PICTURE,How Green Was My Valley,20th Century-Fox,True
BEST PICTURE,The Little Foxes,Samuel Goldwyn Productions,True
BEST PICTURE,The Maltese Falcon,Warner Bros.,True
BEST PICTURE,One Foot in Heaven,Warner Bros.,True
BEST PICTURE,Sergeant York,Warner Bros.,True
BEST PICTURE,Suspicion,RKO Radio,True
SHORT FILM (Animated),Boogie Woogie Bugle Boy of Company B,"Walter Lantz, Producer",True
SHORT FILM (Animated),Hiawatha's Rabbit Hunt,"Leon Schlesinger, Producer",True
SHORT FILM (Animated),How War Came,Columbia,True
SHORT FILM (Animated),Lend a Paw,"Walt Disney, Producer",True
SHORT FILM (Animated),The Night before Christmas,Metro-Goldwyn-Mayer,True
SHORT FILM (Animated),Rhapsody in Rivets,"Leon Schlesinger, Producer",True
SHORT FILM (Animated),Rhythm in the Ranks,"George Pal, Producer",True
SHORT FILM (Animated),The Rookie Bear,Metro-Goldwyn-Mayer,True
SHORT FILM (Animated),Superman,"Max Fleischer, Producer",True
SHORT FILM (Animated),Truant Officer Donald,"Walt Disney, Producer",True
SHORT SUBJECT (One-reel),Army Champions,"Pete Smith, Producer",True
SHORT SUBJECT (One-reel),Beauty and the Beach,Paramount,True
SHORT SUBJECT (One-reel),Down on the Farm,Paramount,True
SHORT SUBJECT (One-reel),Forty Boys and a Song,Warner Bros.,True
SHORT SUBJECT (One-reel),Kings of the Turf,Warner Bros.,True
SHORT SUBJECT (One-reel),Of Pups and Puzzles,Metro-Goldwyn-Mayer,True
SHORT SUBJECT (One-reel),Sagebrush and Silver,20th Century-Fox,True
SHORT SUBJECT (Two-reel),Alive in the Deep,"Woodard Productions, Inc.",True
SHORT SUBJECT (Two-reel),Forbidden Passage,Metro-Goldwyn-Mayer,True
SHORT SUBJECT (Two-reel),The Gay Parisian,Warner Bros.,True
SHORT SUBJECT (Two-reel),Main Street on the March!,Metro-Goldwyn-Mayer,True
SHORT SUBJECT (Two-reel),The Tanks Are Coming,United States Army,True
SOUND RECORDING,Appointment for Love,"Universal Studio Sound Department, Bernard B. Brown, Sound Director",True
SOUND RECORDING,Ball of Fire,"Samuel Goldwyn Studio Sound Department, Thomas T. Moulton, Sound Director",True
SOUND RECORDING,The Chocolate Soldier,"Metro-Goldwyn-Mayer Studio Sound Department, Douglas Shearer, Sound Director",True
SOUND RECORDING,Citizen Kane,"RKO Radio Studio Sound Department, John Aalberg, Sound Director",True
SOUND RECORDING,The Devil Pays Off,"Republic Studio Sound Department, Charles Lootens, Sound Director",True
SOUND RECORDING,How Green Was My Valley,"20th Century-Fox Studio Sound Department, E. H. Hansen, Sound Director",True
SOUND RECORDING,The Men in Her Life,"Columbia Studio Sound Department, John Livadary, Sound Director",True
SOUND RECORDING,Sergeant York,"Warner Bros. Studio Sound Department, Nathan Levinson, Sound Director",True
SOUND RECORDING,Skylark,"Paramount Studio Sound Department, Loren Ryder, Sound Director",True
SOUND RECORDING,That Hamilton Woman,"General Service Sound Department, Jack Whitney, Sound Director",True
SOUND RECORDING,Topper Returns,"Hal Roach Studio Sound Department, Elmer Raguse, Sound Director",True
VISUAL EFFECTS,Aloma of the South Seas,"Photographic Effects by Farciot Edouart, Gordon Jennings; Sound Effects by Louis Mesenkop",True
VISUAL EFFECTS,Dive Bomber,Photographic Effects by Byron Haskin; Sound Effects by Nathan Levinson,True
VISUAL EFFECTS,Flight Command,Photographic Effects by A. Arnold Gillespie; Sound Effects by Douglas Shearer,True
VISUAL EFFECTS,I Wanted Wings,"Photographic Effects by Farciot Edouart, Gordon Jennings; Sound Effects by Louis Mesenkop",True
VISUAL EFFECTS,The Invisible Woman,Photographic Effects by John Fulton; Sound Effects by John Hall,True
VISUAL EFFECTS,The Sea Wolf,Photographic Effects by Byron Haskin; Sound Effects by Nathan Levinson,True
VISUAL EFFECTS,That Hamilton Woman,Photographic Effects by Lawrence Butler; Sound Effects by William H. Wilmarth,True
VISUAL EFFECTS,Topper Returns,Photographic Effects by Roy Seawright; Sound Effects by Elmer Raguse,True
VISUAL EFFECTS,A Yank in the R.A.F.,Photographic Effects by Fred Sersen; Sound Effects by E. H. Hansen,True
WRITING (Original Screenplay),Citizen Kane,"Herman J. Mankiewicz, Orson Welles",True
WRITING (Original Screenplay),The Devil and Miss Jones,Norman Krasna,True
WRITING (Original Screenplay),Sergeant York,"Abem Finkel, Harry Chandlee, Howard Koch, John Huston",True
WRITING (Original Screenplay),"Tall, Dark and Handsome","Karl Tunberg, Darrell Ware",True
WRITING (Original Screenplay),"Tom, Dick and Harry",Paul Jarrico,True
WRITING (Original Story),Ball of Fire,"Billy Wilder, Thomas Monroe",True
WRITING (Original Story),Here Comes Mr. Jordan,Harry Segall,True
WRITING (Original Story),The Lady Eve,Monckton Hoffe,True
WRITING (Original Story),Meet John Doe,"Richard Connell, Robert Presnell",True
WRITING (Original Story),Night Train,Gordon Wellesley,True
WRITING (Adapted Screenplay),Here Comes Mr. Jordan,"Sidney Buchman, Seton I. Miller",True
WRITING (Adapted Screenplay),Hold Back the Dawn,"Charles Brackett, Billy Wilder",True
WRITING (Adapted Screenplay),How Green Was My Valley,Philip Dunne,True
WRITING (Adapted Screenplay),The Little Foxes,Lillian Hellman,True
WRITING (Adapted Screenplay),The Maltese Falcon,John Huston,True
SPECIAL AWARD,Kukan,nan,True
SPECIAL AWARD,Target for Tonight,nan,True
SPECIAL AWARD,Fantasia,nan,True
ACTOR IN A LEADING ROLE,Yankee Doodle Dandy,James Cagney,True
ACTOR IN A LEADING ROLE,Random Harvest,Ronald Colman,True
ACTOR IN A LEADING ROLE,The Pride of the Yankees,Gary Cooper,True
ACTOR IN A LEADING ROLE,Mrs. Miniver,Walter Pidgeon,True
ACTOR IN A LEADING ROLE,The Pied Piper,Monty Woolley,True
ACTOR IN A SUPPORTING ROLE,Wake Island,William Bendix,True
ACTOR IN A SUPPORTING ROLE,Johnny Eager,Van Heflin,True
ACTOR IN A SUPPORTING ROLE,Yankee Doodle Dandy,Walter Huston,True
ACTOR IN A SUPPORTING ROLE,Tortilla Flat,Frank Morgan,True
ACTOR IN A SUPPORTING ROLE,Mrs. Miniver,Henry Travers,True
ACTRESS IN A LEADING ROLE,"Now, Voyager",Bette Davis,True
ACTRESS IN A LEADING ROLE,Mrs. Miniver,Greer Garson,True
ACTRESS IN A LEADING ROLE,Woman of the Year,Katharine Hepburn,True
ACTRESS IN A LEADING ROLE,My Sister Eileen,Rosalind Russell,True
ACTRESS IN A LEADING ROLE,The Pride of the Yankees,Teresa Wright,True
ACTRESS IN A SUPPORTING ROLE,"Now, Voyager",Gladys Cooper,True
ACTRESS IN A SUPPORTING ROLE,The Magnificent Ambersons,Agnes Moorehead,True
ACTRESS IN A SUPPORTING ROLE,Random Harvest,Susan Peters,True
ACTRESS IN A SUPPORTING ROLE,Mrs. Miniver,Dame May Whitty,True
ACTRESS IN A SUPPORTING ROLE,Mrs. Miniver,Teresa Wright,True
ART DIRECTION (Black-and-White),George Washington Slept Here,"Art Direction: Max Parker, Mark-Lee Kirk; Interior Decoration: Casey Roberts",True
ART DIRECTION (Black-and-White),The Magnificent Ambersons,"Art Direction: Albert S. D'Agostino; Interior Decoration: Darrell Silvera, Al Fields",True
ART DIRECTION (Black-and-White),The Pride of the Yankees,Art Direction: Perry Ferguson; Interior Decoration: Howard Bristol,True
ART DIRECTION (Black-and-White),Random Harvest,"Art Direction: Cedric Gibbons, Randall Duell; Interior Decoration: Edwin B. Willis, Jack Moore",True
ART DIRECTION (Black-and-White),The Shanghai Gesture,Art Direction: Boris Leven; Interior Decoration: Boris Leven,True
ART DIRECTION (Black-and-White),Silver Queen,Art Direction: Ralph Berger; Interior Decoration: Emile Kuri,True
ART DIRECTION (Black-and-White),The Spoilers,"Art Direction: Jack Otterson, John B. Goodman; Interior Decoration: Russell A. Gausman, Edward R. Robinson",True
ART DIRECTION (Black-and-White),"Take a Letter, Darling","Art Direction: Hans Dreier, Roland Anderson; Interior Decoration: Sam Comer",True
ART DIRECTION (Black-and-White),The Talk of the Town,"Art Direction: Lionel Banks, Rudolph Sternad; Interior Decoration: Fay Babcock",True
ART DIRECTION (Black-and-White),This above All,"Art Direction: Richard Day, Joseph Wright; Interior Decoration: Thomas Little",True
ART DIRECTION (Color),Arabian Nights,"Art Direction: Jack Otterson, Alexander Golitzen; Interior Decoration: Russell A. Gausman, Ira S. Webb",True
ART DIRECTION (Color),Captains of the Clouds,Art Direction: Ted Smith; Interior Decoration: Casey Roberts,True
ART DIRECTION (Color),Jungle Book,Art Direction: Vincent Korda; Interior Decoration: Julia Heron,True
ART DIRECTION (Color),My Gal Sal,"Art Direction: Richard Day, Joseph Wright; Interior Decoration: Thomas Little",True
ART DIRECTION (Color),Reap the Wild Wind,"Art Direction: Hans Dreier, Roland Anderson; Interior Decoration: George Sawley",True
CINEMATOGRAPHY (Black-and-White),Kings Row,James Wong Howe,True
CINEMATOGRAPHY (Black-and-White),The Magnificent Ambersons,Stanley Cortez,True
CINEMATOGRAPHY (Black-and-White),Mrs. Miniver,Joseph Ruttenberg,True
CINEMATOGRAPHY (Black-and-White),Moontide,Charles Clarke,True
CINEMATOGRAPHY (Black-and-White),The Pied Piper,Edward Cronjager,True
CINEMATOGRAPHY (Black-and-White),The Pride of the Yankees,Rudolph Maté,True
CINEMATOGRAPHY (Black-and-White),"Take a Letter, Darling",John Mescall,True
CINEMATOGRAPHY (Black-and-White),The Talk of the Town,Ted Tetzlaff,True
CINEMATOGRAPHY (Black-and-White),Ten Gentlemen from West Point,Leon Shamroy,True
CINEMATOGRAPHY (Black-and-White),This above All,Arthur Miller,True
CINEMATOGRAPHY (Color),Arabian Nights,"Milton Krasner, William V. Skall, W. Howard Greene",True
CINEMATOGRAPHY (Color),The Black Swan,Leon Shamroy,True
CINEMATOGRAPHY (Color),Captains of the Clouds,Sol Polito,True
CINEMATOGRAPHY (Color),Jungle Book,W. Howard Greene,True
CINEMATOGRAPHY (Color),Reap the Wild Wind,"Victor Milner, William V. Skall",True
CINEMATOGRAPHY (Color),To the Shores of Tripoli,"Edward Cronjager, William V. Skall",True
DIRECTING,Kings Row,Sam Wood,True
DIRECTING,Mrs. Miniver,William Wyler,True
DIRECTING,Random Harvest,Mervyn LeRoy,True
DIRECTING,Wake Island,John Farrow,True
DIRECTING,Yankee Doodle Dandy,Michael Curtiz,True
DOCUMENTARY (Feature),"Africa, Prelude to Victory",The March of Time,True
DOCUMENTARY (Feature),The Battle of Midway,United States Navy,True
DOCUMENTARY (Feature),Combat Report,United States Army Signal Corps,True
DOCUMENTARY (Feature),Conquer by the Clock,"Frederic Ullman, Jr., Producer",True
DOCUMENTARY (Feature),The Grain That Built a Hemisphere,"Walt Disney, Producer",True
DOCUMENTARY (Feature),"Henry Browne, Farmer",United States Department of Agriculture,True
DOCUMENTARY (Feature),High over the Borders,National Film Board of Canada,True
DOCUMENTARY (Feature),High Stakes in the East,The Netherlands Information Bureau,True
DOCUMENTARY (Feature),Inside Fighting China,National Film Board of Canada,True
DOCUMENTARY (Feature),It's Everybody's War,United States Office of War Information,True
DOCUMENTARY (Feature),Kokoda Front Line!,Australian News & Information Bureau,True
DOCUMENTARY (Feature),Listen to Britain,British Ministry of Information,True
DOCUMENTARY (Feature),Little Belgium,Belgian Ministry of Information,True
DOCUMENTARY (Feature),Little Isles of Freedom,"Victor Stoloff and Edgar Loew, Producers",True
DOCUMENTARY (Feature),Mr. Blabbermouth!,United States Office of War Information,True
DOCUMENTARY (Feature),Mr. Gardenia Jones,United States Office of War Information,True
DOCUMENTARY (Feature),Moscow Strikes Back,Artkino,True
DOCUMENTARY (Feature),The New Spirit,"Walt Disney, Producer",True
DOCUMENTARY (Feature),Prelude to War,United States Army Special Services,True
DOCUMENTARY (Feature),The Price of Victory,"William H. Pine, Producer",True
DOCUMENTARY (Feature),A Ship Is Born,United States Merchant Marine,True
DOCUMENTARY (Feature),Twenty-One Miles,British Ministry of Information,True
DOCUMENTARY (Feature),We Refuse to Die,"William C. Thomas, Producer",True
DOCUMENTARY (Feature),White Eagle,Concanen Films,True
DOCUMENTARY (Feature),Winning Your Wings,United States Army Air Force,True
FILM EDITING,Mrs. Miniver,Harold F. Kress,True
FILM EDITING,The Pride of the Yankees,Daniel Mandell,True
FILM EDITING,The Talk of the Town,Otto Meyer,True
FILM EDITING,This above All,Walter Thompson,True
FILM EDITING,Yankee Doodle Dandy,George Amy,True
MUSIC (Original Score),Arabian Nights,Frank Skinner,True
MUSIC (Original Score),Bambi,"Frank Churchill, Edward Plumb",True
MUSIC (Original Score),The Black Swan,Alfred Newman,True
MUSIC (Original Score),The Corsican Brothers,Dimitri Tiomkin,True
MUSIC (Original Score),Flying Tigers,Victor Young,True
MUSIC (Original Score),The Gold Rush,Max Terr,True
MUSIC (Original Score),I Married a Witch,Roy Webb,True
MUSIC (Original Score),Joan of Paris,Roy Webb,True
MUSIC (Original Score),Jungle Book,Miklos Rozsa,True
MUSIC (Original Score),Klondike Fury,Edward Kay,True
MUSIC (Original Score),"Now, Voyager",Max Steiner,True
MUSIC (Original Score),The Pride of the Yankees,Leigh Harline,True
MUSIC (Original Score),Random Harvest,Herbert Stothart,True
MUSIC (Original Score),The Shanghai Gesture,Richard Hageman,True
MUSIC (Original Score),Silver Queen,Victor Young,True
MUSIC (Original Score),"Take a Letter, Darling",Victor Young,True
MUSIC (Original Score),The Talk of the Town,"Frederick Hollander, Morris Stoloff",True
MUSIC (Original Score),To Be or Not to Be,Werner Heymann,True
MUSIC (Original Song Score or Adaptation Score),Flying with Music,Edward Ward,True
MUSIC (Original Song Score or Adaptation Score),For Me and My Gal,"Roger Edens, Georgie Stoll",True
MUSIC (Original Song Score or Adaptation Score),Holiday Inn,Robert Emmett Dolan,True
MUSIC (Original Song Score or Adaptation Score),It Started with Eve,"Hans Salter, Charles Previn",True
MUSIC (Original Song Score or Adaptation Score),Johnny Doughboy,Walter Scharf,True
MUSIC (Original Song Score or Adaptation Score),My Gal Sal,Alfred Newman,True
MUSIC (Original Song Score or Adaptation Score),Yankee Doodle Dandy,"Ray Heindorf, Heinz Roemheld",True
MUSIC (Original Song Score or Adaptation Score),You Were Never Lovelier,Leigh Harline,True
MUSIC (Original Song),Always in My Heart,Music by Ernesto Lecuona; Lyrics by Kim Gannon,True
MUSIC (Original Song),You Were Never Lovelier,Music by Jerome Kern; Lyrics by Johnny Mercer,True
MUSIC (Original Song),Babes on Broadway,Music by Burton Lane; Lyrics by Ralph Freed,True
MUSIC (Original Song),Youth on Parade,Music by Jule Styne; Lyrics by Sammy Cahn,True
MUSIC (Original Song),Orchestra Wives,Music by Harry Warren; Lyrics by Mack Gordon,True
MUSIC (Original Song),Bambi,Music by Frank Churchill; Lyrics by Larry Morey,True
MUSIC (Original Song),Flying with Music,Music by Edward Ward; Lyrics by Chet Forrest and Bob Wright,True
MUSIC (Original Song),Hellzapoppin',Music by Gene de Paul; Lyrics by Don Raye,True
MUSIC (Original Song),The Mayor of 44th Street,Music by Harry Revel; Lyrics by Mort Greene,True
MUSIC (Original Song),Holiday Inn,Music and Lyrics by Irving Berlin,True
BEST PICTURE,The Invaders,Ortus,True
BEST PICTURE,Kings Row,Warner Bros.,True
BEST PICTURE,The Magnificent Ambersons,Mercury,True
BEST PICTURE,Mrs. Miniver,Metro-Goldwyn-Mayer,True
BEST PICTURE,The Pied Piper,20th Century-Fox,True
BEST PICTURE,The Pride of the Yankees,Samuel Goldwyn Productions,True
BEST PICTURE,Random Harvest,Metro-Goldwyn-Mayer,True
BEST PICTURE,The Talk of the Town,Columbia,True
BEST PICTURE,Wake Island,Paramount,True
BEST PICTURE,Yankee Doodle Dandy,Warner Bros.,True
SHORT FILM (Animated),All Out for 'V',20th Century-Fox,True
SHORT FILM (Animated),Blitz Wolf,Metro-Goldwyn-Mayer,True
SHORT FILM (Animated),Der Fuehrer's Face,"Walt Disney, Producer",True
SHORT FILM (Animated),Juke Box Jamboree,"Walter Lantz, Producer",True
SHORT FILM (Animated),Pigs in a Polka,"Leon Schlesinger, Producer",True
SHORT FILM (Animated),Tulips Shall Grow,"George Pal, Producer",True
SHORT SUBJECT (One-reel),Desert Wonderland,20th Century-Fox,True
SHORT SUBJECT (One-reel),Marines in the Making,"Pete Smith, Producer",True
SHORT SUBJECT (One-reel),Speaking of Animals and Their Families,Paramount,True
SHORT SUBJECT (One-reel),United States Marine Band,Warner Bros.,True
SHORT SUBJECT (Two-reel),Beyond the Line of Duty,Warner Bros.,True
SHORT SUBJECT (Two-reel),Don't Talk,Metro-Goldwyn-Mayer,True
SHORT SUBJECT (Two-reel),Private Smith of the U.S.A.,RKO Radio,True
SOUND RECORDING,Arabian Nights,"Universal Studio Sound Department, Bernard B. Brown, Sound Director",True
SOUND RECORDING,Bambi,"Walt Disney Studio Sound Department, Sam Slyfield, Sound Director",True
SOUND RECORDING,Flying Tigers,"Republic Studio Sound Department, Daniel Bloomberg, Sound Director",True
SOUND RECORDING,Friendly Enemies,"Sound Service, Inc., Jack Whitney, Sound Director",True
SOUND RECORDING,The Gold Rush,"RCA Sound, James Fields, Sound Director",True
SOUND RECORDING,Mrs. Miniver,"Metro-Goldwyn-Mayer Studio Sound Department, Douglas Shearer, Sound Director",True
SOUND RECORDING,Once upon a Honeymoon,"RKO Radio Studio Sound Department, Steve Dunn, Sound Director",True
SOUND RECORDING,The Pride of the Yankees,"Samuel Goldwyn Studio Sound Department, Thomas T. Moulton, Sound Director",True
SOUND RECORDING,Road to Morocco,"Paramount Studio Sound Department, Loren Ryder, Sound Director",True
SOUND RECORDING,This above All,"20th Century-Fox Studio Sound Department, E. H. Hansen, Sound Director",True
SOUND RECORDING,Yankee Doodle Dandy,"Warner Bros. Studio Sound Department, Nathan Levinson, Sound Director",True
SOUND RECORDING,You Were Never Lovelier,"Columbia Studio Sound Department, John Livadary, Sound Director",True
VISUAL EFFECTS,The Black Swan,"Photographic Effects by Fred Sersen; Sound Effects by Roger Heman, George Leverett",True
VISUAL EFFECTS,Desperate Journey,Photographic Effects by Byron Haskin; Sound Effects by Nathan Levinson,True
VISUAL EFFECTS,Flying Tigers,Photographic Effects by Howard Lydecker; Sound Effects by Daniel J. Bloomberg,True
VISUAL EFFECTS,Invisible Agent,Photographic Effects by John Fulton; Sound Effects by Bernard B. Brown,True
VISUAL EFFECTS,Jungle Book,Photographic Effects by Lawrence Butler; Sound Effects by William H. Wilmarth,True
VISUAL EFFECTS,Mrs. Miniver,"Photographic Effects by A. Arnold Gillespie, Warren Newcombe; Sound Effects by Douglas Shearer",True
VISUAL EFFECTS,The Navy Comes Through,Photographic Effects by Vernon L. Walker; Sound Effects by James G. Stewart,True
VISUAL EFFECTS,One of Our Aircraft Is Missing,Photographic Effects by Ronald Neame; Sound Effects by C. C. Stevens,True
VISUAL EFFECTS,The Pride of the Yankees,"Photographic Effects by Jack Cosgrove, Ray Binger; Sound Effects by Thomas T. Moulton",True
VISUAL EFFECTS,Reap the Wild Wind,"Photographic Effects by Gordon Jennings, Farciot Edouart, William L. Pereira; Sound Effects by Louis Mesenkop",True
WRITING (Original Story),Holiday Inn,Irving Berlin,True
WRITING (Original Story),The Invaders,Emeric Pressburger,True
WRITING (Original Story),The Pride of the Yankees,Paul Gallico,True
WRITING (Original Story),The Talk of the Town,Sidney Harmon,True
WRITING (Original Story),Yankee Doodle Dandy,Robert Buckner,True
WRITING (Original Screenplay),One of Our Aircraft Is Missing,"Michael Powell, Emeric Pressburger",True
WRITING (Original Screenplay),Road to Morocco,"Frank Butler, Don Hartman",True
WRITING (Original Screenplay),Wake Island,"W. R. Burnett, Frank Butler",True
WRITING (Original Screenplay),The War against Mrs. Hadley,George Oppenheimer,True
WRITING (Original Screenplay),Woman of the Year,"Ring Lardner, Jr., Michael Kanin",True
WRITING (Adapted Screenplay),The Invaders,"Rodney Ackland, Emeric Pressburger",True
WRITING (Adapted Screenplay),Mrs. Miniver,"Arthur Wimperis, George Froeschel, James Hilton, Claudine West",True
WRITING (Adapted Screenplay),The Pride of the Yankees,"Jo Swerling, Herman J. Mankiewicz",True
WRITING (Adapted Screenplay),Random Harvest,"Claudine West, George Froeschel, Arthur Wimperis",True
WRITING (Adapted Screenplay),The Talk of the Town,"Irwin Shaw, Sidney Buchman",True
SPECIAL AWARD,In Which We Serve,nan,True
ACTOR IN A LEADING ROLE,Casablanca,Humphrey Bogart,True
ACTOR IN A LEADING ROLE,For Whom the Bell Tolls,Gary Cooper,True
ACTOR IN A LEADING ROLE,Watch on the Rhine,Paul Lukas,True
ACTOR IN A LEADING ROLE,Madame Curie,Walter Pidgeon,True
ACTOR IN A LEADING ROLE,The Human Comedy,Mickey Rooney,True
ACTOR IN A SUPPORTING ROLE,The Song of Bernadette,Charles Bickford,True
ACTOR IN A SUPPORTING ROLE,The More the Merrier,Charles Coburn,True
ACTOR IN A SUPPORTING ROLE,Sahara,J. Carrol Naish,True
ACTOR IN A SUPPORTING ROLE,Casablanca,Claude Rains,True
ACTOR IN A SUPPORTING ROLE,For Whom the Bell Tolls,Akim Tamiroff,True
ACTRESS IN A LEADING ROLE,The More the Merrier,Jean Arthur,True
ACTRESS IN A LEADING ROLE,For Whom the Bell Tolls,Ingrid Bergman,True
ACTRESS IN A LEADING ROLE,The Constant Nymph,Joan Fontaine,True
ACTRESS IN A LEADING ROLE,Madame Curie,Greer Garson,True
ACTRESS IN A LEADING ROLE,The Song of Bernadette,Jennifer Jones,True
ACTRESS IN A SUPPORTING ROLE,The Song of Bernadette,Gladys Cooper,True
ACTRESS IN A SUPPORTING ROLE,So Proudly We Hail!,Paulette Goddard,True
ACTRESS IN A SUPPORTING ROLE,For Whom the Bell Tolls,Katina Paxinou,True
ACTRESS IN A SUPPORTING ROLE,The Song of Bernadette,Anne Revere,True
ACTRESS IN A SUPPORTING ROLE,Watch on the Rhine,Lucile Watson,True
ART DIRECTION (Black-and-White),Five Graves to Cairo,"Art Direction: Hans Dreier, Ernst Fegte; Interior Decoration: Bertram Granger",True
ART DIRECTION (Black-and-White),Flight for Freedom,"Art Direction: Albert S. D'Agostino, Carroll Clark; Interior Decoration: Darrell Silvera, Harley Miller",True
ART DIRECTION (Black-and-White),Madame Curie,"Art Direction: Cedric Gibbons, Paul Groesse; Interior Decoration: Edwin B. Willis, Hugh Hunt",True
ART DIRECTION (Black-and-White),Mission to Moscow,Art Direction: Carl Weyl; Interior Decoration: George J. Hopkins,True
ART DIRECTION (Black-and-White),The North Star,Art Direction: Perry Ferguson; Interior Decoration: Howard Bristol,True
ART DIRECTION (Black-and-White),The Song of Bernadette,"Art Direction: James Basevi, William Darling; Interior Decoration: Thomas Little",True
ART DIRECTION (Color),For Whom the Bell Tolls,"Art Direction: Hans Dreier, Haldane Douglas; Interior Decoration: Bertram Granger",True
ART DIRECTION (Color),The Gang's All Here,"Art Direction: James Basevi, Joseph C. Wright; Interior Decoration: Thomas Little",True
ART DIRECTION (Color),Phantom of the Opera,"Art Direction: John B. Goodman, Alexander Golitzen; Interior Decoration: Russell A. Gausman, Ira S. Webb",True
ART DIRECTION (Color),This Is the Army,"Art Direction: John Hughes, Lt. John Koenig; Interior Decoration: George J. Hopkins",True
ART DIRECTION (Color),Thousands Cheer,"Art Direction: Cedric Gibbons, Daniel Cathcart; Interior Decoration: Edwin B. Willis, Jacques Mersereau",True
CINEMATOGRAPHY (Black-and-White),Air Force,"James Wong Howe, Elmer Dyer, Charles Marshall",True
CINEMATOGRAPHY (Black-and-White),Casablanca,Arthur Edeson,True
CINEMATOGRAPHY (Black-and-White),Corvette K-225,Tony Gaudio,True
CINEMATOGRAPHY (Black-and-White),Five Graves to Cairo,John Seitz,True
CINEMATOGRAPHY (Black-and-White),The Human Comedy,Harry Stradling,True
CINEMATOGRAPHY (Black-and-White),Madame Curie,Joseph Ruttenberg,True
CINEMATOGRAPHY (Black-and-White),The North Star,James Wong Howe,True
CINEMATOGRAPHY (Black-and-White),Sahara,Rudolph Maté,True
CINEMATOGRAPHY (Black-and-White),So Proudly We Hail!,Charles Lang,True
CINEMATOGRAPHY (Black-and-White),The Song of Bernadette,Arthur Miller,True
CINEMATOGRAPHY (Color),For Whom the Bell Tolls,Ray Rennahan,True
CINEMATOGRAPHY (Color),Heaven Can Wait,Edward Cronjager,True
CINEMATOGRAPHY (Color),"Hello, Frisco, Hello","Charles G. Clarke, Allen Davey",True
CINEMATOGRAPHY (Color),Lassie Come Home,Leonard Smith,True
CINEMATOGRAPHY (Color),Phantom of the Opera,"Hal Mohr, W. Howard Greene",True
CINEMATOGRAPHY (Color),Thousands Cheer,George Folsey,True
DIRECTING,Casablanca,Michael Curtiz,True
DIRECTING,Heaven Can Wait,Ernst Lubitsch,True
DIRECTING,The Human Comedy,Clarence Brown,True
DIRECTING,The More the Merrier,George Stevens,True
DIRECTING,The Song of Bernadette,Henry King,True
DOCUMENTARY (Feature),Baptism of Fire,United States Army,True
DOCUMENTARY (Feature),The Battle of Russia,United States Department of War Special Service Division,True
DOCUMENTARY (Feature),Desert Victory,British Ministry of Information,True
DOCUMENTARY (Feature),For God and Country,United States Army Pictorial Service,True
DOCUMENTARY (Feature),Report from the Aleutians,United States Army Pictorial Service,True
DOCUMENTARY (Feature),Silent Village,British Ministry of Information,True
DOCUMENTARY (Feature),War Department Report,United States Office of Strategic Services Field Photographic Bureau,True
DOCUMENTARY (Feature),"We've Come a Long, Long Way","Negro Marches On, Inc.",True
DOCUMENTARY (Short Subject),Bismarck Convoy Smashed,Australian Department of Information Film Unit,True
DOCUMENTARY (Short Subject),Children of Mars,RKO Radio,True
DOCUMENTARY (Short Subject),Day of Battle,United States Office of War Information Domestic Motion Picture Bureau,True
DOCUMENTARY (Short Subject),December 7th,United States Navy,True
DOCUMENTARY (Short Subject),The Dutch Tradition,National Film Board of Canada,True
DOCUMENTARY (Short Subject),Kill or Be Killed,British Ministry of Information,True
DOCUMENTARY (Short Subject),The Labor Front,National Film Board of Canada,True
DOCUMENTARY (Short Subject),Land of My Mother,Polish Information Centre,True
DOCUMENTARY (Short Subject),Letter from Livingston,United States Army 4th Signal Photographic Unit,True
DOCUMENTARY (Short Subject),Life Line,United States Army Pictorial Service,True
DOCUMENTARY (Short Subject),Plan for Destruction,Metro-Goldwyn-Mayer,True
DOCUMENTARY (Short Subject),The Rear Gunner,United States Department of War,True
DOCUMENTARY (Short Subject),Servant of a Nation,Union of South Africa,True
DOCUMENTARY (Short Subject),Swedes in America,United States Office of War Information Overseas Motion Picture Bureau,True
DOCUMENTARY (Short Subject),Task Force,United States Coast Guard,True
DOCUMENTARY (Short Subject),To the People of the United States,"Walter Wanger, Producer",True
DOCUMENTARY (Short Subject),Tomorrow We Fly,United States Navy Bureau of Aeronautics,True
DOCUMENTARY (Short Subject),The Voice That Thrilled the World,Warner Bros.,True
DOCUMENTARY (Short Subject),Water--Friend or Enemy,"Walt Disney, Producer",True
DOCUMENTARY (Short Subject),Wings Up,United States Army Air Force 1st Motion Picture Unit,True
DOCUMENTARY (Short Subject),Youth in Crisis,The March of Time,True
FILM EDITING,Air Force,George Amy,True
FILM EDITING,Casablanca,Owen Marks,True
FILM EDITING,Five Graves to Cairo,Doane Harrison,True
FILM EDITING,For Whom the Bell Tolls,"Sherman Todd, John Link",True
FILM EDITING,The Song of Bernadette,Barbara McLean,True
MUSIC (Original Score),The Amazing Mrs. Holliday,"Frank Skinner, Hans J. Salter",True
MUSIC (Original Score),Casablanca,Max Steiner,True
MUSIC (Original Score),Commandos Strike at Dawn,"Morris Stoloff, Louis Gruenberg",True
MUSIC (Original Score),The Fallen Sparrow,"Roy Webb, C. Bakaleinikoff",True
MUSIC (Original Score),For Whom the Bell Tolls,Victor Young,True
MUSIC (Original Score),Hangmen Also Die,Hanns Eisler,True
MUSIC (Original Score),Hi Diddle Diddle,Phil Boutelje,True
MUSIC (Original Score),In Old Oklahoma,Walter Scharf,True
MUSIC (Original Score),Johnny Come Lately,Leigh Harline,True
MUSIC (Original Score),The Kansan,Gerard Carbonara,True
MUSIC (Original Score),Lady of Burlesque,Arthur Lange,True
MUSIC (Original Score),Madame Curie,Herbert Stothart,True
MUSIC (Original Score),The Moon and Sixpence,Dimitri Tiomkin,True
MUSIC (Original Score),The North Star,Aaron Copland,True
MUSIC (Original Score),The Song of Bernadette,Alfred Newman,True
MUSIC (Original Score),Victory through Air Power,"Edward H. Plumb, Paul J. Smith, Oliver G. Wallace",True
MUSIC (Original Song Score or Adaptation Score),Coney Island,Alfred Newman,True
MUSIC (Original Song Score or Adaptation Score),Hit Parade of 1943,Walter Scharf,True
MUSIC (Original Song Score or Adaptation Score),Phantom of the Opera,Edward Ward,True
MUSIC (Original Song Score or Adaptation Score),Saludos Amigos,"Charles Wolcott, Edward H. Plumb, Paul J. Smith",True
MUSIC (Original Song Score or Adaptation Score),The Sky's the Limit,Leigh Harline,True
MUSIC (Original Song Score or Adaptation Score),Something to Shout About,Morris Stoloff,True
MUSIC (Original Song Score or Adaptation Score),Stage Door Canteen,Frederic E. Rich,True
MUSIC (Original Song Score or Adaptation Score),Star Spangled Rhythm,Robert Emmett Dolan,True
MUSIC (Original Song Score or Adaptation Score),This Is the Army,Ray Heindorf,True
MUSIC (Original Song Score or Adaptation Score),Thousands Cheer,Herbert Stothart,True
MUSIC (Original Song),Hit Parade of 1943,Music by Jule Styne; Lyrics by Harold Adamson,True
MUSIC (Original Song),Cabin in the Sky,Music by Harold Arlen; Lyrics by E. Y. Harburg,True
MUSIC (Original Song),The Sky's the Limit,Music by Harold Arlen; Lyrics by Johnny Mercer,True
MUSIC (Original Song),Saludos Amigos,Music by Charles Wolcott; Lyrics by Ned Washington,True
MUSIC (Original Song),Hers to Hold,Music by Jimmy McHugh; Lyrics by Herb Magidson,True
MUSIC (Original Song),Star Spangled Rhythm,Music by Harold Arlen; Lyrics by Johnny Mercer,True
MUSIC (Original Song),Thank Your Lucky Stars,Music by Arthur Schwartz; Lyrics by Frank Loesser,True
MUSIC (Original Song),Stage Door Canteen,Music by James Monaco; Lyrics by Al Dubin,True
MUSIC (Original Song),Something to Shout About,Music and Lyrics by Cole Porter,True
MUSIC (Original Song),"Hello, Frisco, Hello",Music by Harry Warren; Lyrics by Mack Gordon,True
BEST PICTURE,Casablanca,Warner Bros.,True
BEST PICTURE,For Whom the Bell Tolls,Paramount,True
BEST PICTURE,Heaven Can Wait,20th Century-Fox,True
BEST PICTURE,The Human Comedy,Metro-Goldwyn-Mayer,True
BEST PICTURE,In Which We Serve,Two Cities,True
BEST PICTURE,Madame Curie,Metro-Goldwyn-Mayer,True
BEST PICTURE,The More the Merrier,Columbia,True
BEST PICTURE,The Ox-Bow Incident,20th Century-Fox,True
BEST PICTURE,The Song of Bernadette,20th Century-Fox,True
BEST PICTURE,Watch on the Rhine,Warner Bros.,True
SHORT FILM (Animated),The Dizzy Acrobat,"Walter Lantz, Producer",True
SHORT FILM (Animated),The 500 Hats of Bartholomew Cubbins,"George Pal, Producer",True
SHORT FILM (Animated),Greetings Bait!,"Leon Schlesinger, Producer",True
SHORT FILM (Animated),Imagination,"Dave Fleischer, Producer",True
SHORT FILM (Animated),Reason and Emotion,"Walt Disney, Producer",True
SHORT FILM (Animated),Yankee Doodle Mouse,"Frederick Quimby, Producer",True
SHORT SUBJECT (One-reel),Amphibious Fighters,"Grantland Rice, Producer",True
SHORT SUBJECT (One-reel),Cavalcade of Dance with Veloz and Yolanda,"Gordon Hollingshead, Producer",True
SHORT SUBJECT (One-reel),Champions Carry On,"Edmund Reek, Producer",True
SHORT SUBJECT (One-reel),Hollywood in Uniform,"Ralph Staub, Producer",True
SHORT SUBJECT (One-reel),Seeing Hands,"Pete Smith, Producer",True
SHORT SUBJECT (Two-reel),Heavenly Music,"Jerry Bresler and Sam Coslow, Producers",True
SHORT SUBJECT (Two-reel),Letter to a Hero,"Frederic Ullman, Jr., Producer",True
SHORT SUBJECT (Two-reel),Mardi Gras,"Walter MacEwen, Producer",True
SHORT SUBJECT (Two-reel),Women at War,"Gordon Hollingshead, Producer",True
SOUND RECORDING,Hangmen Also Die,"Sound Service, Inc., Jack Whitney, Sound Director",True
SOUND RECORDING,In Old Oklahoma,"Republic Studio Sound Department, Daniel J. Bloomberg, Sound Director",True
SOUND RECORDING,Madame Curie,"Metro-Goldwyn-Mayer Studio Sound Department, Douglas Shearer, Sound Director",True
SOUND RECORDING,The North Star,"Samuel Goldwyn Studio Sound Department, Thomas T. Moulton, Sound Director",True
SOUND RECORDING,Phantom of the Opera,"Universal Studio Sound Department, Bernard B. Brown, Sound Director",True
SOUND RECORDING,Riding High,"Paramount Studio Sound Department, Loren L. Ryder, Sound Director",True
SOUND RECORDING,Sahara,"Columbia Studio Sound Department, John Livadary, Sound Director",True
SOUND RECORDING,Saludos Amigos,"Walt Disney Studio Sound Department, C. O. Slyfield, Sound Director",True
SOUND RECORDING,So This Is Washington,"RCA Sound, J. L. Fields, Sound Director",True
SOUND RECORDING,The Song of Bernadette,"20th Century-Fox Studio Sound Department, E. H. Hansen, Sound Director",True
SOUND RECORDING,This Is the Army,"Warner Bros. Studio Sound Department, Nathan Levinson, Sound Director",True
SOUND RECORDING,This Land Is Mine,"RKO Radio Studio Sound Department, Stephen Dunn, Sound Director",True
VISUAL EFFECTS,Air Force,"Photographic Effects by Hans Koenekamp, Rex Wimpy; Sound Effects by Nathan Levinson",True
VISUAL EFFECTS,Bombardier,"Photographic Effects by Vernon L. Walker; Sound Effects by James G. Stewart, Roy Granville",True
VISUAL EFFECTS,Crash Dive,Photographic Effects by Fred Sersen; Sound Effects by Roger Heman,True
VISUAL EFFECTS,The North Star,"Photographic Effects by Clarence Slifer, R. O. Binger; Sound Effects by Thomas T. Moulton",True
VISUAL EFFECTS,So Proudly We Hail!,"Photographic Effects by Gordon Jennings, Farciot Edouart; Sound Effects by George Dutton",True
VISUAL EFFECTS,Stand By for Action,"Photographic Effects by A. Arnold Gillespie, Donald Jahraus; Sound Effects by Michael Steinore",True
WRITING (Original Story),Action in the North Atlantic,Guy Gilpatric,True
WRITING (Original Story),Destination Tokyo,Steve Fisher,True
WRITING (Original Story),The Human Comedy,William Saroyan,True
WRITING (Original Story),The More the Merrier,"Robert Russell, Frank Ross",True
WRITING (Original Story),Shadow of a Doubt,Gordon McDonell,True
WRITING (Original Screenplay),Air Force,Dudley Nichols,True
WRITING (Original Screenplay),In Which We Serve,Noel Coward,True
WRITING (Original Screenplay),The North Star,Lillian Hellman,True
WRITING (Original Screenplay),Princess O'Rourke,Norman Krasna,True
WRITING (Original Screenplay),So Proudly We Hail!,Allan Scott,True
WRITING (Adapted Screenplay),Casablanca,"Julius J. Epstein, Philip G. Epstein, Howard Koch",True
WRITING (Adapted Screenplay),Holy Matrimony,Nunnally Johnson,True
WRITING (Adapted Screenplay),The More the Merrier,"Robert Russell, Frank Ross, Richard Flournoy, Lewis R. Foster",True
WRITING (Adapted Screenplay),The Song of Bernadette,George Seaton,True
WRITING (Adapted Screenplay),Watch on the Rhine,Dashiell Hammett,True
ACTOR IN A LEADING ROLE,Gaslight,Charles Boyer,True
ACTOR IN A LEADING ROLE,Going My Way,Bing Crosby,True
ACTOR IN A LEADING ROLE,Going My Way,Barry Fitzgerald,True
ACTOR IN A LEADING ROLE,None but the Lonely Heart,Cary Grant,True
ACTOR IN A LEADING ROLE,Wilson,Alexander Knox,True
ACTOR IN A SUPPORTING ROLE,The Seventh Cross,Hume Cronyn,True
ACTOR IN A SUPPORTING ROLE,Going My Way,Barry Fitzgerald,True
ACTOR IN A SUPPORTING ROLE,Mr. Skeffington,Claude Rains,True
ACTOR IN A SUPPORTING ROLE,Laura,Clifton Webb,True
ACTOR IN A SUPPORTING ROLE,Since You Went Away,Monty Woolley,True
ACTRESS IN A LEADING ROLE,Gaslight,Ingrid Bergman,True
ACTRESS IN A LEADING ROLE,Since You Went Away,Claudette Colbert,True
ACTRESS IN A LEADING ROLE,Mr. Skeffington,Bette Davis,True
ACTRESS IN A LEADING ROLE,Mrs. Parkington,Greer Garson,True
ACTRESS IN A LEADING ROLE,Double Indemnity,Barbara Stanwyck,True
ACTRESS IN A SUPPORTING ROLE,None but the Lonely Heart,Ethel Barrymore,True
ACTRESS IN A SUPPORTING ROLE,Since You Went Away,Jennifer Jones,True
ACTRESS IN A SUPPORTING ROLE,Gaslight,Angela Lansbury,True
ACTRESS IN A SUPPORTING ROLE,Dragon Seed,Aline MacMahon,True
ACTRESS IN A SUPPORTING ROLE,Mrs. Parkington,Agnes Moorehead,True
ART DIRECTION (Black-and-White),Address Unknown,"Art Direction: Lionel Banks, Walter Holscher; Interior Decoration: Joseph Kish",True
ART DIRECTION (Black-and-White),The Adventures of Mark Twain,Art Direction: John J. Hughes; Interior Decoration: Fred MacLean,True
ART DIRECTION (Black-and-White),Casanova Brown,Art Direction: Perry Ferguson; Interior Decoration: Julia Heron,True
ART DIRECTION (Black-and-White),Gaslight,"Art Direction: Cedric Gibbons, William Ferrari; Interior Decoration: Edwin B. Willis, Paul Huldschinsky",True
ART DIRECTION (Black-and-White),Laura,"Art Direction: Lyle Wheeler, Leland Fuller; Interior Decoration: Thomas Little",True
ART DIRECTION (Black-and-White),No Time for Love,"Art Direction: Hans Dreier, Robert Usher; Interior Decoration: Sam Comer",True
ART DIRECTION (Black-and-White),Since You Went Away,Art Direction: Mark-Lee Kirk; Interior Decoration: Victor A. Gangelin,True
ART DIRECTION (Black-and-White),Song of the Open Road,nan,True
ART DIRECTION (Black-and-White),Step Lively,"Art Direction: Albert S. D'Agostino, Carroll Clark; Interior Decoration: Darrell Silvera, Claude Carpenter",True
ART DIRECTION (Color),The Climax,"Art Direction: John B. Goodman, Alexander Golitzen; Interior Decoration: Russell A. Gausman, Ira S. Webb",True
ART DIRECTION (Color),Cover Girl,"Art Direction: Lionel Banks, Cary Odell; Interior Decoration: Fay Babcock",True
ART DIRECTION (Color),The Desert Song,Art Direction: Charles Novi; Interior Decoration: Jack McConaghy,True
ART DIRECTION (Color),Kismet,"Art Direction: Cedric Gibbons, Daniel B. Cathcart; Interior Decoration: Edwin B. Willis, Richard Pefferle",True
ART DIRECTION (Color),Lady in the Dark,"Art Direction: Hans Dreier, Raoul Pene du Bois; Interior Decoration: Ray Moyer",True
ART DIRECTION (Color),The Princess and the Pirate,Art Direction: Ernst Fegte; Interior Decoration: Howard Bristol,True
ART DIRECTION (Color),Wilson,Art Direction: Wiard Ihnen; Interior Decoration: Thomas Little,True
CINEMATOGRAPHY (Black-and-White),Double Indemnity,John Seitz,True
CINEMATOGRAPHY (Black-and-White),Dragon Seed,Sidney Wagner,True
CINEMATOGRAPHY (Black-and-White),Gaslight,Joseph Ruttenberg,True
CINEMATOGRAPHY (Black-and-White),Going My Way,Lionel Lindon,True
CINEMATOGRAPHY (Black-and-White),Laura,Joseph LaShelle,True
CINEMATOGRAPHY (Black-and-White),Lifeboat,Glen MacWilliams,True
CINEMATOGRAPHY (Black-and-White),Since You Went Away,"Stanley Cortez, Lee Garmes",True
CINEMATOGRAPHY (Black-and-White),Thirty Seconds over Tokyo,"Robert Surtees, Harold Rosson",True
CINEMATOGRAPHY (Black-and-White),The Uninvited,Charles Lang,True
CINEMATOGRAPHY (Black-and-White),The White Cliffs of Dover,George Folsey,True
CINEMATOGRAPHY (Color),Cover Girl,"Rudolph Maté, Allen M. Davey",True
CINEMATOGRAPHY (Color),Home in Indiana,Edward Cronjager,True
CINEMATOGRAPHY (Color),Kismet,Charles Rosher,True
CINEMATOGRAPHY (Color),Lady in the Dark,Ray Rennahan,True
CINEMATOGRAPHY (Color),Meet Me in St. Louis,George Folsey,True
CINEMATOGRAPHY (Color),Wilson,Leon Shamroy,True
DIRECTING,Double Indemnity,Billy Wilder,True
DIRECTING,Going My Way,Leo McCarey,True
DIRECTING,Laura,Otto Preminger,True
DIRECTING,Lifeboat,Alfred Hitchcock,True
DIRECTING,Wilson,Henry King,True
DOCUMENTARY (Feature),The Fighting Lady,United States Navy,True
DOCUMENTARY (Feature),Resisting Enemy Interrogation,United States Army Air Force,True
DOCUMENTARY (Short Subject),Arturo Toscanini,United States Office of War Information Overseas Motion Picture Bureau,True
DOCUMENTARY (Short Subject),New Americans,RKO Radio,True
DOCUMENTARY (Short Subject),With the Marines at Tarawa,United States Marine Corps,True
FILM EDITING,Going My Way,Leroy Stone,True
FILM EDITING,Janie,Owen Marks,True
FILM EDITING,None but the Lonely Heart,Roland Gross,True
FILM EDITING,Since You Went Away,"Hal C. Kern, James E. Newcom",True
FILM EDITING,Wilson,Barbara McLean,True
MUSIC (Original Score),Address Unknown,"Morris Stoloff, Ernst Toch",True
MUSIC (Original Score),The Adventures of Mark Twain,Max Steiner,True
MUSIC (Original Score),The Bridge of San Luis Rey,Dimitri Tiomkin,True
MUSIC (Original Score),Casanova Brown,Arthur Lange,True
MUSIC (Original Score),Christmas Holiday,H. J. Salter,True
MUSIC (Original Score),Double Indemnity,Miklos Rozsa,True
MUSIC (Original Score),The Fighting Seabees,"Walter Scharf, Roy Webb",True
MUSIC (Original Score),The Hairy Ape,"Edward Paul, Michel Michelet",True
MUSIC (Original Score),It Happened Tomorrow,Robert Stolz,True
MUSIC (Original Score),Jack London,Frederic Efrem Rich,True
MUSIC (Original Score),Kismet,Herbert Stothart,True
MUSIC (Original Score),None but the Lonely Heart,"Hanns Eisler, C. Bakaleinikoff",True
MUSIC (Original Score),The Princess and the Pirate,David Rose,True
MUSIC (Original Score),Since You Went Away,Max Steiner,True
MUSIC (Original Score),Summer Storm,Karl Hajos,True
MUSIC (Original Score),Three Russian Girls,Franke Harling,True
MUSIC (Original Score),Up in Mabel's Room,Edward Paul,True
MUSIC (Original Score),Voice in the Wind,Michel Michelet,True
MUSIC (Original Score),Wilson,Alfred Newman,True
MUSIC (Original Score),Woman of the Town,Miklos Rozsa,True
MUSIC (Original Song Score or Adaptation Score),Brazil,Walter Scharf,True
MUSIC (Original Song Score or Adaptation Score),Cover Girl,"Morris Stoloff, Carmen Dragon",True
MUSIC (Original Song Score or Adaptation Score),Higher and Higher,C. Bakaleinikoff,True
MUSIC (Original Song Score or Adaptation Score),Hollywood Canteen,Ray Heindorf,True
MUSIC (Original Song Score or Adaptation Score),Irish Eyes Are Smiling,Alfred Newman,True
MUSIC (Original Song Score or Adaptation Score),Knickerbocker Holiday,"Werner R. Heymann, Kurt Weill",True
MUSIC (Original Song Score or Adaptation Score),Lady in the Dark,Robert Emmett Dolan,True
MUSIC (Original Song Score or Adaptation Score),"Lady, Let's Dance",Edward Kay,True
MUSIC (Original Song Score or Adaptation Score),Meet Me in St. Louis,Georgie Stoll,True
MUSIC (Original Song Score or Adaptation Score),The Merry Monahans,H. J. Salter,True
MUSIC (Original Song Score or Adaptation Score),Minstrel Man,"Ferde Grofe, Leo Erdody",True
MUSIC (Original Song Score or Adaptation Score),Sensations of 1945,Mahlon Merrick,True
MUSIC (Original Song Score or Adaptation Score),Song of the Open Road,Charles Previn,True
MUSIC (Original Song Score or Adaptation Score),Up in Arms,"Ray Heindorf, Louis Forbes",True
MUSIC (Original Song),Higher and Higher,Music by Jimmy McHugh; Lyrics by Harold Adamson,True
MUSIC (Original Song),Follow the Boys,Music by Jule Styne; Lyrics by Sammy Cahn,True
MUSIC (Original Song),Sweet and Low-Down,Music by James V. Monaco; Lyrics by Mack Gordon,True
MUSIC (Original Song),Cover Girl,Music by Jerome Kern; Lyrics by Ira Gershwin,True
MUSIC (Original Song),Up in Arms,Music by Harold Arlen; Lyrics by Ted Koehler,True
MUSIC (Original Song),Minstrel Man,Music by Harry Revel; Lyrics by Paul Webster,True
MUSIC (Original Song),Brazil,Music by Ary Barroso; Lyrics by Ned Washington,True
MUSIC (Original Song),"Lady, Let's Dance",Music by Lew Pollack; Lyrics by Charles Newman,True
MUSIC (Original Song),Hollywood Canteen,Music by M. K. Jerome; Lyrics by Ted Koehler,True
MUSIC (Original Song),Going My Way,Music by James Van Heusen; Lyrics by Johnny Burke,True
MUSIC (Original Song),Song of the Open Road,Music by Walter Kent; Lyrics by Kim Gannon,True
MUSIC (Original Song),Meet Me in St. Louis,Music and Lyrics by Ralph Blane and Hugh Martin,True
BEST PICTURE,Double Indemnity,Paramount,True
BEST PICTURE,Gaslight,Metro-Goldwyn-Mayer,True
BEST PICTURE,Going My Way,Paramount,True
BEST PICTURE,Since You Went Away,Selznick International Pictures,True
BEST PICTURE,Wilson,20th Century-Fox,True
SHORT FILM (Animated),And to Think I Saw It on Mulberry Street,"George Pal, Producer",True
SHORT FILM (Animated),"Dog, Cat and Canary",Screen Gems,True
SHORT FILM (Animated),Fish Fry,"Walter Lantz, Producer",True
SHORT FILM (Animated),How to Play Football,"Walt Disney, Producer",True
SHORT FILM (Animated),Mouse Trouble,"Frederick C. Quimby, Producer",True
SHORT FILM (Animated),My Boy Johnny,"Paul Terry, Producer",True
SHORT FILM (Animated),Swooner Crooner,Warner Bros.,True
SHORT SUBJECT (One-reel),Blue Grass Gentlemen,"Edmund Reek, Producer",True
SHORT SUBJECT (One-reel),Jammin' the Blues,"Gordon Hollingshead, Producer",True
SHORT SUBJECT (One-reel),Movie Pests,"Pete Smith, Producer",True
SHORT SUBJECT (One-reel),Screen Snapshots' 50th Anniversary of Motion Pictures,"Ralph Staub, Producer",True
SHORT SUBJECT (One-reel),Who's Who in Animal Land,"Jerry Fairbanks, Producer",True
SHORT SUBJECT (Two-reel),Bombalera,"Louis Harris, Producer",True
SHORT SUBJECT (Two-reel),I Won't Play,"Gordon Hollingshead, Producer",True
SHORT SUBJECT (Two-reel),Main Street Today,"Jerry Bresler, Producer; Herbert Moulton, Associate Producer",True
SOUND RECORDING,Brazil,"Republic Studio Sound Department, Daniel J. Bloomberg, Sound Director",True
SOUND RECORDING,Casanova Brown,"Samuel Goldwyn Studio Sound Department, Thomas T. Moulton, Sound Director",True
SOUND RECORDING,Cover Girl,"Columbia Studio Sound Department, John Livadary, Sound Director",True
SOUND RECORDING,Double Indemnity,"Paramount Studio Sound Department, Loren L. Ryder, Sound Director",True
SOUND RECORDING,His Butler's Sister,"Universal Studio Sound Department, Bernard B. Brown, Sound Director",True
SOUND RECORDING,Hollywood Canteen,"Warner Bros. Studio Sound Department, Nathan Levinson, Sound Director",True
SOUND RECORDING,It Happened Tomorrow,"Sound Service, Inc., Jack Whitney, Sound Director",True
SOUND RECORDING,Kismet,"Metro-Goldwyn-Mayer Studio Sound Department, Douglas Shearer, Sound Director",True
SOUND RECORDING,Music in Manhattan,"RKO Radio Studio Sound Department, Stephen Dunn, Sound Director",True
SOUND RECORDING,Voice in the Wind,"RCA Sound, W. M. Dalgleish, Sound Director",True
SOUND RECORDING,Wilson,"20th Century-Fox Studio Sound Department, E. H. Hansen, Sound Director",True
VISUAL EFFECTS,The Adventures of Mark Twain,"Photographic Effects by Paul Detlefsen, John Crouse; Sound Effects by Nathan Levinson",True
VISUAL EFFECTS,Days of Glory,"Photographic Effects by Vernon L. Walker; Sound Effects by James G. Stewart, Roy Granville",True
VISUAL EFFECTS,Secret Command,"Photographic Effects by David Allen, Ray Cory, Robert Wright; Sound Effects by Russell Malmgren, Harry Kusnick",True
VISUAL EFFECTS,Since You Went Away,Photographic Effects by John R. Cosgrove; Sound Effects by Arthur Johns,True
VISUAL EFFECTS,The Story of Dr. Wassell,"Photographic Effects by Gordon Jennings, Farciot Edouart; Sound Effects by George Dutton",True
VISUAL EFFECTS,Thirty Seconds over Tokyo,"Photographic Effects by A. Arnold Gillespie, Donald Jahraus, Warren Newcombe; Sound Effects by Douglas Shearer",True
VISUAL EFFECTS,Wilson,Photographic Effects by Fred Sersen; Sound Effects by Roger Heman,True
WRITING (Original Story),Going My Way,Leo McCarey,True
WRITING (Original Story),A Guy Named Joe,"Chandler Sprague, David Boehm",True
WRITING (Original Story),Lifeboat,John Steinbeck,True
WRITING (Original Story),None Shall Escape,"Alfred Neumann, Joseph Than",True
WRITING (Original Story),The Sullivans,"Edward Doherty, Jules Schermer",True
WRITING (Original Screenplay),Hail the Conquering Hero,Preston Sturges,True
WRITING (Original Screenplay),The Miracle of Morgan's Creek,Preston Sturges,True
WRITING (Original Screenplay),Two Girls and a Sailor,"Richard Connell, Gladys Lehman",True
WRITING (Original Screenplay),Wilson,Lamar Trotti,True
WRITING (Original Screenplay),Wing and a Prayer,Jerome Cady,True
WRITING (Adapted Screenplay),Double Indemnity,"Billy Wilder, Raymond Chandler",True
WRITING (Adapted Screenplay),Gaslight,"John Van Druten, Walter Reisch, John L. Balderston",True
WRITING (Adapted Screenplay),Going My Way,"Frank Butler, Frank Cavett",True
WRITING (Adapted Screenplay),Laura,"Jay Dratler, Samuel Hoffenstein, Betty Reinhardt",True
WRITING (Adapted Screenplay),Meet Me in St. Louis,"Irving Brecher, Fred F. Finklehoffe",True
ACTOR IN A LEADING ROLE,The Bells of St. Mary's,Bing Crosby,True
ACTOR IN A LEADING ROLE,Anchors Aweigh,Gene Kelly,True
ACTOR IN A LEADING ROLE,The Lost Weekend,Ray Milland,True
ACTOR IN A LEADING ROLE,The Keys of the Kingdom,Gregory Peck,True
ACTOR IN A LEADING ROLE,A Song to Remember,Cornel Wilde,True
ACTOR IN A SUPPORTING ROLE,Spellbound,Michael Chekhov,True
ACTOR IN A SUPPORTING ROLE,The Corn Is Green,John Dall,True
ACTOR IN A SUPPORTING ROLE,A Tree Grows in Brooklyn,James Dunn,True
ACTOR IN A SUPPORTING ROLE,G. I. Joe,Robert Mitchum,True
ACTOR IN A SUPPORTING ROLE,A Medal for Benny,J. Carrol Naish,True
ACTRESS IN A LEADING ROLE,The Bells of St. Mary's,Ingrid Bergman,True
ACTRESS IN A LEADING ROLE,Mildred Pierce,Joan Crawford,True
ACTRESS IN A LEADING ROLE,The Valley of Decision,Greer Garson,True
ACTRESS IN A LEADING ROLE,Love Letters,Jennifer Jones,True
ACTRESS IN A LEADING ROLE,Leave Her to Heaven,Gene Tierney,True
ACTRESS IN A SUPPORTING ROLE,Mildred Pierce,Eve Arden,True
ACTRESS IN A SUPPORTING ROLE,Mildred Pierce,Ann Blyth,True
ACTRESS IN A SUPPORTING ROLE,The Picture of Dorian Gray,Angela Lansbury,True
ACTRESS IN A SUPPORTING ROLE,The Corn Is Green,Joan Lorring,True
ACTRESS IN A SUPPORTING ROLE,National Velvet,Anne Revere,True
ART DIRECTION (Black-and-White),Blood on the Sun,Art Direction: Wiard Ihnen; Interior Decoration: A. Roland Fields,True
ART DIRECTION (Black-and-White),Experiment Perilous,"Art Direction: Albert S. D'Agostino, Jack Okey; Interior Decoration: Darrell Silvera, Claude Carpenter",True
ART DIRECTION (Black-and-White),The Keys of the Kingdom,"Art Direction: James Basevi, William Darling; Interior Decoration: Thomas Little, Frank E. Hughes",True
ART DIRECTION (Black-and-White),Love Letters,"Art Direction: Hans Dreier, Roland Anderson; Interior Decoration: Sam Comer, Ray Moyer",True
ART DIRECTION (Black-and-White),The Picture of Dorian Gray,"Art Direction: Cedric Gibbons, Hans Peters; Interior Decoration: Edwin B. Willis, Hugh Hunt, John Bonar",True
ART DIRECTION (Color),Frenchman's Creek,"Art Direction: Hans Dreier, Ernst Fegte; Interior Decoration: Sam Comer",True
ART DIRECTION (Color),Leave Her to Heaven,"Art Direction: Lyle Wheeler, Maurice Ransford; Interior Decoration: Thomas Little",True
ART DIRECTION (Color),National Velvet,"Art Direction: Cedric Gibbons, Urie McCleary; Interior Decoration: Edwin B. Willis, Mildred Griffiths",True
ART DIRECTION (Color),San Antonio,Art Direction: Ted Smith; Interior Decoration: Jack McConaghy,True
ART DIRECTION (Color),A Thousand and One Nights,"Art Direction: Stephen Goosson, Rudolph Sternad; Interior Decoration: Frank Tuttle",True
CINEMATOGRAPHY (Black-and-White),The Keys of the Kingdom,Arthur Miller,True
CINEMATOGRAPHY (Black-and-White),The Lost Weekend,John F. Seitz,True
CINEMATOGRAPHY (Black-and-White),Mildred Pierce,Ernest Haller,True
CINEMATOGRAPHY (Black-and-White),The Picture of Dorian Gray,Harry Stradling,True
CINEMATOGRAPHY (Black-and-White),Spellbound,George Barnes,True
CINEMATOGRAPHY (Color),Anchors Aweigh,"Robert Planck, Charles Boyle",True
CINEMATOGRAPHY (Color),Leave Her to Heaven,Leon Shamroy,True
CINEMATOGRAPHY (Color),National Velvet,Leonard Smith,True
CINEMATOGRAPHY (Color),A Song to Remember,"Tony Gaudio, Allen M. Davey",True
CINEMATOGRAPHY (Color),The Spanish Main,George Barnes,True
DIRECTING,The Bells of St. Mary's,Leo McCarey,True
DIRECTING,The Lost Weekend,Billy Wilder,True
DIRECTING,National Velvet,Clarence Brown,True
DIRECTING,The Southerner,Jean Renoir,True
DIRECTING,Spellbound,Alfred Hitchcock,True
DOCUMENTARY (Feature),The Last Bomb,United States Army Air Force,True
DOCUMENTARY (Feature),The True Glory,The Governments of Great Britain and the United States of America,True
DOCUMENTARY (Short Subject),Hitler Lives?,"Gordon Hollingshead, Producer",True
DOCUMENTARY (Short Subject),Library of Congress,United States Office of War Information Overseas Motion Picture Bureau,True
DOCUMENTARY (Short Subject),To the Shores of Iwo Jima,United States Marine Corps,True
FILM EDITING,The Bells of St. Mary's,Harry Marker,True
FILM EDITING,The Lost Weekend,Doane Harrison,True
FILM EDITING,National Velvet,Robert J. Kern,True
FILM EDITING,"Objective, Burma!",George Amy,True
FILM EDITING,A Song to Remember,Charles Nelson,True
MUSIC (Original Score),The Bells of St. Mary's,Robert Emmett Dolan,True
MUSIC (Original Score),Brewster's Millions,Lou Forbes,True
MUSIC (Original Score),Captain Kidd,Werner Janssen,True
MUSIC (Original Score),The Enchanted Cottage,Roy Webb,True
MUSIC (Original Score),Flame of Barbary Coast,"Morton Scott, Dale Butts",True
MUSIC (Original Score),G. I. Honeymoon,Edward J. Kay,True
MUSIC (Original Score),G. I. Joe,"Louis Applebaum, Ann Ronell",True
MUSIC (Original Score),Guest in the House,Werner Janssen,True
MUSIC (Original Score),Guest Wife,Daniele Amfitheatrof,True
MUSIC (Original Score),The Keys of the Kingdom,Alfred Newman,True
MUSIC (Original Score),The Lost Weekend,Miklos Rozsa,True
MUSIC (Original Score),Love Letters,Victor Young,True
MUSIC (Original Score),The Man Who Walked Alone,Karl Hajos,True
MUSIC (Original Score),"Objective, Burma!",Franz Waxman,True
MUSIC (Original Score),Paris--Underground,Alexander Tansman,True
MUSIC (Original Score),A Song to Remember,"Miklos Rozsa, Morris Stoloff",True
MUSIC (Original Score),The Southerner,Werner Janssen,True
MUSIC (Original Score),Spellbound,Miklos Rozsa,True
MUSIC (Original Score),This Love of Ours,H. J. Salter,True
MUSIC (Original Score),The Valley of Decision,Herbert Stothart,True
MUSIC (Original Score),The Woman in the Window,"Arthur Lange, Hugo Friedhofer",True
MUSIC (Original Song Score or Adaptation Score),Anchors Aweigh,Georgie Stoll,True
MUSIC (Original Song Score or Adaptation Score),Belle of the Yukon,Arthur Lange,True
MUSIC (Original Song Score or Adaptation Score),Can't Help Singing,"Jerome Kern, H. J. Salter",True
MUSIC (Original Song Score or Adaptation Score),Hitchhike to Happiness,Morton Scott,True
MUSIC (Original Song Score or Adaptation Score),Incendiary Blonde,Robert Emmett Dolan,True
MUSIC (Original Song Score or Adaptation Score),Rhapsody in Blue,"Ray Heindorf, Max Steiner",True
MUSIC (Original Song Score or Adaptation Score),State Fair,"Alfred Newman, Charles Henderson",True
MUSIC (Original Song Score or Adaptation Score),Sunbonnet Sue,Edward J. Kay,True
MUSIC (Original Song Score or Adaptation Score),The Three Caballeros,"Charles Wolcott, Edward Plumb, Paul J. Smith",True
MUSIC (Original Song Score or Adaptation Score),Tonight and Every Night,"Marlin Skiles, Morris Stoloff",True
MUSIC (Original Song Score or Adaptation Score),Why Girls Leave Home,Walter Greene,True
MUSIC (Original Song Score or Adaptation Score),Wonder Man,"Ray Heindorf, Lou Forbes",True
MUSIC (Original Song),Here Come the Waves,Music by Harold Arlen; Lyrics by Johnny Mercer,True
MUSIC (Original Song),Tonight and Every Night,Music by Jule Styne; Lyrics by Sammy Cahn,True
MUSIC (Original Song),The Bells of St. Mary's,Music by James Van Heusen; Lyrics by Johnny Burke,True
MUSIC (Original Song),Why Girls Leave Home,Music by Jay Livingston; Lyrics by Ray Evans,True
MUSIC (Original Song),Earl Carroll Vanities,Music by Walter Kent; Lyrics by Kim Gannon,True
MUSIC (Original Song),Anchors Aweigh,Music by Jule Styne; Lyrics by Sammy Cahn,True
MUSIC (Original Song),Sing Your Way Home,Music by Allie Wrubel; Lyrics by Herb Magidson,True
MUSIC (Original Song),State Fair,Music by Richard Rodgers; Lyrics by Oscar Hammerstein II,True
MUSIC (Original Song),G. I. Joe,Music and Lyrics by Ann Ronell,True
MUSIC (Original Song),Love Letters,Music by Victor Young; Lyrics by Eddie Heyman,True
MUSIC (Original Song),Can't Help Singing,Music by Jerome Kern; Lyrics by E. Y. Harburg,True
MUSIC (Original Song),Belle of the Yukon,Music by James Van Heusen; Lyrics by Johnny Burke,True
MUSIC (Original Song),Wonder Man,Music by David Rose; Lyrics by Leo Robin,True
MUSIC (Original Song),San Antonio,Music by Ray Heindorf and M. K. Jerome; Lyrics by Ted Koehler,True
BEST PICTURE,Anchors Aweigh,Metro-Goldwyn-Mayer,True
BEST PICTURE,The Bells of St. Mary's,Rainbow Productions,True
BEST PICTURE,The Lost Weekend,Paramount,True
BEST PICTURE,Mildred Pierce,Warner Bros.,True
BEST PICTURE,Spellbound,Selznick International Pictures,True
SHORT FILM (Animated),Donald's Crime,"Walt Disney, Producer",True
SHORT FILM (Animated),Jasper and the Beanstalk,"George Pal, Producer",True
SHORT FILM (Animated),Life with Feathers,"Eddie Selzer, Producer",True
SHORT FILM (Animated),Mighty Mouse in Gypsy Life,"Paul Terry, Producer",True
SHORT FILM (Animated),The Poet and Peasant,"Walter Lantz, Producer",True
SHORT FILM (Animated),Quiet Please!,"Frederick Quimby, Producer",True
SHORT FILM (Animated),Rippling Romance,Screen Gems,True
SHORT SUBJECT (One-reel),Along the Rainbow Trail,"Edmund Reek, Producer",True
SHORT SUBJECT (One-reel),Screen Snapshots' 25th Anniversary,"Ralph Staub, Producer",True
SHORT SUBJECT (One-reel),Stairway to Light,"Herbert Moulton, Producer; Jerry Bresler, Executive Producer",True
SHORT SUBJECT (One-reel),Story of a Dog,"Gordon Hollingshead, Producer",True
SHORT SUBJECT (One-reel),White Rhapsody,"Grantland Rice, Producer",True
SHORT SUBJECT (One-reel),Your National Gallery,"Joseph O'Brien and Thomas Mead, Producers",True
SHORT SUBJECT (Two-reel),A Gun in His Hand,"Chester Franklin, Producer; Jerry Bresler, Executive Producer",True
SHORT SUBJECT (Two-reel),The Jury Goes Round 'N' Round,"Jules White, Producer",True
SHORT SUBJECT (Two-reel),The Little Witch,"George Templeton, Producer",True
SHORT SUBJECT (Two-reel),Star in the Night,"Gordon Hollingshead, Producer",True
SOUND RECORDING,The Bells of St. Mary's,"RKO Radio Studio Sound Department, Stephen Dunn, Sound Director",True
SOUND RECORDING,Flame of Barbary Coast,"Republic Studio Sound Department, Daniel J. Bloomberg, Sound Director",True
SOUND RECORDING,Lady on a Train,"Universal Studio Sound Department, Bernard B. Brown, Sound Director",True
SOUND RECORDING,Leave Her to Heaven,"20th Century-Fox Studio Sound Department, Thomas T. Moulton, Sound Director",True
SOUND RECORDING,Rhapsody in Blue,"Warner Bros. Studio Sound Department, Nathan Levinson, Sound Director",True
SOUND RECORDING,A Song to Remember,"Columbia Studio Sound Department, John P. Livadary, Sound Director",True
SOUND RECORDING,The Southerner,"General Service, Jack Whitney, Sound Director",True
SOUND RECORDING,They Were Expendable,"Metro-Goldwyn-Mayer Studio Sound Department, Douglas Shearer, Sound Director",True
SOUND RECORDING,The Three Caballeros,"Walt Disney Studio Sound Department, C. O. Slyfield, Sound Director",True
SOUND RECORDING,Three Is a Family,"RCA Sound, W. V. Wolfe, Sound Director",True
SOUND RECORDING,The Unseen,"Paramount Studio Sound Department, Loren L. Ryder, Sound Director",True
SOUND RECORDING,Wonder Man,"Samuel Goldwyn Studio Sound Department, Gordon Sawyer, Sound Director",True
VISUAL EFFECTS,Captain Eddie,"Photographic Effects by Fred Sersen, Sol Halprin; Sound Effects by Roger Heman, Harry Leonard",True
VISUAL EFFECTS,Spellbound,Photographic Effects by Jack Cosgrove,True
VISUAL EFFECTS,They Were Expendable,"Photographic Effects by A. Arnold Gillespie, Donald Jahraus, Robert A. MacDonald; Sound Effects by Michael Steinore",True
VISUAL EFFECTS,A Thousand and One Nights,Photographic Effects by Lawrence W. Butler; Sound Effects by Ray Bomba,True
VISUAL EFFECTS,Wonder Man,Photographic Effects by John Fulton; Sound Effects by Arthur W. Johns,True
WRITING (Original Story),The Affairs of Susan,"Thomas Monroe, Laszlo Gorog",True
WRITING (Original Story),The House on 92nd Street,Charles G. Booth,True
WRITING (Original Story),A Medal for Benny,"John Steinbeck, Jack Wagner",True
WRITING (Original Story),"Objective, Burma!",Alvah Bessie,True
WRITING (Original Story),A Song to Remember,Ernst Marischka,True
WRITING (Original Screenplay),Dillinger,Philip Yordan,True
WRITING (Original Screenplay),Marie-Louise,Richard Schweizer,True
WRITING (Original Screenplay),Music for Millions,Myles Connolly,True
WRITING (Original Screenplay),Salty O'Rourke,Milton Holmes,True
WRITING (Original Screenplay),"What Next, Corporal Hargrove?",Harry Kurnitz,True
WRITING (Adapted Screenplay),G. I. Joe,"Leopold Atlas, Guy Endore, Philip Stevenson",True
WRITING (Adapted Screenplay),The Lost Weekend,"Charles Brackett, Billy Wilder",True
WRITING (Adapted Screenplay),Mildred Pierce,Ranald MacDougall,True
WRITING (Adapted Screenplay),Pride of the Marines,Albert Maltz,True
WRITING (Adapted Screenplay),A Tree Grows in Brooklyn,"Tess Slesinger, Frank Davis",True
SPECIAL AWARD,The House I Live In,nan,True
ACTOR IN A LEADING ROLE,The Best Years of Our Lives,Fredric March,True
ACTOR IN A LEADING ROLE,Henry V,Laurence Olivier,True
ACTOR IN A LEADING ROLE,The Jolson Story,Larry Parks,True
ACTOR IN A LEADING ROLE,The Yearling,Gregory Peck,True
ACTOR IN A LEADING ROLE,It's a Wonderful Life,James Stewart,True
ACTOR IN A SUPPORTING ROLE,The Green Years,Charles Coburn,True
ACTOR IN A SUPPORTING ROLE,The Jolson Story,William Demarest,True
ACTOR IN A SUPPORTING ROLE,Notorious,Claude Rains,True
ACTOR IN A SUPPORTING ROLE,The Best Years of Our Lives,Harold Russell,True
ACTOR IN A SUPPORTING ROLE,The Razor's Edge,Clifton Webb,True
ACTRESS IN A LEADING ROLE,To Each His Own,Olivia de Havilland,True
ACTRESS IN A LEADING ROLE,Brief Encounter,Celia Johnson,True
ACTRESS IN A LEADING ROLE,Duel in the Sun,Jennifer Jones,True
ACTRESS IN A LEADING ROLE,Sister Kenny,Rosalind Russell,True
ACTRESS IN A LEADING ROLE,The Yearling,Jane Wyman,True
ACTRESS IN A SUPPORTING ROLE,The Spiral Staircase,Ethel Barrymore,True
ACTRESS IN A SUPPORTING ROLE,The Razor's Edge,Anne Baxter,True
ACTRESS IN A SUPPORTING ROLE,Duel in the Sun,Lillian Gish,True
ACTRESS IN A SUPPORTING ROLE,Saratoga Trunk,Flora Robson,True
ACTRESS IN A SUPPORTING ROLE,Anna and the King of Siam,Gale Sondergaard,True
ART DIRECTION (Black-and-White),Anna and the King of Siam,"Art Direction: Lyle Wheeler, William Darling; Interior Decoration: Thomas Little, Frank E. Hughes",True
ART DIRECTION (Black-and-White),Kitty,"Art Direction: Hans Dreier, Walter Tyler; Interior Decoration: Sam Comer, Ray Moyer",True
ART DIRECTION (Black-and-White),The Razor's Edge,"Art Direction: Richard Day, Nathan Juran; Interior Decoration: Thomas Little, Paul S. Fox",True
ART DIRECTION (Color),Caesar and Cleopatra,John Bryan,True
ART DIRECTION (Color),Henry V,"Art Direction: Paul Sheriff, Carmen Dillon",True
ART DIRECTION (Color),The Yearling,"Art Direction: Cedric Gibbons, Paul Groesse; Interior Decoration: Edwin B. Willis",True
CINEMATOGRAPHY (Black-and-White),Anna and the King of Siam,Arthur Miller,True
CINEMATOGRAPHY (Black-and-White),The Green Years,George Folsey,True
CINEMATOGRAPHY (Color),The Jolson Story,Joseph Walker,True
CINEMATOGRAPHY (Color),The Yearling,"Charles Rosher, Leonard Smith, Arthur Arling",True
DIRECTING,The Best Years of Our Lives,William Wyler,True
DIRECTING,Brief Encounter,David Lean,True
DIRECTING,It's a Wonderful Life,Frank Capra,True
DIRECTING,The Killers,Robert Siodmak,True
DIRECTING,The Yearling,Clarence Brown,True
DOCUMENTARY (Short Subject),Atomic Power,The March of Time,True
DOCUMENTARY (Short Subject),Life at the Zoo,Artkino,True
DOCUMENTARY (Short Subject),Paramount News Issue #37 (Twentieth Anniversary Issue! 1927.....1947),Paramount,True
DOCUMENTARY (Short Subject),Seeds of Destiny,United States Department of War,True
DOCUMENTARY (Short Subject),Traffic with the Devil,"Herbert Morgan, Producer",True
FILM EDITING,The Best Years of Our Lives,Daniel Mandell,True
FILM EDITING,It's a Wonderful Life,William Hornbeck,True
FILM EDITING,The Jolson Story,William Lyon,True
FILM EDITING,The Killers,Arthur Hilton,True
FILM EDITING,The Yearling,Harold Kress,True
MUSIC (Original Score),Anna and the King of Siam,Bernard Herrmann,True
MUSIC (Original Score),The Best Years of Our Lives,Hugo Friedhofer,True
MUSIC (Original Score),Henry V,William Walton,True
MUSIC (Original Score),Humoresque,Franz Waxman,True
MUSIC (Original Score),The Killers,Miklos Rozsa,True
MUSIC (Original Song Score or Adaptation Score),Blue Skies,Robert Emmett Dolan,True
MUSIC (Original Song Score or Adaptation Score),Centennial Summer,Alfred Newman,True
MUSIC (Original Song Score or Adaptation Score),The Harvey Girls,Lennie Hayton,True
MUSIC (Original Song Score or Adaptation Score),The Jolson Story,Morris Stoloff,True
MUSIC (Original Song Score or Adaptation Score),Night and Day,"Ray Heindorf, Max Steiner",True
MUSIC (Original Song),Centennial Summer,Music by Jerome Kern; Lyrics by Oscar Hammerstein II,True
MUSIC (Original Song),The Dolly Sisters,Music by James Monaco; Lyrics by Mack Gordon,True
MUSIC (Original Song),Canyon Passage,Music by Hoagy Carmichael; Lyrics by Jack Brooks,True
MUSIC (Original Song),The Harvey Girls,Music by Harry Warren; Lyrics by Johnny Mercer,True
MUSIC (Original Song),Blue Skies,Music and Lyrics by Irving Berlin,True
BEST PICTURE,The Best Years of Our Lives,Samuel Goldwyn Productions,True
BEST PICTURE,Henry V,J. Arthur Rank-Two Cities Films,True
BEST PICTURE,It's a Wonderful Life,Liberty Films,True
BEST PICTURE,The Razor's Edge,20th Century-Fox,True
BEST PICTURE,The Yearling,Metro-Goldwyn-Mayer,True
SHORT FILM (Animated),The Cat Concerto,"Frederick Quimby, Producer",True
SHORT FILM (Animated),Chopin's Musical Moments,"Walter Lantz, Producer",True
SHORT FILM (Animated),John Henry and the Inky Poo,"George Pal, Producer",True
SHORT FILM (Animated),Squatter's Rights,"Walt Disney, Producer",True
SHORT FILM (Animated),Walky Talky Hawky,"Edward Selzer, Producer",True
SHORT SUBJECT (One-reel),Dive-Hi Champs,"Jack Eaton, Producer",True
SHORT SUBJECT (One-reel),Facing Your Danger,"Gordon Hollingshead, Producer",True
SHORT SUBJECT (One-reel),Golden Horses,"Edmund Reek, Producer",True
SHORT SUBJECT (One-reel),Smart as a Fox,"Gordon Hollingshead, Producer",True
SHORT SUBJECT (One-reel),Sure Cures,"Pete Smith, Producer",True
SHORT SUBJECT (Two-reel),A Boy and His Dog,"Gordon Hollingshead, Producer",True
SHORT SUBJECT (Two-reel),College Queen,"George B. Templeton, Producer",True
SHORT SUBJECT (Two-reel),Hiss and Yell,"Jules White, Producer",True
SHORT SUBJECT (Two-reel),The Luckiest Guy in the World,"Jerry Bresler, Producer",True
SOUND RECORDING,The Best Years of Our Lives,"Samuel Goldwyn Studio Sound Department, Gordon Sawyer, Sound Director",True
SOUND RECORDING,It's a Wonderful Life,"RKO Radio Studio Sound Department, John Aalberg, Sound Director",True
SOUND RECORDING,The Jolson Story,"Columbia Studio Sound Department, John Livadary, Sound Director",True
VISUAL EFFECTS,Blithe Spirit,Special Visual Effects by Thomas Howard,True
VISUAL EFFECTS,A Stolen Life,Special Visual Effects by William McGann; Special Audible Effects by Nathan Levinson,True
WRITING (Original Story),The Dark Mirror,Vladimir Pozner,True
WRITING (Original Story),The Strange Love of Martha Ivers,Jack Patrick,True
WRITING (Original Story),The Stranger,Victor Trivas,True
WRITING (Original Story),To Each His Own,Charles Brackett,True
WRITING (Original Story),Vacation from Marriage,Clemence Dane,True
WRITING (Original Screenplay),The Blue Dahlia,Raymond Chandler,True
WRITING (Original Screenplay),Children of Paradise,Jacques Prevert,True
WRITING (Original Screenplay),Notorious,Ben Hecht,True
WRITING (Original Screenplay),Road to Utopia,"Norman Panama, Melvin Frank",True
WRITING (Original Screenplay),The Seventh Veil,"Muriel Box, Sydney Box",True
WRITING (Adapted Screenplay),Anna and the King of Siam,"Talbot Jennings, Sally Benson",True
WRITING (Adapted Screenplay),The Best Years of Our Lives,Robert E. Sherwood,True
WRITING (Adapted Screenplay),Brief Encounter,"David Lean, Anthony Havelock-Allan, Ronald Neame",True
WRITING (Adapted Screenplay),The Killers,Anthony Veiller,True
WRITING (Adapted Screenplay),Open City,"Sergio Amidei, F. Fellini",True
SPECIAL AWARD,Henry V,nan,True
SPECIAL AWARD,The Best Years of Our Lives,nan,True
ACTOR IN A LEADING ROLE,A Double Life,Ronald Colman,True
ACTOR IN A LEADING ROLE,Body and Soul,John Garfield,True
ACTOR IN A LEADING ROLE,Gentleman's Agreement,Gregory Peck,True
ACTOR IN A LEADING ROLE,Life with Father,William Powell,True
ACTOR IN A LEADING ROLE,Mourning Becomes Electra,Michael Redgrave,True
ACTOR IN A SUPPORTING ROLE,The Farmer's Daughter,Charles Bickford,True
ACTOR IN A SUPPORTING ROLE,Ride the Pink Horse,Thomas Gomez,True
ACTOR IN A SUPPORTING ROLE,Miracle on 34th Street,Edmund Gwenn,True
ACTOR IN A SUPPORTING ROLE,Crossfire,Robert Ryan,True
ACTOR IN A SUPPORTING ROLE,Kiss of Death,Richard Widmark,True
ACTRESS IN A LEADING ROLE,Possessed,Joan Crawford,True
ACTRESS IN A LEADING ROLE,Smash-Up--The Story of a Woman,Susan Hayward,True
ACTRESS IN A LEADING ROLE,Gentleman's Agreement,Dorothy McGuire,True
ACTRESS IN A LEADING ROLE,Mourning Becomes Electra,Rosalind Russell,True
ACTRESS IN A LEADING ROLE,The Farmer's Daughter,Loretta Young,True
ACTRESS IN A SUPPORTING ROLE,The Paradine Case,Ethel Barrymore,True
ACTRESS IN A SUPPORTING ROLE,Crossfire,Gloria Grahame,True
ACTRESS IN A SUPPORTING ROLE,Gentleman's Agreement,Celeste Holm,True
ACTRESS IN A SUPPORTING ROLE,The Egg and I,Marjorie Main,True
ACTRESS IN A SUPPORTING ROLE,Gentleman's Agreement,Anne Revere,True
ART DIRECTION (Black-and-White),The Foxes of Harrow,"Art Direction: Lyle Wheeler, Maurice Ransford; Set Decoration: Thomas Little, Paul S. Fox",True
ART DIRECTION (Black-and-White),Great Expectations,Art Direction: John Bryan; Set Decoration: Wilfred Shingleton,True
ART DIRECTION (Color),Black Narcissus,Art Direction: Alfred Junge; Set Decoration: Alfred Junge,True
ART DIRECTION (Color),Life with Father,Art Direction: Robert M. Haas; Set Decoration: George James Hopkins,True
CINEMATOGRAPHY (Black-and-White),The Ghost and Mrs. Muir,"Charles Lang, Jr.",True
CINEMATOGRAPHY (Black-and-White),Great Expectations,Guy Green,True
CINEMATOGRAPHY (Black-and-White),Green Dolphin Street,George Folsey,True
CINEMATOGRAPHY (Color),Black Narcissus,Jack Cardiff,True
CINEMATOGRAPHY (Color),Life with Father,"Peverell Marley, William V. Skall",True
CINEMATOGRAPHY (Color),Mother Wore Tights,Harry Jackson,True
DIRECTING,The Bishop's Wife,Henry Koster,True
DIRECTING,Crossfire,Edward Dmytryk,True
DIRECTING,A Double Life,George Cukor,True
DIRECTING,Gentleman's Agreement,Elia Kazan,True
DIRECTING,Great Expectations,David Lean,True
DOCUMENTARY (Feature),Design for Death,"Sid Rogell, Executive Producer; Theron Warth and Richard O. Fleischer, Producers",True
DOCUMENTARY (Feature),Journey into Medicine,United States Department of State Office of Information and Educational Exchange,True
DOCUMENTARY (Feature),The World Is Rich,"Paul Rotha, Producer",True
DOCUMENTARY (Short Subject),First Steps,United Nations Division of Films and Visual Information,True
DOCUMENTARY (Short Subject),Passport to Nowhere,"Frederic Ullman, Jr., Producer",True
DOCUMENTARY (Short Subject),School in the Mailbox,Australian News & Information Bureau,True
FILM EDITING,The Bishop's Wife,Monica Collingwood,True
FILM EDITING,Body and Soul,"Francis Lyon, Robert Parrish",True
FILM EDITING,Gentleman's Agreement,Harmon Jones,True
FILM EDITING,Green Dolphin Street,George White,True
FILM EDITING,Odd Man Out,Fergus McDonell,True
MUSIC (Original Score),The Bishop's Wife,Hugo Friedhofer,True
MUSIC (Original Score),Captain from Castile,Alfred Newman,True
MUSIC (Original Score),A Double Life,Dr. Miklos Rozsa,True
MUSIC (Original Score),Forever Amber,David Raksin,True
MUSIC (Original Score),Life with Father,Max Steiner,True
MUSIC (Original Song Score or Adaptation Score),Fiesta,Johnny Green,True
MUSIC (Original Song Score or Adaptation Score),Mother Wore Tights,Alfred Newman,True
MUSIC (Original Song Score or Adaptation Score),My Wild Irish Rose,"Ray Heindorf, Max Steiner",True
MUSIC (Original Song Score or Adaptation Score),Road to Rio,Robert Emmett Dolan,True
MUSIC (Original Song Score or Adaptation Score),Song of the South,"Daniele Amfitheatrof, Paul J. Smith, Charles Wolcott",True
MUSIC (Original Song),"The Time, the Place and the Girl",Music by Arthur Schwartz; Lyrics by Leo Robin,True
MUSIC (Original Song),The Perils of Pauline,Music and Lyrics by Frank Loesser,True
MUSIC (Original Song),Good News,"Music and Lyrics by Ralph Blane, Roger Edens and Hugh Martin",True
MUSIC (Original Song),Mother Wore Tights,Music by Josef Myrow; Lyrics by Mack Gordon,True
MUSIC (Original Song),Song of the South,Music by Allie Wrubel; Lyrics by Ray Gilbert,True
BEST PICTURE,The Bishop's Wife,Samuel Goldwyn Productions,True
BEST PICTURE,Crossfire,RKO Radio,True
BEST PICTURE,Gentleman's Agreement,20th Century-Fox,True
BEST PICTURE,Great Expectations,J. Arthur Rank-Cineguild,True
BEST PICTURE,Miracle on 34th Street,20th Century-Fox,True
SHORT FILM (Animated),Chip An' Dale,"Walt Disney, Producer",True
SHORT FILM (Animated),Dr. Jekyll and Mr. Mouse,"Frederick Quimby, Producer",True
SHORT FILM (Animated),Pluto's Blue Note,"Walt Disney, Producer",True
SHORT FILM (Animated),Tubby the Tuba,"George Pal, Producer",True
SHORT FILM (Animated),Tweetie Pie,"Edward Selzer, Producer",True
SHORT SUBJECT (One-reel),"Brooklyn, U.S.A.","Thomas Mead, Producer",True
SHORT SUBJECT (One-reel),Good-bye Miss Turlock,"Herbert Moulton, Producer",True
SHORT SUBJECT (One-reel),Moon Rockets,"Jerry Fairbanks, Producer",True
SHORT SUBJECT (One-reel),Now You See It,"Pete Smith, Producer",True
SHORT SUBJECT (One-reel),So You Want to Be in Pictures,"Gordon Hollingshead, Producer",True
SHORT SUBJECT (Two-reel),Champagne for Two,"Harry Grey, Producer",True
SHORT SUBJECT (Two-reel),Climbing the Matterhorn,"Irving Allen, Producer",True
SHORT SUBJECT (Two-reel),Fight of the Wild Stallions,"Thomas Mead, Producer",True
SHORT SUBJECT (Two-reel),Give Us the Earth,"Herbert Morgan, Producer",True
SHORT SUBJECT (Two-reel),A Voice Is Born: The Story of Niklos Gafni,"Ben Blake, Producer",True
SOUND RECORDING,The Bishop's Wife,"Samuel Goldwyn Studio Sound Department, Gordon Sawyer, Sound Director",True
SOUND RECORDING,Green Dolphin Street,"Metro-Goldwyn-Mayer Studio Sound Department, Douglas Shearer, Sound Director",True
SOUND RECORDING,T-Men,"Sound Service, Inc., Jack R. Whitney, Sound Director",True
VISUAL EFFECTS,Green Dolphin Street,"Special Visual Effects by A. Arnold Gillespie, Warren Newcombe; Special Audible Effects by Douglas Shearer, Michael Steinore",True
VISUAL EFFECTS,Unconquered,"Special Visual Effects by Farciot Edouart, Devereux Jennings, Gordon Jennings, Wallace Kelley, Paul Lerpae; Special Audible Effects by George Dutton",True
WRITING (Original Story),A Cage of Nightingales,"Georges Chaperot, Rene Wheeler",True
WRITING (Original Story),It Happened on Fifth Avenue,"Herbert Clyde Lewis, Frederick Stephani",True
WRITING (Original Story),Kiss of Death,Eleazar Lipsky,True
WRITING (Original Story),Miracle on 34th Street,Valentine Davies,True
WRITING (Original Story),Smash-Up--The Story of a Woman,"Dorothy Parker, Frank Cavett",True
WRITING (Original Screenplay),The Bachelor and the Bobby-Soxer,Sidney Sheldon,True
WRITING (Original Screenplay),Body and Soul,Abraham Polonsky,True
WRITING (Original Screenplay),A Double Life,"Ruth Gordon, Garson Kanin",True
WRITING (Original Screenplay),Monsieur Verdoux,Charles Chaplin,True
WRITING (Original Screenplay),Shoe-Shine,"Sergio Amidei, Adolfo Franci, C. G. Viola, Cesare Zavattini",True
WRITING (Adapted Screenplay),Boomerang!,Richard Murphy,True
WRITING (Adapted Screenplay),Crossfire,John Paxton,True
WRITING (Adapted Screenplay),Gentleman's Agreement,Moss Hart,True
WRITING (Adapted Screenplay),Great Expectations,"David Lean, Anthony Havelock-Allan, Ronald Neame",True
WRITING (Adapted Screenplay),Miracle on 34th Street,George Seaton,True
SPECIAL AWARD,Song of the South,nan,True
SPECIAL AWARD,Bill and Coo,nan,True
SPECIAL AWARD,Shoe-Shine,nan,True
ACTOR IN A LEADING ROLE,Johnny Belinda,Lew Ayres,True
ACTOR IN A LEADING ROLE,The Search,Montgomery Clift,True
ACTOR IN A LEADING ROLE,When My Baby Smiles at Me,Dan Dailey,True
ACTOR IN A LEADING ROLE,Hamlet,Laurence Olivier,True
ACTOR IN A LEADING ROLE,Sitting Pretty,Clifton Webb,True
ACTOR IN A SUPPORTING ROLE,Johnny Belinda,Charles Bickford,True
ACTOR IN A SUPPORTING ROLE,Joan of Arc,José Ferrer,True
ACTOR IN A SUPPORTING ROLE,I Remember Mama,Oscar Homolka,True
ACTOR IN A SUPPORTING ROLE,The Treasure of the Sierra Madre,Walter Huston,True
ACTOR IN A SUPPORTING ROLE,The Luck of the Irish,Cecil Kellaway,True
ACTRESS IN A LEADING ROLE,Joan of Arc,Ingrid Bergman,True
ACTRESS IN A LEADING ROLE,The Snake Pit,Olivia de Havilland,True
ACTRESS IN A LEADING ROLE,I Remember Mama,Irene Dunne,True
ACTRESS IN A LEADING ROLE,"Sorry, Wrong Number",Barbara Stanwyck,True
ACTRESS IN A LEADING ROLE,Johnny Belinda,Jane Wyman,True
ACTRESS IN A SUPPORTING ROLE,I Remember Mama,Barbara Bel Geddes,True
ACTRESS IN A SUPPORTING ROLE,I Remember Mama,Ellen Corby,True
ACTRESS IN A SUPPORTING ROLE,Johnny Belinda,Agnes Moorehead,True
ACTRESS IN A SUPPORTING ROLE,Hamlet,Jean Simmons,True
ACTRESS IN A SUPPORTING ROLE,Key Largo,Claire Trevor,True
ART DIRECTION (Black-and-White),Hamlet,Art Direction: Roger K. Furse; Set Decoration: Carmen Dillon,True
ART DIRECTION (Black-and-White),Johnny Belinda,Art Direction: Robert Haas; Set Decoration: William Wallace,True
ART DIRECTION (Color),Joan of Arc,"Art Direction: Richard Day; Set Decoration: Edwin Casey Roberts, Joseph Kish",True
ART DIRECTION (Color),The Red Shoes,Art Direction: Hein Heckroth; Set Decoration: Arthur Lawson,True
CINEMATOGRAPHY (Black-and-White),A Foreign Affair,"Charles B. Lang, Jr.",True
CINEMATOGRAPHY (Black-and-White),I Remember Mama,Nicholas Musuraca,True
CINEMATOGRAPHY (Black-and-White),Johnny Belinda,Ted McCord,True
CINEMATOGRAPHY (Black-and-White),The Naked City,William Daniels,True
CINEMATOGRAPHY (Black-and-White),Portrait of Jennie,Joseph August,True
CINEMATOGRAPHY (Color),Green Grass of Wyoming,Charles G. Clarke,True
CINEMATOGRAPHY (Color),Joan of Arc,"Joseph Valentine, William V. Skall, Winton Hoch",True
CINEMATOGRAPHY (Color),The Loves of Carmen,William Snyder,True
CINEMATOGRAPHY (Color),The Three Musketeers,Robert Planck,True
COSTUME DESIGN (Black-and-White),B. F.'s Daughter,Irene,True
COSTUME DESIGN (Black-and-White),Hamlet,Roger K. Furse,True
COSTUME DESIGN (Color),The Emperor Waltz,"Edith Head, Gile Steele",True
COSTUME DESIGN (Color),Joan of Arc,"Dorothy Jeakins, Karinska",True
DIRECTING,Hamlet,Laurence Olivier,True
DIRECTING,Johnny Belinda,Jean Negulesco,True
DIRECTING,The Search,Fred Zinnemann,True
DIRECTING,The Snake Pit,Anatole Litvak,True
DIRECTING,The Treasure of the Sierra Madre,John Huston,True
DOCUMENTARY (Feature),The Quiet One,"Janice Loeb, Producer",True
DOCUMENTARY (Feature),The Secret Land,"Orville O. Dull, Producer",True
DOCUMENTARY (Short Subject),Heart to Heart,"Herbert Morgan, Producer",True
DOCUMENTARY (Short Subject),Operation Vittles,United States Army Air Force,True
DOCUMENTARY (Short Subject),Toward Independence,United States Army,True
FILM EDITING,Joan of Arc,Frank Sullivan,True
FILM EDITING,Johnny Belinda,David Weisbart,True
FILM EDITING,The Naked City,Paul Weatherwax,True
FILM EDITING,Red River,Christian Nyby,True
FILM EDITING,The Red Shoes,Reginald Mills,True
MUSIC (Original Score),Hamlet,William Walton,True
MUSIC (Original Score),Joan of Arc,Hugo Friedhofer,True
MUSIC (Original Score),Johnny Belinda,Max Steiner,True
MUSIC (Original Score),The Red Shoes,Brian Easdale,True
MUSIC (Original Score),The Snake Pit,Alfred Newman,True
MUSIC (Original Song Score or Adaptation Score),Easter Parade,"Johnny Green, Roger Edens",True
MUSIC (Original Song Score or Adaptation Score),The Emperor Waltz,Victor Young,True
MUSIC (Original Song Score or Adaptation Score),The Pirate,Lennie Hayton,True
MUSIC (Original Song Score or Adaptation Score),Romance on the High Seas,Ray Heindorf,True
MUSIC (Original Song Score or Adaptation Score),When My Baby Smiles at Me,Alfred Newman,True
MUSIC (Original Song),The Paleface,Music and Lyrics by Jay Livingston and Ray Evans,True
MUSIC (Original Song),Casbah,Music by Harold Arlen; Lyrics by Leo Robin,True
MUSIC (Original Song),Romance on the High Seas,Music by Jule Styne; Lyrics by Sammy Cahn,True
MUSIC (Original Song),That Lady in Ermine,Music by Frederick Hollander; Lyrics by Leo Robin,True
MUSIC (Original Song),Wet Blanket Policy,Music and Lyrics by Ramey Idriss and George Tibbles,True
BEST PICTURE,Hamlet,J. Arthur Rank-Two Cities Films,True
BEST PICTURE,Johnny Belinda,Warner Bros.,True
BEST PICTURE,The Red Shoes,J. Arthur Rank-Archers,True
BEST PICTURE,The Snake Pit,20th Century-Fox,True
BEST PICTURE,The Treasure of the Sierra Madre,Warner Bros.,True
SHORT FILM (Animated),The Little Orphan,"Fred Quimby, Producer",True
SHORT FILM (Animated),Mickey and the Seal,"Walt Disney, Producer",True
SHORT FILM (Animated),Mouse Wreckers,"Edward Selzer, Producer",True
SHORT FILM (Animated),Robin Hoodlum,United Productions of America,True
SHORT FILM (Animated),Tea for Two Hundred,"Walt Disney, Producer",True
SHORT SUBJECT (One-reel),Annie Was a Wonder,"Herbert Moulton, Producer",True
SHORT SUBJECT (One-reel),Cinderella Horse,"Gordon Hollingshead, Producer",True
SHORT SUBJECT (One-reel),So You Want to Be on the Radio,"Gordon Hollingshead, Producer",True
SHORT SUBJECT (One-reel),Symphony of a City,"Edmund H. Reek, Producer",True
SHORT SUBJECT (One-reel),You Can't Win,"Pete Smith, Producer",True
SHORT SUBJECT (Two-reel),Calgary Stampede,"Gordon Hollingshead, Producer",True
SHORT SUBJECT (Two-reel),Going to Blazes,"Herbert Morgan, Producer",True
SHORT SUBJECT (Two-reel),Samba-Mania,"Harry Grey, Producer",True
SHORT SUBJECT (Two-reel),Seal Island,"Walt Disney, Producer",True
SHORT SUBJECT (Two-reel),Snow Capers,"Thomas Mead, Producer",True
SOUND RECORDING,Johnny Belinda,"Warner Bros. Studio Sound Department, Col. Nathan O. Levinson, Sound Director",True
SOUND RECORDING,Moonrise,"Republic Studio Sound Department, Daniel J. Bloomberg, Sound Director",True
SOUND RECORDING,The Snake Pit,"20th Century-Fox Studio Sound Department, Thomas T. Moulton, Sound Director",True
VISUAL EFFECTS,Deep Waters,"Special Visual Effects by Ralph Hammeras, Fred Sersen, Edward Snyder; Special Audible Effects by Roger Heman",True
VISUAL EFFECTS,Portrait of Jennie,"Special Visual Effects by Paul Eagler, J. McMillan Johnson, Russell Shearman, Clarence Slifer; Special Audible Effects by Charles Freeman, James G. Stewart",True
WRITING (Original Story),Louisiana Story,"Frances Flaherty, Robert Flaherty",True
WRITING (Original Story),The Naked City,Malvin Wald,True
WRITING (Original Story),Red River,Borden Chase,True
WRITING (Original Story),The Red Shoes,Emeric Pressburger,True
WRITING (Original Story),The Search,"Richard Schweizer, David Wechsler",True
WRITING (Adapted Screenplay),A Foreign Affair,"Charles Brackett, Billy Wilder, Richard L. Breen",True
WRITING (Adapted Screenplay),Johnny Belinda,"Irmgard Von Cube, Allen Vincent",True
WRITING (Adapted Screenplay),The Search,"Richard Schweizer, David Wechsler",True
WRITING (Adapted Screenplay),The Snake Pit,"Frank Partos, Millen Brand",True
WRITING (Adapted Screenplay),The Treasure of the Sierra Madre,John Huston,True
SPECIAL FOREIGN LANGUAGE FILM AWARD,Monsieur Vincent,nan,True
SPECIAL AWARD,The Search,nan,True
SPECIAL AWARD,Joan of Arc,nan,True
ACTOR IN A LEADING ROLE,All the King's Men,Broderick Crawford,True
ACTOR IN A LEADING ROLE,Champion,Kirk Douglas,True
ACTOR IN A LEADING ROLE,Twelve O'Clock High,Gregory Peck,True
ACTOR IN A LEADING ROLE,The Hasty Heart,Richard Todd,True
ACTOR IN A LEADING ROLE,Sands of Iwo Jima,John Wayne,True
ACTOR IN A SUPPORTING ROLE,All the King's Men,John Ireland,True
ACTOR IN A SUPPORTING ROLE,Twelve O'Clock High,Dean Jagger,True
ACTOR IN A SUPPORTING ROLE,Champion,Arthur Kennedy,True
ACTOR IN A SUPPORTING ROLE,The Heiress,Ralph Richardson,True
ACTOR IN A SUPPORTING ROLE,Battleground,James Whitmore,True
ACTRESS IN A LEADING ROLE,Pinky,Jeanne Crain,True
ACTRESS IN A LEADING ROLE,The Heiress,Olivia de Havilland,True
ACTRESS IN A LEADING ROLE,My Foolish Heart,Susan Hayward,True
ACTRESS IN A LEADING ROLE,"Edward, My Son",Deborah Kerr,True
ACTRESS IN A LEADING ROLE,Come to the Stable,Loretta Young,True
ACTRESS IN A SUPPORTING ROLE,Pinky,Ethel Barrymore,True
ACTRESS IN A SUPPORTING ROLE,Come to the Stable,Celeste Holm,True
ACTRESS IN A SUPPORTING ROLE,Come to the Stable,Elsa Lanchester,True
ACTRESS IN A SUPPORTING ROLE,All the King's Men,Mercedes McCambridge,True
ACTRESS IN A SUPPORTING ROLE,Pinky,Ethel Waters,True
ART DIRECTION (Black-and-White),Come to the Stable,"Art Direction: Lyle Wheeler, Joseph C. Wright; Set Decoration: Thomas Little, Paul S. Fox",True
ART DIRECTION (Black-and-White),The Heiress,"Art Direction: Harry Horner, John Meehan; Set Decoration: Emile Kuri",True
ART DIRECTION (Black-and-White),Madame Bovary,"Art Direction: Cedric Gibbons, Jack Martin Smith; Set Decoration: Edwin B. Willis, Richard A. Pefferle",True
ART DIRECTION (Color),The Adventures of Don Juan,Art Direction: Edward Carrere; Set Decoration: Lyle Reifsnider,True
ART DIRECTION (Color),Little Women,"Art Direction: Cedric Gibbons, Paul Groesse; Set Decoration: Edwin B. Willis, Jack D. Moore",True
ART DIRECTION (Color),Saraband,"Art Direction: Jim Morahan, William Kellner, Michael Relph",True
CINEMATOGRAPHY (Black-and-White),Battleground,Paul C. Vogel,True
CINEMATOGRAPHY (Black-and-White),Champion,Frank Planer,True
CINEMATOGRAPHY (Black-and-White),Come to the Stable,Joseph LaShelle,True
CINEMATOGRAPHY (Black-and-White),The Heiress,Leo Tover,True
CINEMATOGRAPHY (Black-and-White),Prince of Foxes,Leon Shamroy,True
CINEMATOGRAPHY (Color),The Barkleys of Broadway,Harry Stradling,True
CINEMATOGRAPHY (Color),Jolson Sings Again,William Snyder,True
CINEMATOGRAPHY (Color),Little Women,"Robert Planck, Charles Schoenbaum",True
CINEMATOGRAPHY (Color),Sand,Charles G. Clarke,True
CINEMATOGRAPHY (Color),She Wore a Yellow Ribbon,Winton Hoch,True
COSTUME DESIGN (Black-and-White),The Heiress,"Edith Head, Gile Steele",True
COSTUME DESIGN (Black-and-White),Prince of Foxes,Vittorio Nino Novarese,True
COSTUME DESIGN (Color),The Adventures of Don Juan,"Leah Rhodes, Travilla, Marjorie Best",True
COSTUME DESIGN (Color),Mother Is a Freshman,Kay Nelson,True
DIRECTING,All the King's Men,Robert Rossen,True
DIRECTING,Battleground,William A. Wellman,True
DIRECTING,The Fallen Idol,Carol Reed,True
DIRECTING,The Heiress,William Wyler,True
DIRECTING,A Letter to Three Wives,Joseph L. Mankiewicz,True
DOCUMENTARY (Feature),Daybreak in Udi,Crown Film Unit,True
DOCUMENTARY (Feature),Kenji Comes Home,"Paul F. Heard, Producer",True
DOCUMENTARY (Short Subject),A Chance to Live,"Richard de Rochemont, Producer",True
DOCUMENTARY (Short Subject),1848,French Cinema General Cooperative,True
DOCUMENTARY (Short Subject),The Rising Tide,"St. Francis-Xavier University, Antigonish, Nova Scotia",True
DOCUMENTARY (Short Subject),So Much for So Little,"Edward Selzer, Producer",True
FILM EDITING,All the King's Men,"Robert Parrish, Al Clark",True
FILM EDITING,Battleground,John Dunning,True
FILM EDITING,Champion,Harry Gerstad,True
FILM EDITING,Sands of Iwo Jima,Richard L. Van Enger,True
FILM EDITING,The Window,Frederic Knudtson,True
MUSIC (Original Score),Beyond the Forest,Max Steiner,True
MUSIC (Original Score),Champion,Dimitri Tiomkin,True
MUSIC (Original Score),The Heiress,Aaron Copland,True
MUSIC (Original Song Score or Adaptation Score),Jolson Sings Again,"Morris Stoloff, George Duning",True
MUSIC (Original Song Score or Adaptation Score),Look for the Silver Lining,Ray Heindorf,True
MUSIC (Original Song Score or Adaptation Score),On the Town,"Roger Edens, Lennie Hayton",True
MUSIC (Original Song),Neptune's Daughter,Music and Lyrics by Frank Loesser,True
MUSIC (Original Song),It's a Great Feeling,Music by Jule Styne; Lyrics by Sammy Cahn,True
MUSIC (Original Song),So Dear to My Heart,Music by Eliot Daniel; Lyrics by Larry Morey,True
MUSIC (Original Song),My Foolish Heart,Music by Victor Young; Lyrics by Ned Washington,True
MUSIC (Original Song),Come to the Stable,Music by Alfred Newman; Lyrics by Mack Gordon,True
BEST PICTURE,All the King's Men,Robert Rossen Productions,True
BEST PICTURE,Battleground,Metro-Goldwyn-Mayer,True
BEST PICTURE,The Heiress,Paramount,True
BEST PICTURE,A Letter to Three Wives,20th Century-Fox,True
BEST PICTURE,Twelve O'Clock High,20th Century-Fox,True
SHORT FILM (Animated),Canary Row,"Edward Selzer, Producer",True
SHORT FILM (Animated),For Scent-Imental Reasons,"Edward Selzer, Producer",True
SHORT FILM (Animated),Hatch Up Your Troubles,"Fred Quimby, Producer",True
SHORT FILM (Animated),The Magic Fluke,"Stephen Bosustow, Producer",True
SHORT FILM (Animated),Toy Tinkers,"Walt Disney, Producer",True
SHORT SUBJECT (One-reel),Aquatic House-Party,"Jack Eaton, Producer",True
SHORT SUBJECT (One-reel),Roller Derby Girl,"Justin Herman, Producer",True
SHORT SUBJECT (One-reel),So You Think You're Not Guilty,"Gordon Hollingshead, Producer",True
SHORT SUBJECT (One-reel),Spills and Chills,"Walton C. Ament, Producer",True
SHORT SUBJECT (One-reel),Water Trix,"Pete Smith, Producer",True
SHORT SUBJECT (Two-reel),The Boy and the Eagle,"William Lasky, Producer",True
SHORT SUBJECT (Two-reel),Chase of Death,"Irving Allen, Producer",True
SHORT SUBJECT (Two-reel),The Grass Is Always Greener,"Gordon Hollingshead, Producer",True
SHORT SUBJECT (Two-reel),Snow Carnival,"Gordon Hollingshead, Producer",True
SHORT SUBJECT (Two-reel),Van Gogh,"Gaston Diehl and Robert Haessens, Producers",True
SOUND RECORDING,"Once More, My Darling","Universal-International Studio Sound Department, Leslie I. Carey, Sound Director",True
SOUND RECORDING,Sands of Iwo Jima,"Republic Studio Sound Department, Daniel J. Bloomberg, Sound Director",True
SOUND RECORDING,Twelve O'Clock High,"20th Century-Fox Studio Sound Department, Thomas T. Moulton, Sound Director",True
VISUAL EFFECTS,Mighty Joe Young,ARKO Productions,True
VISUAL EFFECTS,Tulsa,Walter Wanger Pictures,True
WRITING (Original Story),Come to the Stable,Clare Boothe Luce,True
WRITING (Original Story),It Happens Every Spring,"Shirley W. Smith, Valentine Davies",True
WRITING (Original Story),Sands of Iwo Jima,Harry Brown,True
WRITING (Original Story),The Stratton Story,Douglas Morrow,True
WRITING (Original Story),White Heat,Virginia Kellogg,True
WRITING (Adapted Screenplay),All the King's Men,Robert Rossen,True
WRITING (Adapted Screenplay),The Bicycle Thief,Cesare Zavattini,True
WRITING (Adapted Screenplay),Champion,Carl Foreman,True
WRITING (Adapted Screenplay),The Fallen Idol,Graham Greene,True
WRITING (Adapted Screenplay),A Letter to Three Wives,Joseph L. Mankiewicz,True
WRITING (Original Screenplay),Battleground,Robert Pirosh,True
WRITING (Original Screenplay),Jolson Sings Again,Sidney Buchman,True
WRITING (Original Screenplay),Paisan,"Alfred Hayes, Federico Fellini, Sergio Amidei, Marcello Pagliero, Roberto Rossellini",True
WRITING (Original Screenplay),Passport to Pimlico,T. E. B. Clarke,True
WRITING (Original Screenplay),The Quiet One,"Helen Levitt, Janice Loeb, Sidney Meyers",True
SPECIAL FOREIGN LANGUAGE FILM AWARD,The Bicycle Thief,nan,True
ACTOR IN A LEADING ROLE,The Magnificent Yankee,Louis Calhern,True
ACTOR IN A LEADING ROLE,Cyrano de Bergerac,José Ferrer,True
ACTOR IN A LEADING ROLE,Sunset Blvd.,William Holden,True
ACTOR IN A LEADING ROLE,Harvey,James Stewart,True
ACTOR IN A LEADING ROLE,Father of the Bride,Spencer Tracy,True
ACTOR IN A SUPPORTING ROLE,Broken Arrow,Jeff Chandler,True
ACTOR IN A SUPPORTING ROLE,Mister 880,Edmund Gwenn,True
ACTOR IN A SUPPORTING ROLE,The Asphalt Jungle,Sam Jaffe,True
ACTOR IN A SUPPORTING ROLE,All about Eve,George Sanders,True
ACTOR IN A SUPPORTING ROLE,Sunset Blvd.,Erich von Stroheim,True
ACTRESS IN A LEADING ROLE,All about Eve,Anne Baxter,True
ACTRESS IN A LEADING ROLE,All about Eve,Bette Davis,True
ACTRESS IN A LEADING ROLE,Born Yesterday,Judy Holliday,True
ACTRESS IN A LEADING ROLE,Caged,Eleanor Parker,True
ACTRESS IN A LEADING ROLE,Sunset Blvd.,Gloria Swanson,True
ACTRESS IN A SUPPORTING ROLE,Caged,Hope Emerson,True
ACTRESS IN A SUPPORTING ROLE,All about Eve,Celeste Holm,True
ACTRESS IN A SUPPORTING ROLE,Harvey,Josephine Hull,True
ACTRESS IN A SUPPORTING ROLE,Sunset Blvd.,Nancy Olson,True
ACTRESS IN A SUPPORTING ROLE,All about Eve,Thelma Ritter,True
ART DIRECTION (Black-and-White),All about Eve,"Art Direction: Lyle Wheeler, George W. Davis; Set Decoration: Thomas Little, Walter M. Scott",True
ART DIRECTION (Black-and-White),The Red Danube,"Art Direction: Cedric Gibbons, Hans Peters; Set Decoration: Edwin B. Willis, Hugh Hunt",True
ART DIRECTION (Black-and-White),Sunset Blvd.,"Art Direction: Hans Dreier, John Meehan; Set Decoration: Sam Comer, Ray Moyer",True
ART DIRECTION (Color),Annie Get Your Gun,"Art Direction: Cedric Gibbons, Paul Groesse; Set Decoration: Edwin B. Willis, Richard A. Pefferle",True
ART DIRECTION (Color),Destination Moon,Art Direction: Ernst Fegte; Set Decoration: George Sawley,True
ART DIRECTION (Color),Samson and Delilah,"Art Direction: Hans Dreier, Walter Tyler; Set Decoration: Sam Comer, Ray Moyer",True
CINEMATOGRAPHY (Black-and-White),All about Eve,Milton Krasner,True
CINEMATOGRAPHY (Black-and-White),The Asphalt Jungle,Harold Rosson,True
CINEMATOGRAPHY (Black-and-White),The Furies,Victor Milner,True
CINEMATOGRAPHY (Black-and-White),Sunset Blvd.,John F. Seitz,True
CINEMATOGRAPHY (Black-and-White),The Third Man,Robert Krasker,True
CINEMATOGRAPHY (Color),Annie Get Your Gun,Charles Rosher,True
CINEMATOGRAPHY (Color),Broken Arrow,Ernest Palmer,True
CINEMATOGRAPHY (Color),The Flame and the Arrow,Ernest Haller,True
CINEMATOGRAPHY (Color),King Solomon's Mines,Robert Surtees,True
CINEMATOGRAPHY (Color),Samson and Delilah,George Barnes,True
COSTUME DESIGN (Black-and-White),All about Eve,"Edith Head, Charles LeMaire",True
COSTUME DESIGN (Black-and-White),Born Yesterday,Jean Louis,True
COSTUME DESIGN (Black-and-White),The Magnificent Yankee,Walter Plunkett,True
COSTUME DESIGN (Color),The Black Rose,Michael Whittaker,True
COSTUME DESIGN (Color),Samson and Delilah,"Edith Head, Dorothy Jeakins, Elois Jenssen, Gile Steele, Gwen Wakeling",True
COSTUME DESIGN (Color),That Forsyte Woman,"Walter Plunkett, Valles",True
DIRECTING,All about Eve,Joseph L. Mankiewicz,True
DIRECTING,The Asphalt Jungle,John Huston,True
DIRECTING,Born Yesterday,George Cukor,True
DIRECTING,Sunset Blvd.,Billy Wilder,True
DIRECTING,The Third Man,Carol Reed,True
DOCUMENTARY (Feature),The Titan: Story of Michelangelo,"Robert Snyder, Producer",True
DOCUMENTARY (Feature),With These Hands,"Jack Arnold and Lee Goodman, Producers",True
DOCUMENTARY (Short Subject),The Fight: Science against Cancer,"Guy Glover, Producer",True
DOCUMENTARY (Short Subject),The Stairs,"Film Documents, Inc.",True
DOCUMENTARY (Short Subject),Why Korea?,"Edmund Reek, Producer",True
FILM EDITING,All about Eve,Barbara McLean,True
FILM EDITING,Annie Get Your Gun,James E. Newcom,True
FILM EDITING,King Solomon's Mines,"Ralph E. Winters, Conrad A. Nervig",True
FILM EDITING,Sunset Blvd.,"Arthur Schmidt, Doane Harrison",True
FILM EDITING,The Third Man,Oswald Hafenrichter,True
MUSIC (Original Score),All about Eve,Alfred Newman,True
MUSIC (Original Score),The Flame and the Arrow,Max Steiner,True
MUSIC (Original Score),No Sad Songs for Me,George Duning,True
MUSIC (Original Score),Samson and Delilah,Victor Young,True
MUSIC (Original Score),Sunset Blvd.,Franz Waxman,True
MUSIC (Original Song Score or Adaptation Score),Annie Get Your Gun,"Adolph Deutsch, Roger Edens",True
MUSIC (Original Song Score or Adaptation Score),Cinderella,"Oliver Wallace, Paul J. Smith",True
MUSIC (Original Song Score or Adaptation Score),I'll Get By,Lionel Newman,True
MUSIC (Original Song Score or Adaptation Score),Three Little Words,Andre Previn,True
MUSIC (Original Song Score or Adaptation Score),The West Point Story,Ray Heindorf,True
MUSIC (Original Song),The Toast of New Orleans,Music by Nicholas Brodszky; Lyrics by Sammy Cahn,True
MUSIC (Original Song),Cinderella,"Music and Lyrics by Mack David, Al Hoffman and Jerry Livingston",True
MUSIC (Original Song),"Captain Carey, U.S.A.",Music and Lyrics by Ray Evans and Jay Livingston,True
MUSIC (Original Song),Singing Guns,"Music and Lyrics by Fred Glickman, Hy Heath and Johnny Lange",True
MUSIC (Original Song),Wabash Avenue,Music by Josef Myrow; Lyrics by Mack Gordon,True
BEST PICTURE,All about Eve,20th Century-Fox,True
BEST PICTURE,Born Yesterday,Columbia,True
BEST PICTURE,Father of the Bride,Metro-Goldwyn-Mayer,True
BEST PICTURE,King Solomon's Mines,Metro-Goldwyn-Mayer,True
BEST PICTURE,Sunset Blvd.,Paramount,True
SHORT FILM (Animated),Gerald McBoing-Boing,"Stephen Bosustow, Producer",True
SHORT FILM (Animated),Jerry's Cousin,"Fred Quimby, Producer",True
SHORT FILM (Animated),Trouble Indemnity,"Stephen Bosustow, Producer",True
SHORT SUBJECT (One-reel),Blaze Busters,"Robert Youngson, Producer",True
SHORT SUBJECT (One-reel),Grandad of Races,"Gordon Hollingshead, Producer",True
SHORT SUBJECT (One-reel),Wrong Way Butch,"Pete Smith, Producer",True
SHORT SUBJECT (Two-reel),Grandma Moses,"Falcon Films, Inc.",True
SHORT SUBJECT (Two-reel),In Beaver Valley,"Walt Disney, Producer",True
SHORT SUBJECT (Two-reel),My Country 'Tis of Thee,"Gordon Hollingshead, Producer",True
SOUND RECORDING,All about Eve,"20th Century-Fox Studio Sound Department, Thomas T. Moulton, Sound Director",True
SOUND RECORDING,Cinderella,"Walt Disney Studio Sound Department, C. O. Slyfield, Sound Director",True
SOUND RECORDING,Louisa,"Universal-International Studio Sound Department, Leslie I. Carey, Sound Director",True
SOUND RECORDING,Our Very Own,"Samuel Goldwyn Studio Sound Department, Gordon Sawyer, Sound Director",True
SOUND RECORDING,Trio,"Pinewood Studio Sound Department, Cyril Crowhurst, Sound Director",True
VISUAL EFFECTS,Destination Moon,George Pal Productions,True
VISUAL EFFECTS,Samson and Delilah,Cecil B. DeMille Productions,True
WRITING (Original Story),Bitter Rice,"Giuseppe De Santis, Carlo Lizzani",True
WRITING (Original Story),The Gunfighter,"William Bowers, Andre de Toth",True
WRITING (Original Story),Mystery Street,Leonard Spigelgass,True
WRITING (Original Story),Panic in the Streets,"Edna Anhalt, Edward Anhalt",True
WRITING (Original Story),When Willie Comes Marching Home,Sy Gomberg,True
WRITING (Adapted Screenplay),All about Eve,Joseph L. Mankiewicz,True
WRITING (Adapted Screenplay),The Asphalt Jungle,"Ben Maddow, John Huston",True
WRITING (Adapted Screenplay),Born Yesterday,Albert Mannheimer,True
WRITING (Adapted Screenplay),Broken Arrow,Albert Maltz,True
WRITING (Adapted Screenplay),Father of the Bride,"Frances Goodrich, Albert Hackett",True
WRITING (Original Screenplay),Adam's Rib,"Ruth Gordon, Garson Kanin",True
WRITING (Original Screenplay),Caged,"Virginia Kellogg, Bernard C. Schoenfeld",True
WRITING (Original Screenplay),The Men,Carl Foreman,True
WRITING (Original Screenplay),No Way Out,"Joseph L. Mankiewicz, Lesser Samuels",True
WRITING (Original Screenplay),Sunset Blvd.,"Charles Brackett, Billy Wilder, D. M. Marshman, Jr.",True
INTERNATIONAL FEATURE FILM,The Walls of Malapaga,nan,True
ACTOR IN A LEADING ROLE,The African Queen,Humphrey Bogart,True
ACTOR IN A LEADING ROLE,A Streetcar Named Desire,Marlon Brando,True
ACTOR IN A LEADING ROLE,A Place in the Sun,Montgomery Clift,True
ACTOR IN A LEADING ROLE,Bright Victory,Arthur Kennedy,True
ACTOR IN A LEADING ROLE,Death of a Salesman,Fredric March,True
ACTOR IN A SUPPORTING ROLE,Quo Vadis,Leo Genn,True
ACTOR IN A SUPPORTING ROLE,Death of a Salesman,Kevin McCarthy,True
ACTOR IN A SUPPORTING ROLE,A Streetcar Named Desire,Karl Malden,True
ACTOR IN A SUPPORTING ROLE,Quo Vadis,Peter Ustinov,True
ACTOR IN A SUPPORTING ROLE,Come Fill the Cup,Gig Young,True
ACTRESS IN A LEADING ROLE,The African Queen,Katharine Hepburn,True
ACTRESS IN A LEADING ROLE,A Streetcar Named Desire,Vivien Leigh,True
ACTRESS IN A LEADING ROLE,Detective Story,Eleanor Parker,True
ACTRESS IN A LEADING ROLE,A Place in the Sun,Shelley Winters,True
ACTRESS IN A LEADING ROLE,The Blue Veil,Jane Wyman,True
ACTRESS IN A SUPPORTING ROLE,The Blue Veil,Joan Blondell,True
ACTRESS IN A SUPPORTING ROLE,Death of a Salesman,Mildred Dunnock,True
ACTRESS IN A SUPPORTING ROLE,Detective Story,Lee Grant,True
ACTRESS IN A SUPPORTING ROLE,A Streetcar Named Desire,Kim Hunter,True
ACTRESS IN A SUPPORTING ROLE,The Mating Season,Thelma Ritter,True
ART DIRECTION (Black-and-White),Fourteen Hours,"Art Direction: Lyle Wheeler, Leland Fuller; Set Decoration: Thomas Little, Fred J. Rode",True
ART DIRECTION (Black-and-White),House on Telegraph Hill,"Art Direction: Lyle Wheeler, John DeCuir; Set Decoration: Thomas Little, Paul S. Fox",True
ART DIRECTION (Black-and-White),La Ronde,D'Eaubonne,True
ART DIRECTION (Black-and-White),A Streetcar Named Desire,Art Direction: Richard Day; Set Decoration: George James Hopkins,True
ART DIRECTION (Black-and-White),Too Young to Kiss,"Art Direction: Cedric Gibbons, Paul Groesse; Set Decoration: Edwin B. Willis, Jack D. Moore",True
ART DIRECTION (Color),An American in Paris,"Art Direction: Cedric Gibbons, Preston Ames; Set Decoration: Edwin B. Willis, Keogh Gleason",True
ART DIRECTION (Color),David and Bathsheba,"Art Direction: Lyle Wheeler, George Davis; Set Decoration: Thomas Little, Paul S. Fox",True
ART DIRECTION (Color),On the Riviera,"Art Direction: Lyle Wheeler, Leland Fuller; Musical Settings: Joseph C. Wright; Set Decoration: Thomas Little, Walter M. Scott",True
ART DIRECTION (Color),Quo Vadis,"Art Direction: William A. Horning, Cedric Gibbons, Edward Carfagno; Set Decoration: Hugh Hunt",True
ART DIRECTION (Color),Tales of Hoffmann,Hein Heckroth,True
CINEMATOGRAPHY (Black-and-White),Death of a Salesman,Frank Planer,True
CINEMATOGRAPHY (Black-and-White),The Frogmen,Norbert Brodine,True
CINEMATOGRAPHY (Black-and-White),A Place in the Sun,William C. Mellor,True
CINEMATOGRAPHY (Black-and-White),Strangers on a Train,Robert Burks,True
CINEMATOGRAPHY (Black-and-White),A Streetcar Named Desire,Harry Stradling,True
CINEMATOGRAPHY (Color),An American in Paris,Alfred Gilks; Ballet Photography by John Alton,True
CINEMATOGRAPHY (Color),David and Bathsheba,Leon Shamroy,True
CINEMATOGRAPHY (Color),Quo Vadis,"Robert Surtees, William V. Skall",True
CINEMATOGRAPHY (Color),Show Boat,Charles Rosher,True
CINEMATOGRAPHY (Color),When Worlds Collide,"John F. Seitz, W. Howard Greene",True
COSTUME DESIGN (Black-and-White),Kind Lady,"Walter Plunkett, Gile Steele",True
COSTUME DESIGN (Black-and-White),The Model and the Marriage Broker,"Charles LeMaire, Renie",True
COSTUME DESIGN (Black-and-White),The Mudlark,"Edward Stevenson, Margaret Furse",True
COSTUME DESIGN (Black-and-White),A Place in the Sun,Edith Head,True
COSTUME DESIGN (Black-and-White),A Streetcar Named Desire,Lucinda Ballard,True
COSTUME DESIGN (Color),An American in Paris,"Orry-Kelly, Walter Plunkett, Irene Sharaff",True
COSTUME DESIGN (Color),David and Bathsheba,"Charles LeMaire, Edward Stevenson",True
COSTUME DESIGN (Color),The Great Caruso,"Helen Rose, Gile Steele",True
COSTUME DESIGN (Color),Quo Vadis,Herschel McCoy,True
COSTUME DESIGN (Color),Tales of Hoffmann,Hein Heckroth,True
DIRECTING,The African Queen,John Huston,True
DIRECTING,An American in Paris,Vincente Minnelli,True
DIRECTING,Detective Story,William Wyler,True
DIRECTING,A Place in the Sun,George Stevens,True
DIRECTING,A Streetcar Named Desire,Elia Kazan,True
DOCUMENTARY (Feature),I Was a Communist for the F.B.I.,"Bryan Foy, Producer",True
DOCUMENTARY (Feature),Kon-Tiki,"Olle Nordemar, Producer",True
DOCUMENTARY (Short Subject),Benjy,'Made by Fred Zinnemann with the cooperation of Paramount Pictures Corporation for the Los Angeles Orthopaedic Hospital',True
DOCUMENTARY (Short Subject),One Who Came Back,"Owen Crump, Producer. (Film sponsored by the Disabled American Veterans, in cooperation with the United States Department of Defense and the Association of Motion Picture Producers)",True
DOCUMENTARY (Short Subject),The Seeing Eye,"Gordon Hollingshead, Producer",True
FILM EDITING,An American in Paris,Adrienne Fazan,True
FILM EDITING,Decision before Dawn,Dorothy Spencer,True
FILM EDITING,A Place in the Sun,William Hornbeck,True
FILM EDITING,Quo Vadis,Ralph E. Winters,True
FILM EDITING,The Well,Chester Schaeffer,True
MUSIC (Original Score),David and Bathsheba,Alfred Newman,True
MUSIC (Original Score),Death of a Salesman,Alex North,True
MUSIC (Original Score),A Place in the Sun,Franz Waxman,True
MUSIC (Original Score),Quo Vadis,Miklos Rozsa,True
MUSIC (Original Score),A Streetcar Named Desire,Alex North,True
MUSIC (Original Song Score or Adaptation Score),Alice in Wonderland,Oliver Wallace,True
MUSIC (Original Song Score or Adaptation Score),An American in Paris,"Johnny Green, Saul Chaplin",True
MUSIC (Original Song Score or Adaptation Score),The Great Caruso,"Peter Herman Adler, Johnny Green",True
MUSIC (Original Song Score or Adaptation Score),On the Riviera,Alfred Newman,True
MUSIC (Original Song Score or Adaptation Score),Show Boat,"Adolph Deutsch, Conrad Salinger",True
MUSIC (Original Song),Here Comes the Groom,Music by Hoagy Carmichael; Lyrics by Johnny Mercer,True
MUSIC (Original Song),The Strip,"Music and Lyrics by Bert Kalmar, Harry Ruby and Oscar Hammerstein II",True
MUSIC (Original Song),Golden Girl,Music by Lionel Newman; Lyrics by Eliot Daniel,True
MUSIC (Original Song),Royal Wedding,Music by Burton Lane; Lyrics by Alan Jay Lerner,True
MUSIC (Original Song),"Rich, Young and Pretty",Music by Nicholas Brodszky; Lyrics by Sammy Cahn,True
BEST PICTURE,An American in Paris,"Arthur Freed, Producer",True
BEST PICTURE,Decision before Dawn,"Anatole Litvak and Frank McCarthy, Producers",True
BEST PICTURE,A Place in the Sun,"George Stevens, Producer",True
BEST PICTURE,Quo Vadis,"Sam Zimbalist, Producer",True
BEST PICTURE,A Streetcar Named Desire,"Charles K. Feldman, Producer",True
SHORT FILM (Animated),"Lambert, the Sheepish Lion","Walt Disney, Producer",True
SHORT FILM (Animated),Rooty Toot Toot,"Stephen Bosustow, Producer",True
SHORT FILM (Animated),The Two Mouseketeers,"Fred Quimby, Producer",True
SHORT SUBJECT (One-reel),Ridin' the Rails,"Jack Eaton, Producer",True
SHORT SUBJECT (One-reel),The Story of Time,"Robert G. Leffingwell, Producer",True
SHORT SUBJECT (One-reel),World of Kids,"Robert Youngson, Producer",True
SHORT SUBJECT (Two-reel),Balzac,Les Films du Compass,True
SHORT SUBJECT (Two-reel),Danger under the Sea,"Tom Mead, Producer",True
SHORT SUBJECT (Two-reel),Nature's Half Acre,"Walt Disney, Producer",True
SOUND RECORDING,Bright Victory,"Universal-International Studio Sound Department, Leslie I. Carey, Sound Director",True
SOUND RECORDING,The Great Caruso,"Metro-Goldwyn-Mayer Studio Sound Department, Douglas Shearer, Sound Director",True
SOUND RECORDING,I Want You,"Samuel Goldwyn Studio Sound Department, Gordon Sawyer, Sound Director",True
SOUND RECORDING,A Streetcar Named Desire,"Warner Bros. Studio Sound Department, Col. Nathan Levinson, Sound Director",True
SOUND RECORDING,Two Tickets to Broadway,"RKO Radio Studio Sound Department, John O. Aalberg, Sound Director",True
VISUAL EFFECTS,When Worlds Collide,Paramount,True
WRITING (Original Story),Bullfighter and the Lady,"Budd Boetticher, Ray Nazarro",True
WRITING (Original Story),The Frogmen,Oscar Millard,True
WRITING (Original Story),Here Comes the Groom,"Robert Riskin, Liam O'Brien",True
WRITING (Original Story),Seven Days to Noon,"Paul Dehn, James Bernard",True
WRITING (Original Story),Teresa,"Alfred Hayes, Stewart Stern",True
WRITING (Adapted Screenplay),The African Queen,"James Agee, John Huston",True
WRITING (Adapted Screenplay),Detective Story,"Philip Yordan, Robert Wyler",True
WRITING (Adapted Screenplay),La Ronde,"Max Ophuls, Jacques Natanson",True
WRITING (Adapted Screenplay),A Place in the Sun,"Michael Wilson, Harry Brown",True
WRITING (Adapted Screenplay),A Streetcar Named Desire,Tennessee Williams,True
WRITING (Original Screenplay),An American in Paris,Alan Jay Lerner,True
WRITING (Original Screenplay),The Big Carnival,"Billy Wilder, Lesser Samuels, Walter Newman",True
WRITING (Original Screenplay),David and Bathsheba,Philip Dunne,True
WRITING (Original Screenplay),Go for Broke!,Robert Pirosh,True
WRITING (Original Screenplay),The Well,"Clarence Greene, Russell Rouse",True
INTERNATIONAL FEATURE FILM,Rashomon,nan,True
ACTOR IN A LEADING ROLE,Viva Zapata!,Marlon Brando,True
ACTOR IN A LEADING ROLE,High Noon,Gary Cooper,True
ACTOR IN A LEADING ROLE,The Bad and the Beautiful,Kirk Douglas,True
ACTOR IN A LEADING ROLE,Moulin Rouge,José Ferrer,True
ACTOR IN A LEADING ROLE,The Lavender Hill Mob,Alec Guinness,True
ACTOR IN A SUPPORTING ROLE,My Cousin Rachel,Richard Burton,True
ACTOR IN A SUPPORTING ROLE,The Big Sky,Arthur Hunnicutt,True
ACTOR IN A SUPPORTING ROLE,The Quiet Man,Victor McLaglen,True
ACTOR IN A SUPPORTING ROLE,Sudden Fear,Jack Palance,True
ACTOR IN A SUPPORTING ROLE,Viva Zapata!,Anthony Quinn,True
ACTRESS IN A LEADING ROLE,"Come Back, Little Sheba",Shirley Booth,True
ACTRESS IN A LEADING ROLE,Sudden Fear,Joan Crawford,True
ACTRESS IN A LEADING ROLE,The Star,Bette Davis,True
ACTRESS IN A LEADING ROLE,The Member of the Wedding,Julie Harris,True
ACTRESS IN A LEADING ROLE,With a Song in My Heart,Susan Hayward,True
ACTRESS IN A SUPPORTING ROLE,The Bad and the Beautiful,Gloria Grahame,True
ACTRESS IN A SUPPORTING ROLE,Singin' in the Rain,Jean Hagen,True
ACTRESS IN A SUPPORTING ROLE,Moulin Rouge,Colette Marchand,True
ACTRESS IN A SUPPORTING ROLE,"Come Back, Little Sheba",Terry Moore,True
ACTRESS IN A SUPPORTING ROLE,With a Song in My Heart,Thelma Ritter,True
ART DIRECTION (Black-and-White),The Bad and the Beautiful,"Art Direction: Cedric Gibbons, Edward Carfagno; Set Decoration: Edwin B. Willis, Keogh Gleason",True
ART DIRECTION (Black-and-White),Carrie,"Art Direction: Hal Pereira, Roland Anderson; Set Decoration: Emile Kuri",True
ART DIRECTION (Black-and-White),My Cousin Rachel,"Art Direction: Lyle Wheeler, John DeCuir; Set Decoration: Walter M. Scott",True
ART DIRECTION (Black-and-White),Rashomon,Art Direction: Matsuyama; Set Decoration: H. Motsumoto,True
ART DIRECTION (Black-and-White),Viva Zapata!,"Art Direction: Lyle Wheeler, Leland Fuller; Set Decoration: Thomas Little, Claude Carpenter",True
ART DIRECTION (Color),Hans Christian Andersen,"Art Direction: Richard Day, Clave; Set Decoration: Howard Bristol",True
ART DIRECTION (Color),The Merry Widow,"Art Direction: Cedric Gibbons, Paul Groesse; Set Decoration: Edwin B. Willis, Arthur Krams",True
ART DIRECTION (Color),Moulin Rouge,Art Direction: Paul Sheriff; Set Decoration: Marcel Vertes,True
ART DIRECTION (Color),The Quiet Man,"Art Direction: Frank Hotaling; Set Decoration: John McCarthy, Jr., Charles Thompson",True
ART DIRECTION (Color),The Snows of Kilimanjaro,"Art Direction: Lyle Wheeler, John DeCuir; Set Decoration: Thomas Little, Paul S. Fox",True
CINEMATOGRAPHY (Black-and-White),The Bad and the Beautiful,Robert Surtees,True
CINEMATOGRAPHY (Black-and-White),The Big Sky,Russell Harlan,True
CINEMATOGRAPHY (Black-and-White),My Cousin Rachel,Joseph LaShelle,True
CINEMATOGRAPHY (Black-and-White),Navajo,Virgil E. Miller,True
CINEMATOGRAPHY (Black-and-White),Sudden Fear,"Charles B. Lang, Jr.",True
CINEMATOGRAPHY (Color),Hans Christian Andersen,Harry Stradling,True
CINEMATOGRAPHY (Color),Ivanhoe,F. A. Young,True
CINEMATOGRAPHY (Color),Million Dollar Mermaid,George J. Folsey,True
CINEMATOGRAPHY (Color),The Quiet Man,"Winton C. Hoch, Archie Stout",True
CINEMATOGRAPHY (Color),The Snows of Kilimanjaro,Leon Shamroy,True
COSTUME DESIGN (Black-and-White),Affair in Trinidad,Jean Louis,True
COSTUME DESIGN (Black-and-White),The Bad and the Beautiful,Helen Rose,True
COSTUME DESIGN (Black-and-White),Carrie,Edith Head,True
COSTUME DESIGN (Black-and-White),My Cousin Rachel,"Charles LeMaire, Dorothy Jeakins",True
COSTUME DESIGN (Black-and-White),Sudden Fear,Sheila O'Brien,True
COSTUME DESIGN (Color),The Greatest Show on Earth,"Edith Head, Dorothy Jeakins, Miles White",True
COSTUME DESIGN (Color),Hans Christian Andersen,"Clave, Mary Wills, Madame Karinska",True
COSTUME DESIGN (Color),The Merry Widow,"Helen Rose, Gile Steele",True
COSTUME DESIGN (Color),Moulin Rouge,Marcel Vertes,True
COSTUME DESIGN (Color),With a Song in My Heart,Charles LeMaire,True
DIRECTING,Five Fingers,Joseph L. Mankiewicz,True
DIRECTING,The Greatest Show on Earth,Cecil B. DeMille,True
DIRECTING,High Noon,Fred Zinnemann,True
DIRECTING,Moulin Rouge,John Huston,True
DIRECTING,The Quiet Man,John Ford,True
DOCUMENTARY (Feature),The Hoaxters,"Dore Schary, Producer",True
DOCUMENTARY (Feature),Navajo,"Hall Bartlett, Producer",True
DOCUMENTARY (Feature),The Sea around Us,"Irwin Allen, Producer",True
DOCUMENTARY (Short Subject),Devil Take Us,"Herbert Morgan, Producer",True
DOCUMENTARY (Short Subject),The Garden Spider (Epeira Diadema),"Alberto Ancilotto, Producer",True
DOCUMENTARY (Short Subject),Man Alive!,"Stephen Bosustow, Executive Producer",True
DOCUMENTARY (Short Subject),Neighbours,"Norman McLaren, Producer",True
FILM EDITING,"Come Back, Little Sheba",Warren Low,True
FILM EDITING,Flat Top,William Austin,True
FILM EDITING,The Greatest Show on Earth,Anne Bauchens,True
FILM EDITING,High Noon,"Elmo Williams, Harry Gerstad",True
FILM EDITING,Moulin Rouge,Ralph Kemplen,True
MUSIC (Original Score),High Noon,Dimitri Tiomkin,True
MUSIC (Original Score),Ivanhoe,Miklos Rozsa,True
MUSIC (Original Score),Miracle of Fatima,Max Steiner,True
MUSIC (Original Score),The Thief,Herschel Burke Gilbert,True
MUSIC (Original Score),Viva Zapata!,Alex North,True
MUSIC (Original Song Score or Adaptation Score),Hans Christian Andersen,Walter Scharf,True
MUSIC (Original Song Score or Adaptation Score),The Jazz Singer,"Ray Heindorf, Max Steiner",True
MUSIC (Original Song Score or Adaptation Score),The Medium,Gian-Carlo Menotti,True
MUSIC (Original Song Score or Adaptation Score),Singin' in the Rain,Lennie Hayton,True
MUSIC (Original Song Score or Adaptation Score),With a Song in My Heart,Alfred Newman,True
MUSIC (Original Song),Son of Paleface,Music and Lyrics by Jack Brooks,True
MUSIC (Original Song),Because You're Mine,Music by Nicholas Brodszky; Lyrics by Sammy Cahn,True
MUSIC (Original Song),High Noon,Music by Dimitri Tiomkin; Lyrics by Ned Washington,True
MUSIC (Original Song),Hans Christian Andersen,Music and Lyrics by Frank Loesser,True
MUSIC (Original Song),Just for You,Music by Harry Warren; Lyrics by Leo Robin,True
BEST PICTURE,The Greatest Show on Earth,"Cecil B. DeMille, Producer",True
BEST PICTURE,High Noon,"Stanley Kramer, Producer",True
BEST PICTURE,Ivanhoe,"Pandro S. Berman, Producer",True
BEST PICTURE,Moulin Rouge,Romulus Films,True
BEST PICTURE,The Quiet Man,"John Ford and Merian C. Cooper, Producers",True
SHORT FILM (Animated),Johann Mouse,"Fred Quimby, Producer",True
SHORT FILM (Animated),Little Johnny Jet,"Fred Quimby, Producer",True
SHORT FILM (Animated),Madeline,"Stephen Bosustow, Executive Producer",True
SHORT FILM (Animated),Pink and Blue Blues,"Stephen Bosustow, Executive Producer",True
SHORT FILM (Animated),Romance of Transportation,"Tom Daly, Producer",True
SHORT SUBJECT (One-reel),Athletes of the Saddle,"Jack Eaton, Producer",True
SHORT SUBJECT (One-reel),Desert Killer,"Gordon Hollingshead, Producer",True
SHORT SUBJECT (One-reel),Light in the Window: The Art of Vermeer,"Boris Vermont, Producer",True
SHORT SUBJECT (One-reel),Neighbours,"Norman McLaren, Producer",True
SHORT SUBJECT (One-reel),Royal Scotland,Crown Film Unit,True
SHORT SUBJECT (Two-reel),Bridge of Time,London Film Production,True
SHORT SUBJECT (Two-reel),Devil Take Us,"Herbert Morgan, Producer",True
SHORT SUBJECT (Two-reel),Thar She Blows!,"Gordon Hollingshead, Producer",True
SHORT SUBJECT (Two-reel),Water Birds,"Walt Disney, Producer",True
SOUND RECORDING,Breaking the Sound Barrier,London Film Sound Department,True
SOUND RECORDING,Hans Christian Andersen,"Samuel Goldwyn Studio Sound Department, Gordon Sawyer, Sound Director",True
SOUND RECORDING,The Promoter,Pinewood Studios Sound Department,True
SOUND RECORDING,The Quiet Man,"Republic Studio Sound Department, Daniel J. Bloomberg, Sound Director",True
SOUND RECORDING,With a Song in My Heart,"20th Century-Fox Studio Sound Department, Thomas T. Moulton, Sound Director",True
VISUAL EFFECTS,Plymouth Adventure,Metro-Goldwyn-Mayer,True
WRITING (Original Story),The Greatest Show on Earth,"Fredric M. Frank, Theodore St. John, Frank Cavett",True
WRITING (Original Story),My Son John,Leo McCarey,True
WRITING (Original Story),The Narrow Margin,"Martin Goldsmith, Jack Leonard",True
WRITING (Original Story),The Pride of St. Louis,Guy Trosper,True
WRITING (Original Story),The Sniper,"Edna Anhalt, Edward Anhalt",True
WRITING (Adapted Screenplay),The Bad and the Beautiful,Charles Schnee,True
WRITING (Adapted Screenplay),Five Fingers,Michael Wilson,True
WRITING (Adapted Screenplay),High Noon,Carl Foreman,True
WRITING (Adapted Screenplay),The Man in the White Suit,"Roger MacDougall, John Dighton, Alexander Mackendrick",True
WRITING (Adapted Screenplay),The Quiet Man,Frank S. Nugent,True
WRITING (Original Screenplay),The Atomic City,Sydney Boehm,True
WRITING (Original Screenplay),Breaking the Sound Barrier,Terence Rattigan,True
WRITING (Original Screenplay),The Lavender Hill Mob,T. E. B. Clarke,True
WRITING (Original Screenplay),Pat and Mike,"Ruth Gordon, Garson Kanin",True
WRITING (Original Screenplay),Viva Zapata!,John Steinbeck,True
INTERNATIONAL FEATURE FILM,Forbidden Games,nan,True
ACTOR IN A LEADING ROLE,Julius Caesar,Marlon Brando,True
ACTOR IN A LEADING ROLE,The Robe,Richard Burton,True
ACTOR IN A LEADING ROLE,From Here to Eternity,Montgomery Clift,True
ACTOR IN A LEADING ROLE,Stalag 17,William Holden,True
ACTOR IN A LEADING ROLE,From Here to Eternity,Burt Lancaster,True
ACTOR IN A SUPPORTING ROLE,Roman Holiday,Eddie Albert,True
ACTOR IN A SUPPORTING ROLE,Shane,Brandon De Wilde,True
ACTOR IN A SUPPORTING ROLE,Shane,Jack Palance,True
ACTOR IN A SUPPORTING ROLE,From Here to Eternity,Frank Sinatra,True
ACTOR IN A SUPPORTING ROLE,Stalag 17,Robert Strauss,True
ACTRESS IN A LEADING ROLE,Lili,Leslie Caron,True
ACTRESS IN A LEADING ROLE,Mogambo,Ava Gardner,True
ACTRESS IN A LEADING ROLE,Roman Holiday,Audrey Hepburn,True
ACTRESS IN A LEADING ROLE,From Here to Eternity,Deborah Kerr,True
ACTRESS IN A LEADING ROLE,The Moon Is Blue,Maggie McNamara,True
ACTRESS IN A SUPPORTING ROLE,Mogambo,Grace Kelly,True
ACTRESS IN A SUPPORTING ROLE,Hondo,Geraldine Page,True
ACTRESS IN A SUPPORTING ROLE,Torch Song,Marjorie Rambeau,True
ACTRESS IN A SUPPORTING ROLE,From Here to Eternity,Donna Reed,True
ACTRESS IN A SUPPORTING ROLE,Pickup on South Street,Thelma Ritter,True
ART DIRECTION (Black-and-White),Julius Caesar,"Art Direction: Cedric Gibbons, Edward Carfagno; Set Decoration: Edwin B. Willis, Hugh Hunt",True
ART DIRECTION (Black-and-White),Martin Luther,"Art Direction: Fritz Maurischat, Paul Markwitz",True
ART DIRECTION (Black-and-White),The President's Lady,"Art Direction: Lyle Wheeler, Leland Fuller; Set Decoration: Paul S. Fox",True
ART DIRECTION (Black-and-White),Roman Holiday,"Art Direction: Hal Pereira, Walter Tyler",True
ART DIRECTION (Black-and-White),Titanic,"Art Direction: Lyle Wheeler, Maurice Ransford; Set Decoration: Stuart Reiss",True
ART DIRECTION (Color),Knights of the Round Table,"Art Direction: Alfred Junge, Hans Peters; Set Decoration: John Jarvis",True
ART DIRECTION (Color),Lili,"Art Direction: Cedric Gibbons, Paul Groesse; Set Decoration: Edwin B. Willis, Arthur Krams",True
ART DIRECTION (Color),The Robe,"Art Direction: Lyle Wheeler, George W. Davis; Set Decoration: Walter M. Scott, Paul S. Fox",True
ART DIRECTION (Color),The Story of Three Loves,"Art Direction: Cedric Gibbons, Preston Ames, Edward Carfagno, Gabriel Scognamillo; Set Decoration: Edwin B. Willis, Keogh Gleason, Arthur Krams, Jack D. Moore",True
ART DIRECTION (Color),Young Bess,"Art Direction: Cedric Gibbons, Urie McCleary; Set Decoration: Edwin B. Willis, Jack D. Moore",True
CINEMATOGRAPHY (Black-and-White),The Four Poster,Hal Mohr,True
CINEMATOGRAPHY (Black-and-White),From Here to Eternity,Burnett Guffey,True
CINEMATOGRAPHY (Black-and-White),Julius Caesar,Joseph Ruttenberg,True
CINEMATOGRAPHY (Black-and-White),Martin Luther,Joseph C. Brun,True
CINEMATOGRAPHY (Black-and-White),Roman Holiday,"Frank Planer, Henri Alekan",True
CINEMATOGRAPHY (Color),All the Brothers Were Valiant,George Folsey,True
CINEMATOGRAPHY (Color),Beneath the 12-Mile Reef,Edward Cronjager,True
CINEMATOGRAPHY (Color),Lili,Robert Planck,True
CINEMATOGRAPHY (Color),The Robe,Leon Shamroy,True
CINEMATOGRAPHY (Color),Shane,Loyal Griggs,True
COSTUME DESIGN (Black-and-White),The Actress,Walter Plunkett,True
COSTUME DESIGN (Black-and-White),Dream Wife,"Helen Rose, Herschel McCoy",True
COSTUME DESIGN (Black-and-White),From Here to Eternity,Jean Louis,True
COSTUME DESIGN (Black-and-White),The President's Lady,"Charles LeMaire, Renie",True
COSTUME DESIGN (Black-and-White),Roman Holiday,Edith Head,True
COSTUME DESIGN (Color),The Band Wagon,Mary Ann Nyberg,True
COSTUME DESIGN (Color),Call Me Madam,Irene Sharaff,True
COSTUME DESIGN (Color),How to Marry a Millionaire,"Charles LeMaire, Travilla",True
COSTUME DESIGN (Color),The Robe,"Charles LeMaire, Emile Santiago",True
COSTUME DESIGN (Color),Young Bess,Walter Plunkett,True
DIRECTING,From Here to Eternity,Fred Zinnemann,True
DIRECTING,Lili,Charles Walters,True
DIRECTING,Roman Holiday,William Wyler,True
DIRECTING,Shane,George Stevens,True
DIRECTING,Stalag 17,Billy Wilder,True
DOCUMENTARY (Feature),The Conquest of Everest,"John Taylor, Leon Clore and Grahame Tharp, Producers",True
DOCUMENTARY (Feature),The Living Desert,"Walt Disney, Producer",True
DOCUMENTARY (Feature),A Queen Is Crowned,"Castleton Knight, Producer",True
DOCUMENTARY (Short Subject),The Alaskan Eskimo,"Walt Disney, Producer",True
DOCUMENTARY (Short Subject),The Living City,"John Barnes, Producer",True
DOCUMENTARY (Short Subject),Operation Blue Jay,United States Army Signal Corps,True
DOCUMENTARY (Short Subject),They Planted a Stone,"James Carr, Producer",True
DOCUMENTARY (Short Subject),The Word,"John Healy and John Adams, Producers",True
FILM EDITING,Crazylegs,Irvine (Cotton) Warburton,True
FILM EDITING,From Here to Eternity,William Lyon,True
FILM EDITING,The Moon Is Blue,Otto Ludwig,True
FILM EDITING,Roman Holiday,Robert Swink,True
FILM EDITING,The War of the Worlds,Everett Douglas,True
MUSIC (Original Score),Above and Beyond,Hugo Friedhofer,True
MUSIC (Original Score),From Here to Eternity,"Morris Stoloff, George Duning",True
MUSIC (Original Score),Julius Caesar,Miklos Rozsa,True
MUSIC (Original Score),Lili,Bronislau Kaper,True
MUSIC (Original Score),This Is Cinerama,Louis Forbes,True
MUSIC (Original Song Score or Adaptation Score),The Band Wagon,Adolph Deutsch,True
MUSIC (Original Song Score or Adaptation Score),Calamity Jane,Ray Heindorf,True
MUSIC (Original Song Score or Adaptation Score),Call Me Madam,Alfred Newman,True
MUSIC (Original Song Score or Adaptation Score),"The 5,000 Fingers of Dr. T","Frederick Hollander, Morris Stoloff",True
MUSIC (Original Song Score or Adaptation Score),Kiss Me Kate,"Andre Previn, Saul Chaplin",True
MUSIC (Original Song),The Moon Is Blue,Music by Herschel Burke Gilbert; Lyrics by Sylvia Fine,True
MUSIC (Original Song),Small Town Girl,Music by Nicholas Brodszky; Lyrics by Leo Robin,True
MUSIC (Original Song),Miss Sadie Thompson,Music by Lester Lee; Lyrics by Ned Washington,True
MUSIC (Original Song),Calamity Jane,Music by Sammy Fain; Lyrics by Paul Francis Webster,True
MUSIC (Original Song),The Caddy,Music by Harry Warren; Lyrics by Jack Brooks,True
BEST PICTURE,From Here to Eternity,"Buddy Adler, Producer",True
BEST PICTURE,Julius Caesar,"John Houseman, Producer",True
BEST PICTURE,The Robe,"Frank Ross, Producer",True
BEST PICTURE,Roman Holiday,"William Wyler, Producer",True
BEST PICTURE,Shane,"George Stevens, Producer",True
SHORT FILM (Animated),Christopher Crumpet,"Stephen Bosustow, Producer",True
SHORT FILM (Animated),From A to Z-Z-Z-Z,"Edward Selzer, Producer",True
SHORT FILM (Animated),Rugged Bear,"Walt Disney, Producer",True
SHORT FILM (Animated),The Tell Tale Heart,"Stephen Bosustow, Producer",True
SHORT FILM (Animated),"Toot, Whistle, Plunk and Boom","Walt Disney, Producer",True
SHORT SUBJECT (One-reel),Christ among the Primitives,"Vincenzo Lucci-Chiarissi, Producer",True
SHORT SUBJECT (One-reel),Herring Hunt,National Film Board of Canada,True
SHORT SUBJECT (One-reel),Joy of Living,"Boris Vermont, Producer",True
SHORT SUBJECT (One-reel),The Merry Wives of Windsor Overture,"Johnny Green, Producer",True
SHORT SUBJECT (One-reel),Wee Water Wonders,"Jack Eaton, Producer",True
SHORT SUBJECT (Two-reel),Bear Country,"Walt Disney, Producer",True
SHORT SUBJECT (Two-reel),Ben and Me,"Walt Disney, Producer",True
SHORT SUBJECT (Two-reel),Return to Glennascaul,Dublin Gate Theatre Productions,True
SHORT SUBJECT (Two-reel),Vesuvius Express,"Otto Lang, Producer",True
SHORT SUBJECT (Two-reel),Winter Paradise,"Cedric Francis, Producer",True
SOUND RECORDING,Calamity Jane,"Warner Bros. Studio Sound Department, William A. Mueller, Sound Director",True
SOUND RECORDING,From Here to Eternity,"Columbia Studio Sound Department, John P. Livadary, Sound Director",True
SOUND RECORDING,Knights of the Round Table,"Metro-Goldwyn-Mayer Studio Sound Department, A. W. Watkins, Sound Director",True
SOUND RECORDING,The Mississippi Gambler,"Universal-International Studio Sound Department, Leslie I. Carey, Sound Director",True
SOUND RECORDING,The War of the Worlds,"Paramount Studio Sound Department, Loren L. Ryder, Sound Director",True
VISUAL EFFECTS,The War of the Worlds,Paramount Studio,True
WRITING (Original Story),Above and Beyond,"Beirne Lay, Jr.",True
WRITING (Original Story),The Captain's Paradise,Alec Coppel,True
WRITING (Original Story),Hondo,Louis L'Amour,True
WRITING (Original Story),Little Fugitive,"Ray Ashley, Morris Engel, Ruth Orkin",True
WRITING (Original Story),Roman Holiday,Dalton Trumbo,True
WRITING (Adapted Screenplay),The Cruel Sea,Eric Ambler,True
WRITING (Adapted Screenplay),From Here to Eternity,Daniel Taradash,True
WRITING (Adapted Screenplay),Lili,Helen Deutsch,True
WRITING (Adapted Screenplay),Roman Holiday,"Ian McLellan Hunter, John Dighton",True
WRITING (Adapted Screenplay),Shane,"A. B. Guthrie, Jr.",True
WRITING (Original Screenplay),The Band Wagon,"Betty Comden, Adolph Green",True
WRITING (Original Screenplay),The Desert Rats,Richard Murphy,True
WRITING (Original Screenplay),The Naked Spur,"Sam Rolfe, Harold Jack Bloom",True
WRITING (Original Screenplay),Take the High Ground,Millard Kaufman,True
WRITING (Original Screenplay),Titanic,"Charles Brackett, Walter Reisch, Richard Breen",True
ACTOR IN A LEADING ROLE,The Caine Mutiny,Humphrey Bogart,True
ACTOR IN A LEADING ROLE,On the Waterfront,Marlon Brando,True
ACTOR IN A LEADING ROLE,The Country Girl,Bing Crosby,True
ACTOR IN A LEADING ROLE,A Star Is Born,James Mason,True
ACTOR IN A LEADING ROLE,Adventures of Robinson Crusoe,Dan O'Herlihy,True
ACTOR IN A SUPPORTING ROLE,On the Waterfront,Lee J. Cobb,True
ACTOR IN A SUPPORTING ROLE,On the Waterfront,Karl Malden,True
ACTOR IN A SUPPORTING ROLE,The Barefoot Contessa,Edmond O'Brien,True
ACTOR IN A SUPPORTING ROLE,On the Waterfront,Rod Steiger,True
ACTOR IN A SUPPORTING ROLE,The Caine Mutiny,Tom Tully,True
ACTRESS IN A LEADING ROLE,Carmen Jones,Dorothy Dandridge,True
ACTRESS IN A LEADING ROLE,A Star Is Born,Judy Garland,True
ACTRESS IN A LEADING ROLE,Sabrina,Audrey Hepburn,True
ACTRESS IN A LEADING ROLE,The Country Girl,Grace Kelly,True
ACTRESS IN A LEADING ROLE,Magnificent Obsession,Jane Wyman,True
ACTRESS IN A SUPPORTING ROLE,Executive Suite,Nina Foch,True
ACTRESS IN A SUPPORTING ROLE,Broken Lance,Katy Jurado,True
ACTRESS IN A SUPPORTING ROLE,On the Waterfront,Eva Marie Saint,True
ACTRESS IN A SUPPORTING ROLE,The High and the Mighty,Jan Sterling,True
ACTRESS IN A SUPPORTING ROLE,The High and the Mighty,Claire Trevor,True
ART DIRECTION (Black-and-White),The Country Girl,"Art Direction: Hal Pereira, Roland Anderson; Set Decoration: Sam Comer, Grace Gregory",True
ART DIRECTION (Black-and-White),Executive Suite,"Art Direction: Cedric Gibbons, Edward Carfagno; Set Decoration: Edwin B. Willis, Emile Kuri",True
ART DIRECTION (Black-and-White),Le Plaisir,Max Ophuls,True
ART DIRECTION (Black-and-White),On the Waterfront,Richard Day,True
ART DIRECTION (Black-and-White),Sabrina,"Art Direction: Hal Pereira, Walter Tyler; Set Decoration: Sam Comer, Ray Moyer",True
ART DIRECTION (Color),Brigadoon,"Art Direction: Cedric Gibbons, Preston Ames; Set Decoration: Edwin B. Willis, Keogh Gleason",True
ART DIRECTION (Color),Desiree,"Art Direction: Lyle Wheeler, Leland Fuller; Set Decoration: Walter M. Scott, Paul S. Fox",True
ART DIRECTION (Color),Red Garters,"Art Direction: Hal Pereira, Roland Anderson; Set Decoration: Sam Comer, Ray Moyer",True
ART DIRECTION (Color),A Star Is Born,"Art Direction: Malcolm Bert, Gene Allen, Irene Sharaff; Set Decoration: George James Hopkins",True
ART DIRECTION (Color),"20,000 Leagues under the Sea",Art Direction: John Meehan; Set Decoration: Emile Kuri,True
CINEMATOGRAPHY (Black-and-White),The Country Girl,John F. Warren,True
CINEMATOGRAPHY (Black-and-White),Executive Suite,George Folsey,True
CINEMATOGRAPHY (Black-and-White),On the Waterfront,Boris Kaufman,True
CINEMATOGRAPHY (Black-and-White),Rogue Cop,John Seitz,True
CINEMATOGRAPHY (Black-and-White),Sabrina,"Charles Lang, Jr.",True
CINEMATOGRAPHY (Color),The Egyptian,Leon Shamroy,True
CINEMATOGRAPHY (Color),Rear Window,Robert Burks,True
CINEMATOGRAPHY (Color),Seven Brides for Seven Brothers,George Folsey,True
CINEMATOGRAPHY (Color),The Silver Chalice,William V. Skall,True
CINEMATOGRAPHY (Color),Three Coins in the Fountain,Milton Krasner,True
COSTUME DESIGN (Black-and-White),The Earrings of Madame de...,"Georges Annenkov, Rosine Delamare",True
COSTUME DESIGN (Black-and-White),Executive Suite,Helen Rose,True
COSTUME DESIGN (Black-and-White),Indiscretion of an American Wife,Christian Dior,True
COSTUME DESIGN (Black-and-White),It Should Happen to You,Jean Louis,True
COSTUME DESIGN (Black-and-White),Sabrina,Edith Head,True
COSTUME DESIGN (Color),Brigadoon,Irene Sharaff,True
COSTUME DESIGN (Color),Desiree,"Charles LeMaire, René Hubert",True
COSTUME DESIGN (Color),Gate of Hell,Sanzo Wada,True
COSTUME DESIGN (Color),A Star Is Born,"Jean Louis, Mary Ann Nyberg, Irene Sharaff",True
COSTUME DESIGN (Color),There's No Business Like Show Business,"Charles LeMaire, Travilla, Miles White",True
DIRECTING,The Country Girl,George Seaton,True
DIRECTING,The High and the Mighty,William Wellman,True
DIRECTING,On the Waterfront,Elia Kazan,True
DIRECTING,Rear Window,Alfred Hitchcock,True
DIRECTING,Sabrina,Billy Wilder,True
DOCUMENTARY (Feature),The Stratford Adventure,"Guy Glover, Producer",True
DOCUMENTARY (Feature),The Vanishing Prairie,"Walt Disney, Producer",True
DOCUMENTARY (Short Subject),Jet Carrier,"Otto Lang, Producer",True
DOCUMENTARY (Short Subject),Rembrandt: A Self-Portrait,"Morrie Roizman, Producer",True
DOCUMENTARY (Short Subject),Thursday's Children,World Wide Pictures and Morse Films,True
FILM EDITING,The Caine Mutiny,"William A. Lyon, Henry Batista",True
FILM EDITING,The High and the Mighty,Ralph Dawson,True
FILM EDITING,On the Waterfront,Gene Milford,True
FILM EDITING,Seven Brides for Seven Brothers,Ralph E. Winters,True
FILM EDITING,"20,000 Leagues under the Sea",Elmo Williams,True
MUSIC (Original Score),The Caine Mutiny,Max Steiner,True
MUSIC (Original Score),Genevieve,Larry Adler,True
MUSIC (Original Score),The High and the Mighty,Dimitri Tiomkin,True
MUSIC (Original Score),On the Waterfront,Leonard Bernstein,True
MUSIC (Original Score),The Silver Chalice,Franz Waxman,True
MUSIC (Original Song Score or Adaptation Score),Carmen Jones,Herschel Burke Gilbert,True
MUSIC (Original Song Score or Adaptation Score),The Glenn Miller Story,"Joseph Gershenson, Henry Mancini",True
MUSIC (Original Song Score or Adaptation Score),Seven Brides for Seven Brothers,"Adolph Deutsch, Saul Chaplin",True
MUSIC (Original Song Score or Adaptation Score),A Star Is Born,Ray Heindorf,True
MUSIC (Original Song Score or Adaptation Score),There's No Business Like Show Business,"Alfred Newman, Lionel Newman",True
MUSIC (Original Song),White Christmas,Music and Lyrics by Irving Berlin,True
MUSIC (Original Song),The High and the Mighty,Music by Dimitri Tiomkin; Lyrics by Ned Washington,True
MUSIC (Original Song),Susan Slept Here,Music and Lyrics by Jack Lawrence and Richard Myers,True
MUSIC (Original Song),A Star Is Born,Music by Harold Arlen; Lyrics by Ira Gershwin,True
MUSIC (Original Song),Three Coins in the Fountain,Music by Jule Styne; Lyrics by Sammy Cahn,True
BEST PICTURE,The Caine Mutiny,"Stanley Kramer, Producer",True
BEST PICTURE,The Country Girl,"William Perlberg, Producer",True
BEST PICTURE,On the Waterfront,"Sam Spiegel, Producer",True
BEST PICTURE,Seven Brides for Seven Brothers,"Jack Cummings, Producer",True
BEST PICTURE,Three Coins in the Fountain,"Sol C. Siegel, Producer",True
SHORT FILM (Animated),Crazy Mixed Up Pup,"Walter Lantz, Producer",True
SHORT FILM (Animated),Pigs Is Pigs,"Walt Disney, Producer",True
SHORT FILM (Animated),Sandy Claws,"Edward Selzer, Producer",True
SHORT FILM (Animated),"Touché, Pussy Cat","Fred Quimby, Producer",True
SHORT FILM (Animated),When Magoo Flew,"Stephen Bosustow, Producer",True
SHORT SUBJECT (One-reel),The First Piano Quartette,"Otto Lang, Producer",True
SHORT SUBJECT (One-reel),The Strauss Fantasy,"Johnny Green, Producer",True
SHORT SUBJECT (One-reel),This Mechanical Age,"Robert Youngson, Producer",True
SHORT SUBJECT (Two-reel),Beauty and the Bull,"Cedric Francis, Producer",True
SHORT SUBJECT (Two-reel),Jet Carrier,"Otto Lang, Producer",True
SHORT SUBJECT (Two-reel),Siam,"Walt Disney, Producer",True
SHORT SUBJECT (Two-reel),A Time Out of War,"Denis Sanders and Terry Sanders, Producers",True
SOUND RECORDING,Brigadoon,"Metro-Goldwyn-Mayer Studio Sound Department, Wesley C. Miller, Sound Director",True
SOUND RECORDING,The Caine Mutiny,"Columbia Studio Sound Department, John P. Livadary, Sound Director",True
SOUND RECORDING,The Glenn Miller Story,"Universal-International Studio Sound Department, Leslie I. Carey, Sound Director",True
SOUND RECORDING,Rear Window,"Paramount Studio Sound Department, Loren L. Ryder, Sound Director",True
SOUND RECORDING,Susan Slept Here,"RKO Radio Studio Sound Department, John O. Aalberg, Sound Director",True
VISUAL EFFECTS,Hell and High Water,20th Century-Fox Studio,True
VISUAL EFFECTS,Them!,Warner Bros. Studio,True
VISUAL EFFECTS,"20,000 Leagues under the Sea",Walt Disney Studios,True
WRITING (Original Story),"Bread, Love and Dreams",Ettore Margadonna,True
WRITING (Original Story),Broken Lance,Philip Yordan,True
WRITING (Original Story),Forbidden Games,François Boyer,True
WRITING (Original Story),Night People,"Jed Harris, Tom Reed",True
WRITING (Original Story),There's No Business Like Show Business,Lamar Trotti,True
WRITING (Adapted Screenplay),The Caine Mutiny,Stanley Roberts,True
WRITING (Adapted Screenplay),The Country Girl,George Seaton,True
WRITING (Adapted Screenplay),Rear Window,John Michael Hayes,True
WRITING (Adapted Screenplay),Sabrina,"Billy Wilder, Samuel Taylor, Ernest Lehman",True
WRITING (Adapted Screenplay),Seven Brides for Seven Brothers,"Albert Hackett, Frances Goodrich, Dorothy Kingsley",True
WRITING (Original Screenplay),The Barefoot Contessa,Joseph L. Mankiewicz,True
WRITING (Original Screenplay),Genevieve,William Rose,True
WRITING (Original Screenplay),The Glenn Miller Story,"Valentine Davies, Oscar Brodney",True
WRITING (Original Screenplay),Knock on Wood,"Norman Panama, Melvin Frank",True
WRITING (Original Screenplay),On the Waterfront,Budd Schulberg,True
INTERNATIONAL FEATURE FILM,Gate of Hell,nan,True
HONORARY AWARD,The Little Kidnappers,nan,True
ACTOR IN A LEADING ROLE,Marty,Ernest Borgnine,True
ACTOR IN A LEADING ROLE,Love Me or Leave Me,James Cagney,True
ACTOR IN A LEADING ROLE,East of Eden,James Dean,True
ACTOR IN A LEADING ROLE,The Man with the Golden Arm,Frank Sinatra,True
ACTOR IN A LEADING ROLE,Bad Day at Black Rock,Spencer Tracy,True
ACTOR IN A SUPPORTING ROLE,Trial,Arthur Kennedy,True
ACTOR IN A SUPPORTING ROLE,Mister Roberts,Jack Lemmon,True
ACTOR IN A SUPPORTING ROLE,Marty,Joe Mantell,True
ACTOR IN A SUPPORTING ROLE,Rebel without a Cause,Sal Mineo,True
ACTOR IN A SUPPORTING ROLE,Picnic,Arthur O'Connell,True
ACTRESS IN A LEADING ROLE,I'll Cry Tomorrow,Susan Hayward,True
ACTRESS IN A LEADING ROLE,Summertime,Katharine Hepburn,True
ACTRESS IN A LEADING ROLE,Love Is a Many-Splendored Thing,Jennifer Jones,True
ACTRESS IN A LEADING ROLE,The Rose Tattoo,Anna Magnani,True
ACTRESS IN A LEADING ROLE,Interrupted Melody,Eleanor Parker,True
ACTRESS IN A SUPPORTING ROLE,Marty,Betsy Blair,True
ACTRESS IN A SUPPORTING ROLE,Pete Kelly's Blues,Peggy Lee,True
ACTRESS IN A SUPPORTING ROLE,The Rose Tattoo,Marisa Pavan,True
ACTRESS IN A SUPPORTING ROLE,East of Eden,Jo Van Fleet,True
ACTRESS IN A SUPPORTING ROLE,Rebel without a Cause,Natalie Wood,True
ART DIRECTION (Black-and-White),Blackboard Jungle,"Art Direction: Cedric Gibbons, Randall Duell; Set Decoration: Edwin B. Willis, Henry Grace",True
ART DIRECTION (Black-and-White),I'll Cry Tomorrow,"Art Direction: Cedric Gibbons, Malcolm Brown; Set Decoration: Edwin B. Willis, Hugh B. Hunt",True
ART DIRECTION (Black-and-White),The Man with the Golden Arm,Art Direction: Joseph C. Wright; Set Decoration: Darrell Silvera,True
ART DIRECTION (Black-and-White),Marty,"Art Direction: Edward S. Haworth, Walter Simonds; Set Decoration: Robert Priestley",True
ART DIRECTION (Black-and-White),The Rose Tattoo,"Art Direction: Hal Pereira, Tambi Larsen; Set Decoration: Sam Comer, Arthur Krams",True
ART DIRECTION (Color),Daddy Long Legs,"Art Direction: Lyle Wheeler, John DeCuir; Set Decoration: Walter M. Scott, Paul S. Fox",True
ART DIRECTION (Color),Guys and Dolls,"Art Direction: Oliver Smith, Joseph C. Wright; Set Decoration: Howard Bristol",True
ART DIRECTION (Color),Love Is a Many-Splendored Thing,"Art Direction: Lyle Wheeler, George W. Davis; Set Decoration: Walter M. Scott, Jack Stubbs",True
ART DIRECTION (Color),Picnic,"Art Direction: William Flannery, Jo Mielziner; Set Decoration: Robert Priestley",True
ART DIRECTION (Color),To Catch a Thief,"Art Direction: Hal Pereira, Joseph McMillan Johnson; Set Decoration: Sam Comer, Arthur Krams",True
CINEMATOGRAPHY (Black-and-White),Blackboard Jungle,Russell Harlan,True
CINEMATOGRAPHY (Black-and-White),I'll Cry Tomorrow,Arthur E. Arling,True
CINEMATOGRAPHY (Black-and-White),Marty,Joseph LaShelle,True
CINEMATOGRAPHY (Black-and-White),Queen Bee,Charles Lang,True
CINEMATOGRAPHY (Black-and-White),The Rose Tattoo,James Wong Howe,True
CINEMATOGRAPHY (Color),Guys and Dolls,Harry Stradling,True
CINEMATOGRAPHY (Color),Love Is a Many-Splendored Thing,Leon Shamroy,True
CINEMATOGRAPHY (Color),A Man Called Peter,Harold Lipstein,True
CINEMATOGRAPHY (Color),Oklahoma!,Robert Surtees,True
CINEMATOGRAPHY (Color),To Catch a Thief,Robert Burks,True
COSTUME DESIGN (Black-and-White),I'll Cry Tomorrow,Helen Rose,True
COSTUME DESIGN (Black-and-White),The Pickwick Papers,Beatrice Dawson,True
COSTUME DESIGN (Black-and-White),Queen Bee,Jean Louis,True
COSTUME DESIGN (Black-and-White),The Rose Tattoo,Edith Head,True
COSTUME DESIGN (Black-and-White),Ugetsu,Tadaoto Kainoscho,True
COSTUME DESIGN (Color),Guys and Dolls,Irene Sharaff,True
COSTUME DESIGN (Color),Interrupted Melody,Helen Rose,True
COSTUME DESIGN (Color),Love Is a Many-Splendored Thing,Charles LeMaire,True
COSTUME DESIGN (Color),To Catch a Thief,Edith Head,True
COSTUME DESIGN (Color),The Virgin Queen,"Charles LeMaire, Mary Wills",True
DIRECTING,Bad Day at Black Rock,John Sturges,True
DIRECTING,East of Eden,Elia Kazan,True
DIRECTING,Marty,Delbert Mann,True
DIRECTING,Picnic,Joshua Logan,True
DIRECTING,Summertime,David Lean,True
DOCUMENTARY (Feature),Heartbreak Ridge,"Rene Risacher, Producer",True
DOCUMENTARY (Feature),Helen Keller in Her Story,"Nancy Hamilton, Producer",True
DOCUMENTARY (Short Subject),The Battle of Gettysburg,"Dore Schary, Producer",True
DOCUMENTARY (Short Subject),The Face of Lincoln,"Wilbur T. Blume, Producer",True
DOCUMENTARY (Short Subject),Men against the Arctic,"Walt Disney, Producer",True
FILM EDITING,Blackboard Jungle,Ferris Webster,True
FILM EDITING,The Bridges at Toko-Ri,Alma Macrorie,True
FILM EDITING,Oklahoma!,"Gene Ruggiero, George Boemler",True
FILM EDITING,Picnic,"Charles Nelson, William A. Lyon",True
FILM EDITING,The Rose Tattoo,Warren Low,True
MUSIC (Original Score),Battle Cry,Max Steiner,True
MUSIC (Original Score),Love Is a Many-Splendored Thing,Alfred Newman,True
MUSIC (Original Score),The Man with the Golden Arm,Elmer Bernstein,True
MUSIC (Original Score),Picnic,George Duning,True
MUSIC (Original Score),The Rose Tattoo,Alex North,True
MUSIC (Original Song Score or Adaptation Score),Daddy Long Legs,Alfred Newman,True
MUSIC (Original Song Score or Adaptation Score),Guys and Dolls,"Jay Blackton, Cyril J. Mockridge",True
MUSIC (Original Song Score or Adaptation Score),It's Always Fair Weather,Andre Previn,True
MUSIC (Original Song Score or Adaptation Score),Love Me or Leave Me,"Percy Faith, George Stoll",True
MUSIC (Original Song Score or Adaptation Score),Oklahoma!,"Robert Russell Bennett, Jay Blackton, Adolph Deutsch",True
MUSIC (Original Song),Love Me or Leave Me,Music by Nicholas Brodszky; Lyrics by Sammy Cahn,True
MUSIC (Original Song),Love Is a Many-Splendored Thing,Music by Sammy Fain; Lyrics by Paul Francis Webster,True
MUSIC (Original Song),Daddy Long Legs,Music and Lyrics by Johnny Mercer,True
MUSIC (Original Song),The Tender Trap,Music by James Van Heusen; Lyrics by Sammy Cahn,True
MUSIC (Original Song),Unchained,Music by Alex North; Lyrics by Hy Zaret,True
BEST PICTURE,Love Is a Many-Splendored Thing,"Buddy Adler, Producer",True
BEST PICTURE,Marty,"Harold Hecht, Producer",True
BEST PICTURE,Mister Roberts,"Leland Hayward, Producer",True
BEST PICTURE,Picnic,"Fred Kohlmar, Producer",True
BEST PICTURE,The Rose Tattoo,"Hal B. Wallis, Producer",True
SHORT FILM (Animated),Good Will to Men,"Fred Quimby, William Hanna and Joseph Barbera, Producers",True
SHORT FILM (Animated),The Legend of Rock-a-bye Point,"Walter Lantz, Producer",True
SHORT FILM (Animated),No Hunting,"Walt Disney, Producer",True
SHORT FILM (Animated),Speedy Gonzales,"Edward Selzer, Producer",True
SHORT SUBJECT (One-reel),Gadgets Galore,"Robert Youngson, Producer",True
SHORT SUBJECT (One-reel),Survival City,"Edmund Reek, Producer",True
SHORT SUBJECT (One-reel),3rd Ave. El,"Carson Davidson, Producer",True
SHORT SUBJECT (One-reel),Three Kisses,"Justin Herman, Producer",True
SHORT SUBJECT (Two-reel),The Battle of Gettysburg,"Dore Schary, Producer",True
SHORT SUBJECT (Two-reel),The Face of Lincoln,"Wilbur T. Blume, Producer",True
SHORT SUBJECT (Two-reel),On the Twelfth Day...,"George K. Arthur, Producer",True
SHORT SUBJECT (Two-reel),Switzerland,"Walt Disney, Producer",True
SHORT SUBJECT (Two-reel),24-Hour Alert,"Cedric Francis, Producer",True
SOUND RECORDING,Love Is a Many-Splendored Thing,"20th Century-Fox Studio Sound Department, Carl W. Faulkner, Sound Director",True
SOUND RECORDING,Love Me or Leave Me,"Metro-Goldwyn-Mayer Studio Sound Department, Wesley C. Miller, Sound Director",True
SOUND RECORDING,Mister Roberts,"Warner Bros. Studio Sound Department, William A. Mueller, Sound Director",True
SOUND RECORDING,Not as a Stranger,"Radio Corporation of America Sound Department, Watson Jones, Sound Director",True
SOUND RECORDING,Oklahoma!,"Todd-AO Sound Department, Fred Hynes, Sound Director",True
VISUAL EFFECTS,The Bridges at Toko-Ri,Paramount Studio,True
VISUAL EFFECTS,The Dam Busters,"Associated British Picture Corporation, Ltd.",True
VISUAL EFFECTS,The Rains of Ranchipur,20th Century-Fox Studio,True
WRITING (Original Story),Love Me or Leave Me,Daniel Fuchs,True
WRITING (Original Story),The Private War of Major Benson,"Joe Connelly, Bob Mosher",True
WRITING (Original Story),Rebel without a Cause,Nicholas Ray,True
WRITING (Original Story),The Sheep Has Five Legs,"Jean Marsan, Henry Troyat, Jacques Perret, Henri Verneuil, Raoul Ploquin",True
WRITING (Original Story),Strategic Air Command,"Beirne Lay, Jr.",True
WRITING (Adapted Screenplay),Bad Day at Black Rock,Millard Kaufman,True
WRITING (Adapted Screenplay),Blackboard Jungle,Richard Brooks,True
WRITING (Adapted Screenplay),East of Eden,Paul Osborn,True
WRITING (Adapted Screenplay),Love Me or Leave Me,"Daniel Fuchs, Isobel Lennart",True
WRITING (Adapted Screenplay),Marty,Paddy Chayefsky,True
WRITING (Original Screenplay),The Court-Martial of Billy Mitchell,"Milton Sperling, Emmet Lavery",True
WRITING (Original Screenplay),Interrupted Melody,"William Ludwig, Sonya Levien",True
WRITING (Original Screenplay),It's Always Fair Weather,"Betty Comden, Adolph Green",True
WRITING (Original Screenplay),Mr. Hulot's Holiday,"Jacques Tati, Henri Marquet",True
WRITING (Original Screenplay),The Seven Little Foys,"Melville Shavelson, Jack Rose",True
INTERNATIONAL FEATURE FILM,"Samurai, The Legend of Musashi",nan,True
ACTOR IN A LEADING ROLE,The King and I,Yul Brynner,True
ACTOR IN A LEADING ROLE,Giant,James Dean,True
ACTOR IN A LEADING ROLE,Lust for Life,Kirk Douglas,True
ACTOR IN A LEADING ROLE,Giant,Rock Hudson,True
ACTOR IN A LEADING ROLE,Richard III,Sir Laurence Olivier,True
ACTOR IN A SUPPORTING ROLE,Bus Stop,Don Murray,True
ACTOR IN A SUPPORTING ROLE,Friendly Persuasion,Anthony Perkins,True
ACTOR IN A SUPPORTING ROLE,Lust for Life,Anthony Quinn,True
ACTOR IN A SUPPORTING ROLE,The Bold and the Brave,Mickey Rooney,True
ACTOR IN A SUPPORTING ROLE,Written on the Wind,Robert Stack,True
ACTRESS IN A LEADING ROLE,Baby Doll,Carroll Baker,True
ACTRESS IN A LEADING ROLE,Anastasia,Ingrid Bergman,True
ACTRESS IN A LEADING ROLE,The Rainmaker,Katharine Hepburn,True
ACTRESS IN A LEADING ROLE,The Bad Seed,Nancy Kelly,True
ACTRESS IN A LEADING ROLE,The King and I,Deborah Kerr,True
ACTRESS IN A SUPPORTING ROLE,Baby Doll,Mildred Dunnock,True
ACTRESS IN A SUPPORTING ROLE,The Bad Seed,Eileen Heckart,True
ACTRESS IN A SUPPORTING ROLE,Giant,Mercedes McCambridge,True
ACTRESS IN A SUPPORTING ROLE,The Bad Seed,Patty McCormack,True
ACTRESS IN A SUPPORTING ROLE,Written on the Wind,Dorothy Malone,True
ART DIRECTION (Black-and-White),The Magnificent Seven,Takashi Matsuyama,True
ART DIRECTION (Black-and-White),The Proud and Profane,"Art Direction: Hal Pereira, A. Earl Hedrick; Set Decoration: Samuel M. Comer, Frank R. McKelvy",True
ART DIRECTION (Black-and-White),The Solid Gold Cadillac,"Art Direction: Ross Bellah; Set Decoration: William R. Kiernan, Louis Diage",True
ART DIRECTION (Black-and-White),Somebody Up There Likes Me,"Art Direction: Cedric Gibbons, Malcolm F. Brown; Set Decoration: Edwin B. Willis, F. Keogh Gleason",True
ART DIRECTION (Black-and-White),Teenage Rebel,"Art Direction: Lyle R. Wheeler, Jack Martin Smith; Set Decoration: Walter M. Scott, Stuart A. Reiss",True
ART DIRECTION (Color),Around the World in 80 Days,"Art Direction: James W. Sullivan, Ken Adam; Set Decoration: Ross J. Dowd",True
ART DIRECTION (Color),Giant,Art Direction: Boris Leven; Set Decoration: Ralph S. Hurst,True
ART DIRECTION (Color),The King and I,"Art Direction: Lyle R. Wheeler, John DeCuir; Set Decoration: Walter M. Scott, Paul S. Fox",True
ART DIRECTION (Color),Lust for Life,"Art Direction: Cedric Gibbons, Hans Peters, Preston Ames; Set Decoration: Edwin B. Willis, F. Keogh Gleason",True
ART DIRECTION (Color),The Ten Commandments,"Art Direction: Hal Pereira, Walter H. Tyler, Albert Nozaki; Set Decoration: Samuel M. Comer, Ray Moyer",True
CINEMATOGRAPHY (Black-and-White),Baby Doll,Boris Kaufman,True
CINEMATOGRAPHY (Black-and-White),The Bad Seed,Hal Rosson,True
CINEMATOGRAPHY (Black-and-White),The Harder They Fall,Burnett Guffey,True
CINEMATOGRAPHY (Black-and-White),Somebody Up There Likes Me,Joseph Ruttenberg,True
CINEMATOGRAPHY (Black-and-White),Stagecoach to Fury,Walter Strenge,True
CINEMATOGRAPHY (Color),Around the World in 80 Days,Lionel Lindon,True
CINEMATOGRAPHY (Color),The Eddy Duchin Story,Harry Stradling,True
CINEMATOGRAPHY (Color),The King and I,Leon Shamroy,True
CINEMATOGRAPHY (Color),The Ten Commandments,Loyal Griggs,True
CINEMATOGRAPHY (Color),War and Peace,Jack Cardiff,True
COSTUME DESIGN (Black-and-White),The Magnificent Seven,Kohei Ezaki,True
COSTUME DESIGN (Black-and-White),The Power and the Prize,Helen Rose,True
COSTUME DESIGN (Black-and-White),The Proud and Profane,Edith Head,True
COSTUME DESIGN (Black-and-White),The Solid Gold Cadillac,Jean Louis,True
COSTUME DESIGN (Black-and-White),Teenage Rebel,"Charles LeMaire, Mary Wills",True
COSTUME DESIGN (Color),Around the World in 80 Days,Miles White,True
COSTUME DESIGN (Color),Giant,"Moss Mabry, Marjorie Best",True
COSTUME DESIGN (Color),The King and I,Irene Sharaff,True
COSTUME DESIGN (Color),The Ten Commandments,"Edith Head, Ralph Jester, John Jensen, Dorothy Jeakins, Arnold Friberg",True
COSTUME DESIGN (Color),War and Peace,Marie De Matteis,True
DIRECTING,Around the World in 80 Days,Michael Anderson,True
DIRECTING,Friendly Persuasion,William Wyler,True
DIRECTING,Giant,George Stevens,True
DIRECTING,The King and I,Walter Lang,True
DIRECTING,War and Peace,King Vidor,True
DOCUMENTARY (Feature),The Naked Eye,"Louis Clyde Stoumen, Producer",True
DOCUMENTARY (Feature),The Silent World,"Jacques-Yves Cousteau, Producer",True
DOCUMENTARY (Feature),Where Mountains Float,The Government Film Committee of Denmark,True
DOCUMENTARY (Short Subject),A City Decides,"Charles Guggenheim & Associates, Inc.",True
DOCUMENTARY (Short Subject),The Dark Wave,"John Healy, Producer",True
DOCUMENTARY (Short Subject),The House without a Name,"Valentine Davies, Producer",True
DOCUMENTARY (Short Subject),Man in Space,"Ward Kimball, Producer",True
DOCUMENTARY (Short Subject),The True Story of the Civil War,"Louis Clyde Stoumen, Producer",True
FILM EDITING,Around the World in 80 Days,"Gene Ruggiero, Paul Weatherwax",True
FILM EDITING,The Brave One,Merrill G. White,True
FILM EDITING,Giant,"William Hornbeck, Philip W. Anderson, Fred Bohanan",True
FILM EDITING,Somebody Up There Likes Me,Albert Akst,True
FILM EDITING,The Ten Commandments,Anne Bauchens,True
INTERNATIONAL FEATURE FILM,The Captain of Kopenick,"Federal Republic of Germany - West; Gyula Trebitsch and Walter Koppel, Producers",True
INTERNATIONAL FEATURE FILM,Gervaise,"France; Annie Dorfmann, Producer",True
INTERNATIONAL FEATURE FILM,Harp of Burma,"Japan; Masayuki Takagi, Producer",True
INTERNATIONAL FEATURE FILM,La Strada,"Italy; Dino De Laurentiis and Carlo Ponti, Producers",True
INTERNATIONAL FEATURE FILM,Qivitoq,"Denmark; O. Dalsgaard-Olsen, Producer",True
MUSIC (Original Score),Anastasia,Alfred Newman,True
MUSIC (Original Score),Around the World in 80 Days,Victor Young,True
MUSIC (Original Score),Between Heaven and Hell,Hugo Friedhofer,True
MUSIC (Original Score),Giant,Dimitri Tiomkin,True
MUSIC (Original Score),The Rainmaker,Alex North,True
MUSIC (Original Song Score or Adaptation Score),The Best Things in Life Are Free,Lionel Newman,True
MUSIC (Original Song Score or Adaptation Score),The Eddy Duchin Story,"Morris Stoloff, George Duning",True
MUSIC (Original Song Score or Adaptation Score),High Society,"Johnny Green, Saul Chaplin",True
MUSIC (Original Song Score or Adaptation Score),The King and I,"Alfred Newman, Ken Darby",True
MUSIC (Original Song Score or Adaptation Score),Meet Me in Las Vegas,"George Stoll, Johnny Green",True
MUSIC (Original Song),Friendly Persuasion,Music by Dimitri Tiomkin; Lyrics by Paul Francis Webster,True
MUSIC (Original Song),Julie,Music by Leith Stevens; Lyrics by Tom Adair,True
MUSIC (Original Song),High Society,Music and Lyrics by Cole Porter,True
MUSIC (Original Song),The Man Who Knew Too Much,Music and Lyrics by Jay Livingston and Ray Evans,True
MUSIC (Original Song),Written on the Wind,Music by Victor Young; Lyrics by Sammy Cahn,True
BEST PICTURE,Around the World in 80 Days,"Michael Todd, Producer",True
BEST PICTURE,Friendly Persuasion,"William Wyler, Producer",True
BEST PICTURE,Giant,"George Stevens and Henry Ginsberg, Producers",True
BEST PICTURE,The King and I,"Charles Brackett, Producer",True
BEST PICTURE,The Ten Commandments,"Cecil B. DeMille, Producer",True
SHORT FILM (Animated),Gerald McBoing-Boing on Planet Moo,"Stephen Bosustow, Producer",True
SHORT FILM (Animated),The Jaywalker,"Stephen Bosustow, Producer",True
SHORT FILM (Animated),Mister Magoo's Puddle Jumper,"Stephen Bosustow, Producer",True
SHORT SUBJECT (One-reel),Crashing the Water Barrier,"Konstantin Kalser, Producer",True
SHORT SUBJECT (One-reel),I Never Forget a Face,"Robert Youngson, Producer",True
SHORT SUBJECT (One-reel),Time Stood Still,"Cedric Francis, Producer",True
SHORT SUBJECT (Two-reel),The Bespoke Overcoat,Romulus Films,True
SHORT SUBJECT (Two-reel),Cow Dog,"Larry Lansburgh, Producer",True
SHORT SUBJECT (Two-reel),The Dark Wave,"John Healy, Producer",True
SHORT SUBJECT (Two-reel),Samoa,"Walt Disney, Producer",True
SOUND RECORDING,The Brave One,"King Bros. Productions, Inc., Sound Department, John Myers, Sound Director",True
SOUND RECORDING,The Eddy Duchin Story,"Columbia Studio Sound Department, John Livadary, Sound Director",True
SOUND RECORDING,Friendly Persuasion,"Westrex Sound Services, Inc., Gordon R. Glennan, Sound Director; and Samuel Goldwyn Studio Sound Department, Gordon Sawyer, Sound Director",True
SOUND RECORDING,The King and I,"20th Century-Fox Studio Sound Department, Carl Faulkner, Sound Director",True
SOUND RECORDING,The Ten Commandments,"Paramount Studio Sound Department, Loren L. Ryder, Sound Director",True
VISUAL EFFECTS,Forbidden Planet,"A. Arnold Gillespie, Irving Ries, Wesley C. Miller",True
VISUAL EFFECTS,The Ten Commandments,John Fulton,True
WRITING (Original Story),The Brave One,Dalton Trumbo,True
WRITING (Original Story),The Eddy Duchin Story,Leo Katcher,True
WRITING (Original Story),High Society,"Edward Bernds, Elwood Ullman",True
WRITING (Original Story),The Proud and the Beautiful,Jean Paul Sartre,True
WRITING (Original Story),Umberto D.,Cesare Zavattini,True
WRITING (Adapted Screenplay),Around the World in 80 Days,"James Poe, John Farrow, S.J. Perelman",True
WRITING (Adapted Screenplay),Baby Doll,Tennessee Williams,True
WRITING (Adapted Screenplay),Friendly Persuasion,Michael Wilson,True
WRITING (Adapted Screenplay),Giant,"Fred Guiol, Ivan Moffat",True
WRITING (Adapted Screenplay),Lust for Life,Norman Corwin,True
WRITING (Original Screenplay),The Bold and the Brave,Robert Lewin,True
WRITING (Original Screenplay),Julie,Andrew L. Stone,True
WRITING (Original Screenplay),La Strada,"Federico Fellini, Tullio Pinelli",True
WRITING (Original Screenplay),The Ladykillers,William Rose,True
WRITING (Original Screenplay),The Red Balloon,Albert Lamorisse,True
ACTOR IN A LEADING ROLE,Sayonara,Marlon Brando,True
ACTOR IN A LEADING ROLE,A Hatful of Rain,Anthony Franciosa,True
ACTOR IN A LEADING ROLE,The Bridge on the River Kwai,Alec Guinness,True
ACTOR IN A LEADING ROLE,Witness for the Prosecution,Charles Laughton,True
ACTOR IN A LEADING ROLE,Wild Is the Wind,Anthony Quinn,True
ACTOR IN A SUPPORTING ROLE,Sayonara,Red Buttons,True
ACTOR IN A SUPPORTING ROLE,A Farewell to Arms,Vittorio De Sica,True
ACTOR IN A SUPPORTING ROLE,The Bridge on the River Kwai,Sessue Hayakawa,True
ACTOR IN A SUPPORTING ROLE,Peyton Place,Arthur Kennedy,True
ACTOR IN A SUPPORTING ROLE,Peyton Place,Russ Tamblyn,True
ACTRESS IN A LEADING ROLE,"Heaven Knows, Mr. Allison",Deborah Kerr,True
ACTRESS IN A LEADING ROLE,Wild Is the Wind,Anna Magnani,True
ACTRESS IN A LEADING ROLE,Raintree County,Elizabeth Taylor,True
ACTRESS IN A LEADING ROLE,Peyton Place,Lana Turner,True
ACTRESS IN A LEADING ROLE,The Three Faces of Eve,Joanne Woodward,True
ACTRESS IN A SUPPORTING ROLE,The Bachelor Party,Carolyn Jones,True
ACTRESS IN A SUPPORTING ROLE,Witness for the Prosecution,Elsa Lanchester,True
ACTRESS IN A SUPPORTING ROLE,Peyton Place,Hope Lange,True
ACTRESS IN A SUPPORTING ROLE,Sayonara,Miyoshi Umeki,True
ACTRESS IN A SUPPORTING ROLE,Peyton Place,Diane Varsi,True
ART DIRECTION,Funny Face,"Art Direction: Hal Pereira, George W. Davis; Set Decoration: Sam Comer, Ray Moyer",True
ART DIRECTION,Les Girls,"Art Direction: William A. Horning, Gene Allen; Set Decoration: Edwin B. Willis, Richard Pefferle",True
ART DIRECTION,Pal Joey,"Art Direction: Walter Holscher; Set Decoration: William Kiernan, Louis Diage",True
ART DIRECTION,Raintree County,"Art Direction: William A. Horning, Urie McCleary; Set Decoration: Edwin B. Willis, Hugh Hunt",True
ART DIRECTION,Sayonara,Art Direction: Ted Haworth; Set Decoration: Robert Priestley,True
CINEMATOGRAPHY,An Affair to Remember,Milton Krasner,True
CINEMATOGRAPHY,The Bridge on the River Kwai,Jack Hildyard,True
CINEMATOGRAPHY,Funny Face,Ray June,True
CINEMATOGRAPHY,Peyton Place,William Mellor,True
CINEMATOGRAPHY,Sayonara,Ellsworth Fredricks,True
COSTUME DESIGN,An Affair to Remember,Charles LeMaire,True
COSTUME DESIGN,Funny Face,"Edith Head, Hubert de Givenchy",True
COSTUME DESIGN,Les Girls,Orry-Kelly,True
COSTUME DESIGN,Pal Joey,Jean Louis,True
COSTUME DESIGN,Raintree County,Walter Plunkett,True
DIRECTING,The Bridge on the River Kwai,David Lean,True
DIRECTING,Peyton Place,Mark Robson,True
DIRECTING,Sayonara,Joshua Logan,True
DIRECTING,12 Angry Men,Sidney Lumet,True
DIRECTING,Witness for the Prosecution,Billy Wilder,True
DOCUMENTARY (Feature),Albert Schweitzer,"Jerome Hill, Producer",True
DOCUMENTARY (Feature),On the Bowery,"Lionel Rogosin, Producer",True
DOCUMENTARY (Feature),Torero!,"Manuel Barbachano Ponce, Producer",True
FILM EDITING,The Bridge on the River Kwai,Peter Taylor,True
FILM EDITING,Gunfight at the O.K. Corral,Warren Low,True
FILM EDITING,Pal Joey,"Viola Lawrence, Jerome Thoms",True
FILM EDITING,Sayonara,"Arthur P. Schmidt, Philip W. Anderson",True
FILM EDITING,Witness for the Prosecution,Daniel Mandell,True
INTERNATIONAL FEATURE FILM,The Devil Came at Night,West Germany,True
INTERNATIONAL FEATURE FILM,Gates of Paris,France,True
INTERNATIONAL FEATURE FILM,Mother India,India,True
INTERNATIONAL FEATURE FILM,The Nights of Cabiria,Italy,True
INTERNATIONAL FEATURE FILM,Nine Lives,Norway,True
MUSIC (Original Song Score or Adaptation Score),An Affair to Remember,Hugo Friedhofer,True
MUSIC (Original Song Score or Adaptation Score),Boy on a Dolphin,Hugo Friedhofer,True
MUSIC (Original Song Score or Adaptation Score),The Bridge on the River Kwai,Malcolm Arnold,True
MUSIC (Original Song Score or Adaptation Score),Perri,Paul Smith,True
MUSIC (Original Song Score or Adaptation Score),Raintree County,Johnny Green,True
MUSIC (Original Song),An Affair to Remember,Music by Harry Warren; Lyrics by Harold Adamson and Leo McCarey,True
MUSIC (Original Song),The Joker Is Wild,Music by James Van Heusen; Lyrics by Sammy Cahn,True
MUSIC (Original Song),April Love,Music by Sammy Fain; Lyrics by Paul Francis Webster,True
MUSIC (Original Song),Tammy and the Bachelor,Music and Lyrics by Ray Evans and Jay Livingston,True
MUSIC (Original Song),Wild Is the Wind,Music by Dimitri Tiomkin; Lyrics by Ned Washington,True
BEST PICTURE,The Bridge on the River Kwai,"Sam Spiegel, Producer",True
BEST PICTURE,Peyton Place,"Jerry Wald, Producer",True
BEST PICTURE,Sayonara,"William Goetz, Producer",True
BEST PICTURE,12 Angry Men,"Henry Fonda and Reginald Rose, Producers",True
BEST PICTURE,Witness for the Prosecution,"Arthur Hornblow, Jr., Producer",True
SHORT FILM (Animated),Birds Anonymous,"Edward Selzer, Producer",True
SHORT FILM (Animated),One Droopy Knight,"William Hanna and Joseph Barbera, Producers",True
SHORT FILM (Animated),Tabasco Road,"Edward Selzer, Producer",True
SHORT FILM (Animated),Trees and Jamaica Daddy,"Stephen Bosustow, Producer",True
SHORT FILM (Animated),The Truth about Mother Goose,"Walt Disney, Producer",True
SHORT FILM (Live Action),A Chairy Tale,"Norman McLaren, Producer",True
SHORT FILM (Live Action),City of Gold,"Tom Daly, Producer",True
SHORT FILM (Live Action),Foothold on Antarctica,"James Carr, Producer",True
SHORT FILM (Live Action),Portugal,"Ben Sharpsteen, Producer",True
SHORT FILM (Live Action),The Wetback Hound,"Larry Lansburgh, Producer",True
SOUND RECORDING,Gunfight at the O.K. Corral,"Paramount Studio Sound Department, George Dutton, Sound Director",True
SOUND RECORDING,Les Girls,"Metro-Goldwyn-Mayer Studio Sound Department, Dr. Wesley C. Miller, Sound Director",True
SOUND RECORDING,Pal Joey,"Columbia Studio Sound Department, John P. Livadary, Sound Director",True
SOUND RECORDING,Sayonara,"Warner Bros. Studio Sound Department, George Groves, Sound Director",True
SOUND RECORDING,Witness for the Prosecution,"Samuel Goldwyn Studio Sound Department, Gordon E. Sawyer, Sound Director",True
VISUAL EFFECTS,The Enemy Below,Audible Effects by Walter Rossi,True
VISUAL EFFECTS,The Spirit of St. Louis,Visual Effects by Louis Lichtenfield,True
WRITING (Adapted Screenplay),The Bridge on the River Kwai,"Michael Wilson, Carl Foreman, Pierre Boulle",True
WRITING (Adapted Screenplay),"Heaven Knows, Mr. Allison","John Lee Mahin, John Huston",True
WRITING (Adapted Screenplay),Peyton Place,John Michael Hayes,True
WRITING (Adapted Screenplay),Sayonara,Paul Osborn,True
WRITING (Adapted Screenplay),12 Angry Men,Reginald Rose,True
WRITING (Original Screenplay),Designing Woman,George Wells,True
WRITING (Original Screenplay),Funny Face,Leonard Gershe,True
WRITING (Original Screenplay),Man of a Thousand Faces,"Story by Ralph Wheelwright; Screenplay by R. Wright Campbell, Ivan Goff, Ben Roberts",True
WRITING (Original Screenplay),The Tin Star,"Story by Barney Slater, Joel Kane; Screenplay by Dudley Nichols",True
WRITING (Original Screenplay),Vitelloni,"Story by Federico Fellini, Ennio Flaiano, Tullio Pinelli; Screenplay by Federico Fellini, Ennio Flaiano",True
ACTOR IN A LEADING ROLE,The Defiant Ones,Tony Curtis,True
ACTOR IN A LEADING ROLE,Cat on a Hot Tin Roof,Paul Newman,True
ACTOR IN A LEADING ROLE,Separate Tables,David Niven,True
ACTOR IN A LEADING ROLE,The Defiant Ones,Sidney Poitier,True
ACTOR IN A LEADING ROLE,The Old Man and the Sea,Spencer Tracy,True
ACTOR IN A SUPPORTING ROLE,The Defiant Ones,Theodore Bikel,True
ACTOR IN A SUPPORTING ROLE,The Brothers Karamazov,Lee J. Cobb,True
ACTOR IN A SUPPORTING ROLE,The Big Country,Burl Ives,True
ACTOR IN A SUPPORTING ROLE,Some Came Running,Arthur Kennedy,True
ACTOR IN A SUPPORTING ROLE,Teacher's Pet,Gig Young,True
ACTRESS IN A LEADING ROLE,I Want to Live!,Susan Hayward,True
ACTRESS IN A LEADING ROLE,Separate Tables,Deborah Kerr,True
ACTRESS IN A LEADING ROLE,Some Came Running,Shirley MacLaine,True
ACTRESS IN A LEADING ROLE,Auntie Mame,Rosalind Russell,True
ACTRESS IN A LEADING ROLE,Cat on a Hot Tin Roof,Elizabeth Taylor,True
ACTRESS IN A SUPPORTING ROLE,Auntie Mame,Peggy Cass,True
ACTRESS IN A SUPPORTING ROLE,Separate Tables,Wendy Hiller,True
ACTRESS IN A SUPPORTING ROLE,Some Came Running,Martha Hyer,True
ACTRESS IN A SUPPORTING ROLE,Lonelyhearts,Maureen Stapleton,True
ACTRESS IN A SUPPORTING ROLE,The Defiant Ones,Cara Williams,True
ART DIRECTION,Auntie Mame,Art Direction: Malcolm Bert; Set Decoration: George James Hopkins,True
ART DIRECTION,"Bell, Book and Candle",Art Direction: Cary Odell; Set Decoration: Louis Diage,True
ART DIRECTION,A Certain Smile,"Art Direction: Lyle R. Wheeler, John DeCuir; Set Decoration: Walter M. Scott, Paul S. Fox",True
ART DIRECTION,Gigi,"Art Direction: William A. Horning, Preston Ames; Set Decoration: Henry Grace, Keogh Gleason",True
ART DIRECTION,Vertigo,"Art Direction: Hal Pereira, Henry Bumstead; Set Decoration: Sam Comer, Frank McKelvy",True
CINEMATOGRAPHY (Black-and-White),The Defiant Ones,Sam Leavitt,True
CINEMATOGRAPHY (Black-and-White),Desire under the Elms,Daniel L. Fapp,True
CINEMATOGRAPHY (Black-and-White),I Want to Live!,Lionel Lindon,True
CINEMATOGRAPHY (Black-and-White),Separate Tables,"Charles Lang, Jr.",True
CINEMATOGRAPHY (Black-and-White),The Young Lions,Joe MacDonald,True
CINEMATOGRAPHY (Color),Auntie Mame,"Harry Stradling, Sr.",True
CINEMATOGRAPHY (Color),Cat on a Hot Tin Roof,William Daniels,True
CINEMATOGRAPHY (Color),Gigi,Joseph Ruttenberg,True
CINEMATOGRAPHY (Color),The Old Man and the Sea,James Wong Howe,True
CINEMATOGRAPHY (Color),South Pacific,Leon Shamroy,True
COSTUME DESIGN,"Bell, Book and Candle",Jean Louis,True
COSTUME DESIGN,The Buccaneer,"Ralph Jester, Edith Head, John Jensen",True
COSTUME DESIGN,A Certain Smile,"Charles LeMaire, Mary Wills",True
COSTUME DESIGN,Gigi,Cecil Beaton,True
COSTUME DESIGN,Some Came Running,Walter Plunkett,True
DIRECTING,Cat on a Hot Tin Roof,Richard Brooks,True
DIRECTING,The Defiant Ones,Stanley Kramer,True
DIRECTING,Gigi,Vincente Minnelli,True
DIRECTING,I Want to Live!,Robert Wise,True
DIRECTING,The Inn of the Sixth Happiness,Mark Robson,True
DOCUMENTARY (Feature),Antarctic Crossing,"James Carr, Producer",True
DOCUMENTARY (Feature),The Hidden World,"Robert Snyder, Producer",True
DOCUMENTARY (Feature),Psychiatric Nursing,"Nathan Zucker, Producer",True
DOCUMENTARY (Feature),White Wilderness,"Ben Sharpsteen, Producer",True
DOCUMENTARY (Short Subject),Ama Girls,"Ben Sharpsteen, Producer",True
DOCUMENTARY (Short Subject),Employees Only,"Kenneth G. Brown, Producer",True
DOCUMENTARY (Short Subject),Journey into Spring,"Ian Ferguson, Producer",True
DOCUMENTARY (Short Subject),The Living Stone,"Tom Daly, Producer",True
DOCUMENTARY (Short Subject),Overture,"Thorold Dickinson, Producer",True
FILM EDITING,Auntie Mame,William Ziegler,True
FILM EDITING,Cowboy,"William A. Lyon, Al Clark",True
FILM EDITING,The Defiant Ones,Frederic Knudtson,True
FILM EDITING,Gigi,Adrienne Fazan,True
FILM EDITING,I Want to Live!,William Hornbeck,True
INTERNATIONAL FEATURE FILM,Arms and the Man,West Germany,True
INTERNATIONAL FEATURE FILM,La Venganza,Spain,True
INTERNATIONAL FEATURE FILM,My Uncle,France,True
INTERNATIONAL FEATURE FILM,The Road a Year Long,Yugoslavia,True
INTERNATIONAL FEATURE FILM,The Usual Unidentified Thieves,Italy,True
MUSIC (Original Score),The Big Country,Jerome Moross,True
MUSIC (Original Score),The Old Man and the Sea,Dimitri Tiomkin,True
MUSIC (Original Score),Separate Tables,David Raksin,True
MUSIC (Original Score),White Wilderness,Oliver Wallace,True
MUSIC (Original Score),The Young Lions,Hugo Friedhofer,True
MUSIC (Original Song Score or Adaptation Score),The Bolshoi Ballet,"Yuri Faier, G. Rozhdestvensky",True
MUSIC (Original Song Score or Adaptation Score),Damn Yankees,Ray Heindorf,True
MUSIC (Original Song Score or Adaptation Score),Gigi,Andre Previn,True
MUSIC (Original Song Score or Adaptation Score),Mardi Gras,Lionel Newman,True
MUSIC (Original Song Score or Adaptation Score),South Pacific,"Alfred Newman, Ken Darby",True
MUSIC (Original Song),Houseboat,Music and Lyrics by Jay Livingston and Ray Evans,True
MUSIC (Original Song),A Certain Smile,Music by Sammy Fain; Lyrics by Paul Francis Webster,True
MUSIC (Original Song),Gigi,Music by Frederick Loewe; Lyrics by Alan Jay Lerner,True
MUSIC (Original Song),Some Came Running,Music by James Van Heusen; Lyrics by Sammy Cahn,True
MUSIC (Original Song),Marjorie Morningstar,Music by Sammy Fain; Lyrics by Paul Francis Webster,True
BEST PICTURE,Auntie Mame,Warner Bros.,True
BEST PICTURE,Cat on a Hot Tin Roof,"Lawrence Weingarten, Producer",True
BEST PICTURE,The Defiant Ones,"Stanley Kramer, Producer",True
BEST PICTURE,Gigi,"Arthur Freed, Producer",True
BEST PICTURE,Separate Tables,"Harold Hecht, Producer",True
SHORT FILM (Animated),Knighty Knight Bugs,"John W. Burton, Producer",True
SHORT FILM (Animated),Paul Bunyan,"Walt Disney, Producer",True
SHORT FILM (Animated),Sidney's Family Tree,"William M. Weiss, Producer",True
SHORT FILM (Live Action),Grand Canyon,"Walt Disney, Producer",True
SHORT FILM (Live Action),Journey into Spring,"Ian Ferguson, Producer",True
SHORT FILM (Live Action),The Kiss,"John Patrick Hayes, Producer",True
SHORT FILM (Live Action),Snows of Aorangi,New Zealand Screen Board,True
SHORT FILM (Live Action),T Is for Tumbleweed,"James A. Lebenthal, Producer",True
SOUND MIXING,I Want to Live!,"Samuel Goldwyn Studio Sound Department, Gordon E. Sawyer, Sound Director",True
SOUND MIXING,South Pacific,"Todd-AO Sound Department, Fred Hynes, Sound Director",True
SOUND MIXING,A Time to Love and a Time to Die,"Universal-International Studio Sound Department, Leslie I. Carey, Sound Director",True
SOUND MIXING,Vertigo,"Paramount Studio Sound Department, George Dutton, Sound Director",True
SOUND MIXING,The Young Lions,"20th Century-Fox Studio Sound Department, Carl Faulkner, Sound Director",True
VISUAL EFFECTS,tom thumb,Visual Effects by Tom Howard,True
VISUAL EFFECTS,Torpedo Run,Visual Effects by A. Arnold Gillespie; Audible Effects by Harold Humbrock,True
WRITING (Adapted Screenplay),Cat on a Hot Tin Roof,"Richard Brooks, James Poe",True
WRITING (Adapted Screenplay),Gigi,Alan Jay Lerner,True
WRITING (Adapted Screenplay),The Horse's Mouth,Alec Guinness,True
WRITING (Adapted Screenplay),I Want to Live!,"Nelson Gidding, Don Mankiewicz",True
WRITING (Adapted Screenplay),Separate Tables,"Terence Rattigan, John Gay",True
WRITING (Original Screenplay),The Defiant Ones,"Nedrick Young, Harold Jacob Smith",True
WRITING (Original Screenplay),The Goddess,Paddy Chayefsky,True
WRITING (Original Screenplay),Houseboat,"Melville Shavelson, Jack Rose",True
WRITING (Original Screenplay),The Sheepman,"Story by James Edward Grant; Screenplay by William Bowers, James Edward Grant",True
WRITING (Original Screenplay),Teacher's Pet,"Fay Kanin, Michael Kanin",True
ACTOR IN A LEADING ROLE,Room at the Top,Laurence Harvey,True
ACTOR IN A LEADING ROLE,Ben-Hur,Charlton Heston,True
ACTOR IN A LEADING ROLE,Some Like It Hot,Jack Lemmon,True
ACTOR IN A LEADING ROLE,The Last Angry Man,Paul Muni,True
ACTOR IN A LEADING ROLE,Anatomy of a Murder,James Stewart,True
ACTOR IN A SUPPORTING ROLE,Ben-Hur,Hugh Griffith,True
ACTOR IN A SUPPORTING ROLE,Anatomy of a Murder,Arthur O'Connell,True
ACTOR IN A SUPPORTING ROLE,Anatomy of a Murder,George C. Scott,True
ACTOR IN A SUPPORTING ROLE,The Young Philadelphians,Robert Vaughn,True
ACTOR IN A SUPPORTING ROLE,The Diary of Anne Frank,Ed Wynn,True
ACTRESS IN A LEADING ROLE,Pillow Talk,Doris Day,True
ACTRESS IN A LEADING ROLE,The Nun's Story,Audrey Hepburn,True
ACTRESS IN A LEADING ROLE,"Suddenly, Last Summer",Katharine Hepburn,True
ACTRESS IN A LEADING ROLE,Room at the Top,Simone Signoret,True
ACTRESS IN A LEADING ROLE,"Suddenly, Last Summer",Elizabeth Taylor,True
ACTRESS IN A SUPPORTING ROLE,Room at the Top,Hermione Baddeley,True
ACTRESS IN A SUPPORTING ROLE,Imitation of Life,Susan Kohner,True
ACTRESS IN A SUPPORTING ROLE,Imitation of Life,Juanita Moore,True
ACTRESS IN A SUPPORTING ROLE,Pillow Talk,Thelma Ritter,True
ACTRESS IN A SUPPORTING ROLE,The Diary of Anne Frank,Shelley Winters,True
ART DIRECTION (Black-and-White),Career,"Art Direction: Hal Pereira, Walter Tyler; Set Decoration: Sam Comer, Arthur Krams",True
ART DIRECTION (Black-and-White),The Diary of Anne Frank,"Art Direction: Lyle R. Wheeler, George W. Davis; Set Decoration: Walter M. Scott, Stuart A. Reiss",True
ART DIRECTION (Black-and-White),The Last Angry Man,Art Direction: Carl Anderson; Set Decoration: William Kiernan,True
ART DIRECTION (Black-and-White),Some Like It Hot,Art Direction: Ted Haworth; Set Decoration: Edward G. Boyle,True
ART DIRECTION (Black-and-White),"Suddenly, Last Summer","Art Direction: Oliver Messel, William Kellner; Set Decoration: Scot Slimon",True
ART DIRECTION (Color),Ben-Hur,"Art Direction: William A. Horning, Edward Carfagno; Set Decoration: Hugh Hunt",True
ART DIRECTION (Color),The Big Fisherman,Art Direction: John DeCuir; Set Decoration: Julia Heron,True
ART DIRECTION (Color),Journey to the Center of the Earth,"Art Direction: Lyle R. Wheeler, Franz Bachelin, Herman A. Blumenthal; Set Decoration: Walter M. Scott, Joseph Kish",True
ART DIRECTION (Color),North by Northwest,"Art Direction: William A. Horning, Robert Boyle, Merrill Pye; Set Decoration: Henry Grace, Frank McKelvy",True
ART DIRECTION (Color),Pillow Talk,"Art Direction: Richard H. Riedel; Set Decoration: Russell A. Gausman, Ruby R. Levitt",True
CINEMATOGRAPHY (Black-and-White),Anatomy of a Murder,Sam Leavitt,True
CINEMATOGRAPHY (Black-and-White),Career,Joseph LaShelle,True
CINEMATOGRAPHY (Black-and-White),The Diary of Anne Frank,William C. Mellor,True
CINEMATOGRAPHY (Black-and-White),Some Like It Hot,"Charles Lang, Jr.",True
CINEMATOGRAPHY (Black-and-White),The Young Philadelphians,"Harry Stradling, Sr.",True
CINEMATOGRAPHY (Color),Ben-Hur,Robert L. Surtees,True
CINEMATOGRAPHY (Color),The Big Fisherman,Lee Garmes,True
CINEMATOGRAPHY (Color),The Five Pennies,Daniel L. Fapp,True
CINEMATOGRAPHY (Color),The Nun's Story,Franz Planer,True
CINEMATOGRAPHY (Color),Porgy and Bess,Leon Shamroy,True
COSTUME DESIGN (Black-and-White),Career,Edith Head,True
COSTUME DESIGN (Black-and-White),The Diary of Anne Frank,"Charles LeMaire, Mary Wills",True
COSTUME DESIGN (Black-and-White),The Gazebo,Helen Rose,True
COSTUME DESIGN (Black-and-White),Some Like It Hot,Orry-Kelly,True
COSTUME DESIGN (Black-and-White),The Young Philadelphians,Howard Shoup,True
COSTUME DESIGN (Color),Ben-Hur,Elizabeth Haffenden,True
COSTUME DESIGN (Color),The Best of Everything,Adele Palmer,True
COSTUME DESIGN (Color),The Big Fisherman,Renie,True
COSTUME DESIGN (Color),The Five Pennies,Edith Head,True
COSTUME DESIGN (Color),Porgy and Bess,Irene Sharaff,True
DIRECTING,Ben-Hur,William Wyler,True
DIRECTING,The Diary of Anne Frank,George Stevens,True
DIRECTING,The Nun's Story,Fred Zinnemann,True
DIRECTING,Room at the Top,Jack Clayton,True
DIRECTING,Some Like It Hot,Billy Wilder,True
DOCUMENTARY (Feature),The Race for Space,"David L. Wolper, Producer",True
DOCUMENTARY (Feature),Serengeti Shall Not Die,"Bernhard Grzimek, Producer",True
DOCUMENTARY (Short Subject),Donald in Mathmagic Land,"Walt Disney, Producer",True
DOCUMENTARY (Short Subject),From Generation to Generation,"Edward F. Cullen, Producer",True
DOCUMENTARY (Short Subject),Glass,"Bert Haanstra, Producer",True
FILM EDITING,Anatomy of a Murder,Louis R. Loeffler,True
FILM EDITING,Ben-Hur,"Ralph E. Winters, John D. Dunning",True
FILM EDITING,North by Northwest,George Tomasini,True
FILM EDITING,The Nun's Story,Walter Thompson,True
FILM EDITING,On the Beach,Frederic Knudtson,True
INTERNATIONAL FEATURE FILM,Black Orpheus,France,True
INTERNATIONAL FEATURE FILM,The Bridge,West Germany,True
INTERNATIONAL FEATURE FILM,The Great War,Italy,True
INTERNATIONAL FEATURE FILM,Paw,Denmark,True
INTERNATIONAL FEATURE FILM,The Village on the River,The Netherlands,True
MUSIC (Original Score),Ben-Hur,Miklos Rozsa,True
MUSIC (Original Score),The Diary of Anne Frank,Alfred Newman,True
MUSIC (Original Score),The Nun's Story,Franz Waxman,True
MUSIC (Original Score),On the Beach,Ernest Gold,True
MUSIC (Original Score),Pillow Talk,Frank DeVol,True
MUSIC (Original Song Score or Adaptation Score),The Five Pennies,Leith Stevens,True
MUSIC (Original Song Score or Adaptation Score),Li'l Abner,"Nelson Riddle, Joseph J. Lilley",True
MUSIC (Original Song Score or Adaptation Score),Porgy and Bess,"Andre Previn, Ken Darby",True
MUSIC (Original Song Score or Adaptation Score),Say One for Me,Lionel Newman,True
MUSIC (Original Song Score or Adaptation Score),Sleeping Beauty,George Bruns,True
MUSIC (Original Song),The Best of Everything,Music by Alfred Newman; Lyrics by Sammy Cahn,True
MUSIC (Original Song),The Five Pennies,Music and Lyrics by Sylvia Fine,True
MUSIC (Original Song),The Hanging Tree,Music by Jerry Livingston; Lyrics by Mack David,True
MUSIC (Original Song),A Hole in the Head,Music by James Van Heusen; Lyrics by Sammy Cahn,True
MUSIC (Original Song),The Young Land,Music by Dimitri Tiomkin; Lyrics by Ned Washington,True
BEST PICTURE,Anatomy of a Murder,"Otto Preminger, Producer",True
BEST PICTURE,Ben-Hur,"Sam Zimbalist, Producer",True
BEST PICTURE,The Diary of Anne Frank,"George Stevens, Producer",True
BEST PICTURE,The Nun's Story,"Henry Blanke, Producer",True
BEST PICTURE,Room at the Top,"John Woolf and James Woolf, Producers",True
SHORT FILM (Animated),Mexicali Shmoes,"John W. Burton, Producer",True
SHORT FILM (Animated),Moonbird,"John Hubley, Producer",True
SHORT FILM (Animated),Noah's Ark,"Walt Disney, Producer",True
SHORT FILM (Animated),The Violinist,"Ernest Pintoff, Producer",True
SHORT FILM (Live Action),Between the Tides,"Ian Ferguson, Producer",True
SHORT FILM (Live Action),The Golden Fish,"Jacques-Yves Cousteau, Producer",True
SHORT FILM (Live Action),Mysteries of the Deep,"Walt Disney, Producer",True
SHORT FILM (Live Action),"The Running, Jumping and Standing-Still Film","Peter Sellers, Producer",True
SHORT FILM (Live Action),Skyscraper,"Shirley Clarke, Willard Van Dyke and Irving Jacoby, Producers",True
SOUND MIXING,Ben-Hur,"Metro-Goldwyn-Mayer Studio Sound Department, Franklin E. Milton, Sound Director",True
SOUND MIXING,Journey to the Center of the Earth,"20th Century-Fox Studio Sound Department, Carl Faulkner, Sound Director",True
SOUND MIXING,Libel!,"Metro-Goldwyn-Mayer London Studio Sound Department, A. W. Watkins, Sound Director",True
SOUND MIXING,The Nun's Story,"Warner Bros. Studio Sound Department, George R. Groves, Sound Director",True
SOUND MIXING,Porgy and Bess,"Samuel Goldwyn Studio Sound Department, Gordon E. Sawyer, Sound Director; and Todd-AO Sound Department, Fred Hynes, Sound Director",True
VISUAL EFFECTS,Ben-Hur,"Visual Effects by A. Arnold Gillespie, Robert MacDonald; Audible Effects by Milo Lory",True
VISUAL EFFECTS,Journey to the Center of the Earth,"Visual Effects by L. B. Abbott, James B. Gordon; Audible Effects by Carl Faulkner",True
WRITING (Adapted Screenplay),Anatomy of a Murder,Wendell Mayes,True
WRITING (Adapted Screenplay),Ben-Hur,Karl Tunberg,True
WRITING (Adapted Screenplay),The Nun's Story,Robert Anderson,True
WRITING (Adapted Screenplay),Room at the Top,Neil Paterson,True
WRITING (Adapted Screenplay),Some Like It Hot,"Billy Wilder, I. A. L. Diamond",True
WRITING (Original Screenplay),The 400 Blows,"Francois Truffaut, Marcel Moussy",True
WRITING (Original Screenplay),North by Northwest,Ernest Lehman,True
WRITING (Original Screenplay),Operation Petticoat,"Story by Paul King, Joseph Stone; Screenplay by Stanley Shapiro, Maurice Richlin",True
WRITING (Original Screenplay),Pillow Talk,"Story by Russell Rouse, Clarence Greene; Screenplay by Stanley Shapiro, Maurice Richlin",True
WRITING (Original Screenplay),Wild Strawberries,Ingmar Bergman,True
ACTOR IN A LEADING ROLE,Sons and Lovers,Trevor Howard,True
ACTOR IN A LEADING ROLE,Elmer Gantry,Burt Lancaster,True
ACTOR IN A LEADING ROLE,The Apartment,Jack Lemmon,True
ACTOR IN A LEADING ROLE,The Entertainer,Laurence Olivier,True
ACTOR IN A LEADING ROLE,Inherit the Wind,Spencer Tracy,True
ACTOR IN A SUPPORTING ROLE,"Murder, Inc.",Peter Falk,True
ACTOR IN A SUPPORTING ROLE,The Apartment,Jack Kruschen,True
ACTOR IN A SUPPORTING ROLE,Exodus,Sal Mineo,True
ACTOR IN A SUPPORTING ROLE,Spartacus,Peter Ustinov,True
ACTOR IN A SUPPORTING ROLE,The Alamo,Chill Wills,True
ACTRESS IN A LEADING ROLE,Sunrise at Campobello,Greer Garson,True
ACTRESS IN A LEADING ROLE,The Sundowners,Deborah Kerr,True
ACTRESS IN A LEADING ROLE,The Apartment,Shirley MacLaine,True
ACTRESS IN A LEADING ROLE,Never on Sunday,Melina Mercouri,True
ACTRESS IN A LEADING ROLE,Butterfield 8,Elizabeth Taylor,True
ACTRESS IN A SUPPORTING ROLE,The Sundowners,Glynis Johns,True
ACTRESS IN A SUPPORTING ROLE,Elmer Gantry,Shirley Jones,True
ACTRESS IN A SUPPORTING ROLE,The Dark at the Top of the Stairs,Shirley Knight,True
ACTRESS IN A SUPPORTING ROLE,Psycho,Janet Leigh,True
ACTRESS IN A SUPPORTING ROLE,Sons and Lovers,Mary Ure,True
ART DIRECTION (Black-and-White),The Apartment,Art Direction: Alexander Trauner; Set Decoration: Edward G. Boyle,True
ART DIRECTION (Black-and-White),The Facts of Life,"Art Direction: Joseph McMillan Johnson, Kenneth A. Reid; Set Decoration: Ross Dowd",True
ART DIRECTION (Black-and-White),Psycho,"Art Direction: Joseph Hurley, Robert Clatworthy; Set Decoration: George Milo",True
ART DIRECTION (Black-and-White),Sons and Lovers,Art Direction: Tom Morahan; Set Decoration: Lionel Couch,True
ART DIRECTION (Black-and-White),Visit to a Small Planet,"Art Direction: Hal Pereira, Walter Tyler; Set Decoration: Sam Comer, Arthur Krams",True
ART DIRECTION (Color),Cimarron,"Art Direction: George W. Davis, Addison Hehr; Set Decoration: Henry Grace, Hugh Hunt, Otto Siegel",True
ART DIRECTION (Color),It Started in Naples,"Art Direction: Hal Pereira, Roland Anderson; Set Decoration: Sam Comer, Arrigo Breschi",True
ART DIRECTION (Color),Pepe,Art Direction: Ted Haworth; Set Decoration: William Kiernan,True
ART DIRECTION (Color),Spartacus,"Art Direction: Alexander Golitzen, Eric Orbom; Set Decoration: Russell A. Gausman, Julia Heron",True
ART DIRECTION (Color),Sunrise at Campobello,Art Direction: Edward Carrere; Set Decoration: George James Hopkins,True
CINEMATOGRAPHY (Black-and-White),The Apartment,Joseph LaShelle,True
CINEMATOGRAPHY (Black-and-White),The Facts of Life,"Charles B. Lang, Jr.",True
CINEMATOGRAPHY (Black-and-White),Inherit the Wind,Ernest Laszlo,True
CINEMATOGRAPHY (Black-and-White),Psycho,John L. Russell,True
CINEMATOGRAPHY (Black-and-White),Sons and Lovers,Freddie Francis,True
CINEMATOGRAPHY (Color),The Alamo,William H. Clothier,True
CINEMATOGRAPHY (Color),Butterfield 8,"Joseph Ruttenberg, Charles Harten",True
CINEMATOGRAPHY (Color),Exodus,Sam Leavitt,True
CINEMATOGRAPHY (Color),Pepe,Joe MacDonald,True
CINEMATOGRAPHY (Color),Spartacus,Russell Metty,True
COSTUME DESIGN (Black-and-White),The Facts of Life,"Edith Head, Edward Stevenson",True
COSTUME DESIGN (Black-and-White),Never on Sunday,Deni Vachlioti,True
COSTUME DESIGN (Black-and-White),The Rise and Fall of Legs Diamond,Howard Shoup,True
COSTUME DESIGN (Black-and-White),Seven Thieves,Bill Thomas,True
COSTUME DESIGN (Black-and-White),The Virgin Spring,Marik Vos,True
COSTUME DESIGN (Color),Can-Can,Irene Sharaff,True
COSTUME DESIGN (Color),Midnight Lace,Irene,True
COSTUME DESIGN (Color),Pepe,Edith Head,True
COSTUME DESIGN (Color),Spartacus,"Valles, Bill Thomas",True
COSTUME DESIGN (Color),Sunrise at Campobello,Marjorie Best,True
DIRECTING,The Apartment,Billy Wilder,True
DIRECTING,Never on Sunday,Jules Dassin,True
DIRECTING,Psycho,Alfred Hitchcock,True
DIRECTING,Sons and Lovers,Jack Cardiff,True
DIRECTING,The Sundowners,Fred Zinnemann,True
DOCUMENTARY (Feature),The Horse with the Flying Tail,"Larry Lansburgh, Producer",True
DOCUMENTARY (Feature),Rebel in Paradise,"Robert D. Fraser, Producer",True
DOCUMENTARY (Short Subject),Beyond Silence,United States Information Agency,True
DOCUMENTARY (Short Subject),A City Called Copenhagen,"Statens Filmcentral, The Danish Government Film Office",True
DOCUMENTARY (Short Subject),George Grosz' Interregnum,"Charles Carey and Altina Carey, Producers",True
DOCUMENTARY (Short Subject),Giuseppina,"James Hill, Producer",True
DOCUMENTARY (Short Subject),Universe,"Colin Low, Producer",True
FILM EDITING,The Alamo,Stuart Gilmore,True
FILM EDITING,The Apartment,Daniel Mandell,True
FILM EDITING,Inherit the Wind,Frederic Knudtson,True
FILM EDITING,Pepe,"Viola Lawrence, Al Clark",True
FILM EDITING,Spartacus,Robert Lawrence,True
INTERNATIONAL FEATURE FILM,Kapo,Italy,True
INTERNATIONAL FEATURE FILM,La Vérité,France,True
INTERNATIONAL FEATURE FILM,Macario,Mexico,True
INTERNATIONAL FEATURE FILM,The Ninth Circle,Yugoslavia,True
INTERNATIONAL FEATURE FILM,The Virgin Spring,Sweden,True
MUSIC (Original Score),The Alamo,Dimitri Tiomkin,True
MUSIC (Original Score),Elmer Gantry,Andre Previn,True
MUSIC (Original Score),Exodus,Ernest Gold,True
MUSIC (Original Score),The Magnificent Seven,Elmer Bernstein,True
MUSIC (Original Score),Spartacus,Alex North,True
MUSIC (Original Song Score or Adaptation Score),Bells Are Ringing,Andre Previn,True
MUSIC (Original Song Score or Adaptation Score),Can-Can,Nelson Riddle,True
MUSIC (Original Song Score or Adaptation Score),Let's Make Love,"Lionel Newman, Earle H. Hagen",True
MUSIC (Original Song Score or Adaptation Score),Pepe,Johnny Green,True
MUSIC (Original Song Score or Adaptation Score),Song without End (The Story of Franz Liszt),"Morris Stoloff, Harry Sukman",True
MUSIC (Original Song),The Facts of Life,Music and Lyrics by Johnny Mercer,True
MUSIC (Original Song),Pepe,Music by Andre Previn; Lyrics by Dory Langdon,True
MUSIC (Original Song),The Alamo,Music by Dimitri Tiomkin; Lyrics by Paul Francis Webster,True
MUSIC (Original Song),Never on Sunday,Music and Lyrics by Manos Hadjidakis,True
MUSIC (Original Song),High Time,Music by James Van Heusen; Lyrics by Sammy Cahn,True
BEST PICTURE,The Alamo,"John Wayne, Producer",True
BEST PICTURE,The Apartment,"Billy Wilder, Producer",True
BEST PICTURE,Elmer Gantry,"Bernard Smith, Producer",True
BEST PICTURE,Sons and Lovers,"Jerry Wald, Producer",True
BEST PICTURE,The Sundowners,"Fred Zinnemann, Producer",True
SHORT FILM (Animated),Goliath II,"Walt Disney, Producer",True
SHORT FILM (Animated),High Note,Warner Bros.,True
SHORT FILM (Animated),Mouse and Garden,Warner Bros.,True
SHORT FILM (Animated),Munro,"William L. Snyder, Producer",True
SHORT FILM (Animated),A Place in the Sun,"Frantisek Vystrecil, Producer",True
SHORT FILM (Live Action),The Creation of Woman,"Charles F. Schwep and Ismail Merchant, Producers",True
SHORT FILM (Live Action),Day of the Painter,"Ezra R. Baker, Producer",True
SHORT FILM (Live Action),Islands of the Sea,"Walt Disney, Producer",True
SHORT FILM (Live Action),A Sport Is Born,"Leslie Winik, Producer",True
SOUND MIXING,The Alamo,"Samuel Goldwyn Studio Sound Department, Gordon E. Sawyer, Sound Director; and Todd-AO Sound Department, Fred Hynes, Sound Director",True
SOUND MIXING,The Apartment,"Samuel Goldwyn Studio Sound Department, Gordon E. Sawyer, Sound Director",True
SOUND MIXING,Cimarron,"Metro-Goldwyn-Mayer Studio Sound Department, Franklin E. Milton, Sound Director",True
SOUND MIXING,Pepe,"Columbia Studio Sound Department, Charles Rice, Sound Director",True
SOUND MIXING,Sunrise at Campobello,"Warner Bros. Studio Sound Department, George R. Groves, Sound Director",True
VISUAL EFFECTS,The Last Voyage,Visual Effects by A.J. Lohman,True
VISUAL EFFECTS,The Time Machine,"Visual Effects by Gene Warren, Tim Baar",True
WRITING (Adapted Screenplay),Elmer Gantry,Richard Brooks,True
WRITING (Adapted Screenplay),Inherit the Wind,"Nedrick Young, Harold Jacob Smith",True
WRITING (Adapted Screenplay),Sons and Lovers,"Gavin Lambert, T. E. B. Clarke",True
WRITING (Adapted Screenplay),The Sundowners,Isobel Lennart,True
WRITING (Adapted Screenplay),Tunes of Glory,James Kennaway,True
WRITING (Original Screenplay),The Angry Silence,"Story by Richard Gregson, Michael Craig; Screenplay by Bryan Forbes",True
WRITING (Original Screenplay),The Apartment,"Billy Wilder, I. A. L. Diamond",True
WRITING (Original Screenplay),The Facts of Life,"Norman Panama, Melvin Frank",True
WRITING (Original Screenplay),"Hiroshima, Mon Amour",Marguerite Duras,True
WRITING (Original Screenplay),Never on Sunday,Jules Dassin,True
HONORARY AWARD,Pollyanna,nan,True
ACTOR IN A LEADING ROLE,Fanny,Charles Boyer,True
ACTOR IN A LEADING ROLE,The Hustler,Paul Newman,True
ACTOR IN A LEADING ROLE,Judgment at Nuremberg,Maximilian Schell,True
ACTOR IN A LEADING ROLE,Judgment at Nuremberg,Spencer Tracy,True
ACTOR IN A LEADING ROLE,The Mark,Stuart Whitman,True
ACTOR IN A SUPPORTING ROLE,West Side Story,George Chakiris,True
ACTOR IN A SUPPORTING ROLE,Judgment at Nuremberg,Montgomery Clift,True
ACTOR IN A SUPPORTING ROLE,Pocketful of Miracles,Peter Falk,True
ACTOR IN A SUPPORTING ROLE,The Hustler,Jackie Gleason,True
ACTOR IN A SUPPORTING ROLE,The Hustler,George C. Scott,True
ACTRESS IN A LEADING ROLE,Breakfast at Tiffany's,Audrey Hepburn,True
ACTRESS IN A LEADING ROLE,The Hustler,Piper Laurie,True
ACTRESS IN A LEADING ROLE,Two Women,Sophia Loren,True
ACTRESS IN A LEADING ROLE,Summer and Smoke,Geraldine Page,True
ACTRESS IN A LEADING ROLE,Splendor in the Grass,Natalie Wood,True
ACTRESS IN A SUPPORTING ROLE,The Children's Hour,Fay Bainter,True
ACTRESS IN A SUPPORTING ROLE,Judgment at Nuremberg,Judy Garland,True
ACTRESS IN A SUPPORTING ROLE,The Roman Spring of Mrs. Stone,Lotte Lenya,True
ACTRESS IN A SUPPORTING ROLE,Summer and Smoke,Una Merkel,True
ACTRESS IN A SUPPORTING ROLE,West Side Story,Rita Moreno,True
ART DIRECTION (Black-and-White),The Absent Minded Professor,"Art Direction: Carroll Clark; Set Decoration: Emile Kuri, Hal Gausman",True
ART DIRECTION (Black-and-White),The Children's Hour,Art Direction: Fernando Carrere; Set Decoration: Edward G. Boyle,True
ART DIRECTION (Black-and-White),The Hustler,Art Direction: Harry Horner; Set Decoration: Gene Callahan,True
ART DIRECTION (Black-and-White),Judgment at Nuremberg,Art Direction: Rudolph Sternad; Set Decoration: George Milo,True
ART DIRECTION (Black-and-White),La Dolce Vita,Piero Gherardi,True
ART DIRECTION (Color),Breakfast at Tiffany's,"Art Direction: Hal Pereira, Roland Anderson; Set Decoration: Sam Comer, Ray Moyer",True
ART DIRECTION (Color),El Cid,"Art Direction: Veniero Colasanti, John Moore",True
ART DIRECTION (Color),Flower Drum Song,"Art Direction: Alexander Golitzen, Joseph Wright; Set Decoration: Howard Bristol",True
ART DIRECTION (Color),Summer and Smoke,"Art Direction: Hal Pereira, Walter Tyler; Set Decoration: Sam Comer, Arthur Krams",True
ART DIRECTION (Color),West Side Story,Art Direction: Boris Leven; Set Decoration: Victor A. Gangelin,True
CINEMATOGRAPHY (Black-and-White),The Absent Minded Professor,Edward Colman,True
CINEMATOGRAPHY (Black-and-White),The Children's Hour,Franz F. Planer,True
CINEMATOGRAPHY (Black-and-White),The Hustler,Eugen Shuftan,True
CINEMATOGRAPHY (Black-and-White),Judgment at Nuremberg,Ernest Laszlo,True
CINEMATOGRAPHY (Black-and-White),"One, Two, Three",Daniel L. Fapp,True
CINEMATOGRAPHY (Color),Fanny,Jack Cardiff,True
CINEMATOGRAPHY (Color),Flower Drum Song,Russell Metty,True
CINEMATOGRAPHY (Color),A Majority of One,"Harry Stradling, Sr.",True
CINEMATOGRAPHY (Color),One-Eyed Jacks,"Charles Lang, Jr.",True
CINEMATOGRAPHY (Color),West Side Story,Daniel L. Fapp,True
COSTUME DESIGN (Black-and-White),The Children's Hour,Dorothy Jeakins,True
COSTUME DESIGN (Black-and-White),Claudelle Inglish,Howard Shoup,True
COSTUME DESIGN (Black-and-White),Judgment at Nuremberg,Jean Louis,True
COSTUME DESIGN (Black-and-White),La Dolce Vita,Piero Gherardi,True
COSTUME DESIGN (Black-and-White),Yojimbo,Yoshiro Muraki,True
COSTUME DESIGN (Color),Babes in Toyland,Bill Thomas,True
COSTUME DESIGN (Color),Back Street,Jean Louis,True
COSTUME DESIGN (Color),Flower Drum Song,Irene Sharaff,True
COSTUME DESIGN (Color),Pocketful of Miracles,"Edith Head, Walter Plunkett",True
COSTUME DESIGN (Color),West Side Story,Irene Sharaff,True
DIRECTING,The Guns of Navarone,J. Lee Thompson,True
DIRECTING,The Hustler,Robert Rossen,True
DIRECTING,Judgment at Nuremberg,Stanley Kramer,True
DIRECTING,La Dolce Vita,Federico Fellini,True
DIRECTING,West Side Story,"Robert Wise, Jerome Robbins",True
DOCUMENTARY (Feature),La Grande Olimpiade (Olympic Games 1960),"dell Istituto Nazionale Luce, Comitato Organizzatore Del Giochi Della XVII Olimpiade",True
DOCUMENTARY (Feature),Le Ciel et la Boue (Sky Above and Mud Beneath),"Arthur Cohn and Rene Lafuite, Producers",True
DOCUMENTARY (Short Subject),Breaking the Language Barrier,United States Air Force,True
DOCUMENTARY (Short Subject),Cradle of Genius,"Jim O'Connor and Tom Hayes, Producers",True
DOCUMENTARY (Short Subject),Kahl,Dido-Film-GmbH,True
DOCUMENTARY (Short Subject),L'Uomo in Grigio (The Man in Gray),"Benedetto Benedetti, Producer",True
DOCUMENTARY (Short Subject),Project Hope,"Frank P. Bibas, Producer",True
FILM EDITING,Fanny,William H. Reynolds,True
FILM EDITING,The Guns of Navarone,Alan Osbiston,True
FILM EDITING,Judgment at Nuremberg,Frederic Knudtson,True
FILM EDITING,The Parent Trap,Philip W. Anderson,True
FILM EDITING,West Side Story,Thomas Stanford,True
INTERNATIONAL FEATURE FILM,Harry and the Butler,Denmark,True
INTERNATIONAL FEATURE FILM,Immortal Love,Japan,True
INTERNATIONAL FEATURE FILM,The Important Man,Mexico,True
INTERNATIONAL FEATURE FILM,Placido,Spain,True
INTERNATIONAL FEATURE FILM,Through a Glass Darkly,Sweden,True
MUSIC (Original Score),Breakfast at Tiffany's,Henry Mancini,True
MUSIC (Original Score),El Cid,Miklos Rozsa,True
MUSIC (Original Score),Fanny,"Morris Stoloff, Harry Sukman",True
MUSIC (Original Score),The Guns of Navarone,Dimitri Tiomkin,True
MUSIC (Original Score),Summer and Smoke,Elmer Bernstein,True
MUSIC (Original Song Score or Adaptation Score),Babes in Toyland,George Bruns,True
MUSIC (Original Song Score or Adaptation Score),Flower Drum Song,"Alfred Newman, Ken Darby",True
MUSIC (Original Song Score or Adaptation Score),Khovanshchina,Dimitri Shostakovich,True
MUSIC (Original Song Score or Adaptation Score),Paris Blues,Duke Ellington,True
MUSIC (Original Song Score or Adaptation Score),West Side Story,"Saul Chaplin, Johnny Green, Sid Ramin, Irwin Kostal",True
MUSIC (Original Song),Bachelor in Paradise,Music by Henry Mancini; Lyrics by Mack David,True
MUSIC (Original Song),El Cid,Music by Miklos Rozsa; Lyrics by Paul Francis Webster,True
MUSIC (Original Song),Breakfast at Tiffany's,Music by Henry Mancini; Lyrics by Johnny Mercer,True
MUSIC (Original Song),Pocketful of Miracles,Music by James Van Heusen; Lyrics by Sammy Cahn,True
MUSIC (Original Song),Town without Pity,Music by Dimitri Tiomkin; Lyrics by Ned Washington,True
BEST PICTURE,Fanny,"Joshua Logan, Producer",True
BEST PICTURE,The Guns of Navarone,"Carl Foreman, Producer",True
BEST PICTURE,The Hustler,"Robert Rossen, Producer",True
BEST PICTURE,Judgment at Nuremberg,"Stanley Kramer, Producer",True
BEST PICTURE,West Side Story,"Robert Wise, Producer",True
SHORT FILM (Animated),Aquamania,"Walt Disney, Producer",True
SHORT FILM (Animated),Beep Prepared,"Chuck Jones, Producer",True
SHORT FILM (Animated),Ersatz (The Substitute),Zagreb Film,True
SHORT FILM (Animated),Nelly's Folly,"Chuck Jones, Producer",True
SHORT FILM (Animated),The Pied Piper of Guadalupe,"Friz Freleng, Producer",True
SHORT FILM (Live Action),Ballon Vole (Play Ball!),Ciné-Documents,True
SHORT FILM (Live Action),The Face of Jesus,"Dr. John D. Jennings, Producer",True
SHORT FILM (Live Action),Rooftops of New York,"Robert Gaffney, Producer",True
SHORT FILM (Live Action),Seawards the Great Ships,Templar Film Studios,True
SHORT FILM (Live Action),"Very Nice, Very Nice",National Film Board of Canada,True
SOUND MIXING,The Children's Hour,"Samuel Goldwyn Studio Sound Department, Gordon E. Sawyer, Sound Director",True
SOUND MIXING,Flower Drum Song,"Revue Studio Sound Department, Waldon O. Watson, Sound Director",True
SOUND MIXING,The Guns of Navarone,"Shepperton Studio Sound Department, John Cox, Sound Director",True
SOUND MIXING,The Parent Trap,"Walt Disney Studio Sound Department, Robert O. Cook, Sound Director",True
SOUND MIXING,West Side Story,"Todd-AO Sound Department, Fred Hynes, Sound Director; and Samuel Goldwyn Studio Sound Department, Gordon E. Sawyer, Sound Director",True
VISUAL EFFECTS,The Absent Minded Professor,"Visual Effects by Robert A. Mattey, Eustace Lycett",True
VISUAL EFFECTS,The Guns of Navarone,Visual Effects by Bill Warrington; Audible Effects by Vivian C. Greenham,True
WRITING (Adapted Screenplay),Breakfast at Tiffany's,George Axelrod,True
WRITING (Adapted Screenplay),The Guns of Navarone,Carl Foreman,True
WRITING (Adapted Screenplay),The Hustler,"Sidney Carroll, Robert Rossen",True
WRITING (Adapted Screenplay),Judgment at Nuremberg,Abby Mann,True
WRITING (Adapted Screenplay),West Side Story,Ernest Lehman,True
WRITING (Original Screenplay),Ballad of a Soldier,"Valentin Yoshov, Grigori Chukhrai",True
WRITING (Original Screenplay),General Della Rovere,"Sergio Amidei, Diego Fabbri, Indro Montanelli",True
WRITING (Original Screenplay),La Dolce Vita,"Federico Fellini, Tullio Pinelli, Ennio Flaiano, Brunello Rondi",True
WRITING (Original Screenplay),Lover Come Back,"Stanley Shapiro, Paul Henning",True
WRITING (Original Screenplay),Splendor in the Grass,William Inge,True
HONORARY AWARD,A Force in Readiness,nan,True
ACTOR IN A LEADING ROLE,Birdman of Alcatraz,Burt Lancaster,True
ACTOR IN A LEADING ROLE,Days of Wine and Roses,Jack Lemmon,True
ACTOR IN A LEADING ROLE,Divorce--Italian Style,Marcello Mastroianni,True
ACTOR IN A LEADING ROLE,Lawrence of Arabia,Peter O'Toole,True
ACTOR IN A LEADING ROLE,To Kill a Mockingbird,Gregory Peck,True
ACTOR IN A SUPPORTING ROLE,Sweet Bird of Youth,Ed Begley,True
ACTOR IN A SUPPORTING ROLE,What Ever Happened to Baby Jane?,Victor Buono,True
ACTOR IN A SUPPORTING ROLE,Birdman of Alcatraz,Telly Savalas,True
ACTOR IN A SUPPORTING ROLE,Lawrence of Arabia,Omar Sharif,True
ACTOR IN A SUPPORTING ROLE,Billy Budd,Terence Stamp,True
ACTRESS IN A LEADING ROLE,The Miracle Worker,Anne Bancroft,True
ACTRESS IN A LEADING ROLE,What Ever Happened to Baby Jane?,Bette Davis,True
ACTRESS IN A LEADING ROLE,Long Day's Journey into Night,Katharine Hepburn,True
ACTRESS IN A LEADING ROLE,Sweet Bird of Youth,Geraldine Page,True
ACTRESS IN A LEADING ROLE,Days of Wine and Roses,Lee Remick,True
ACTRESS IN A SUPPORTING ROLE,To Kill a Mockingbird,Mary Badham,True
ACTRESS IN A SUPPORTING ROLE,The Miracle Worker,Patty Duke,True
ACTRESS IN A SUPPORTING ROLE,Sweet Bird of Youth,Shirley Knight,True
ACTRESS IN A SUPPORTING ROLE,The Manchurian Candidate,Angela Lansbury,True
ACTRESS IN A SUPPORTING ROLE,Birdman of Alcatraz,Thelma Ritter,True
ART DIRECTION (Black-and-White),Days of Wine and Roses,Art Direction: Joseph Wright; Set Decoration: George James Hopkins,True
ART DIRECTION (Black-and-White),The Longest Day,"Art Direction: Ted Haworth, Leon Barsacq, Vincent Korda; Set Decoration: Gabriel Bechir",True
ART DIRECTION (Black-and-White),Period of Adjustment,"Art Direction: George W. Davis, Edward Carfagno; Set Decoration: Henry Grace, Dick Pefferle",True
ART DIRECTION (Black-and-White),The Pigeon That Took Rome,"Art Direction: Hal Pereira, Roland Anderson; Set Decoration: Sam Comer, Frank R. McKelvy",True
ART DIRECTION (Black-and-White),To Kill a Mockingbird,"Art Direction: Alexander Golitzen, Henry Bumstead; Set Decoration: Oliver Emert",True
ART DIRECTION (Color),Lawrence of Arabia,"Art Direction: John Box, John Stoll; Set Decoration: Dario Simoni",True
ART DIRECTION (Color),Meredith Willson's The Music Man,Art Direction: Paul Groesse; Set Decoration: George James Hopkins,True
ART DIRECTION (Color),Mutiny on the Bounty,"Art Direction: George W. Davis, J. McMillan Johnson; Set Decoration: Henry Grace, Hugh Hunt",True
ART DIRECTION (Color),That Touch of Mink,"Art Direction: Alexander Golitzen, Robert Clatworthy; Set Decoration: George Milo",True
ART DIRECTION (Color),The Wonderful World of the Brothers Grimm,"Art Direction: George W. Davis, Edward Carfagno; Set Decoration: Henry Grace, Dick Pefferle",True
CINEMATOGRAPHY (Black-and-White),Birdman of Alcatraz,Burnett Guffey,True
CINEMATOGRAPHY (Black-and-White),The Longest Day,"Jean Bourgoin, Walter Wottitz, (Henri Persin)",True
CINEMATOGRAPHY (Black-and-White),To Kill a Mockingbird,Russell Harlan,True
CINEMATOGRAPHY (Black-and-White),Two for the Seesaw,Ted McCord,True
CINEMATOGRAPHY (Black-and-White),What Ever Happened to Baby Jane?,Ernest Haller,True
CINEMATOGRAPHY (Color),Gypsy,"Harry Stradling, Sr.",True
CINEMATOGRAPHY (Color),Hatari!,Russell Harlan,True
CINEMATOGRAPHY (Color),Lawrence of Arabia,Fred A. Young,True
CINEMATOGRAPHY (Color),Mutiny on the Bounty,Robert L. Surtees,True
CINEMATOGRAPHY (Color),The Wonderful World of the Brothers Grimm,Paul C. Vogel,True
COSTUME DESIGN (Black-and-White),Days of Wine and Roses,Don Feld,True
COSTUME DESIGN (Black-and-White),The Man Who Shot Liberty Valance,Edith Head,True
COSTUME DESIGN (Black-and-White),The Miracle Worker,Ruth Morley,True
COSTUME DESIGN (Black-and-White),Phaedra,Denny Vachlioti,True
COSTUME DESIGN (Black-and-White),What Ever Happened to Baby Jane?,Norma Koch,True
COSTUME DESIGN (Color),Bon Voyage!,Bill Thomas,True
COSTUME DESIGN (Color),Gypsy,Orry-Kelly,True
COSTUME DESIGN (Color),Meredith Willson's The Music Man,Dorothy Jeakins,True
COSTUME DESIGN (Color),My Geisha,Edith Head,True
COSTUME DESIGN (Color),The Wonderful World of the Brothers Grimm,Mary Wills,True
DIRECTING,David and Lisa,Frank Perry,True
DIRECTING,Divorce--Italian Style,Pietro Germi,True
DIRECTING,Lawrence of Arabia,David Lean,True
DIRECTING,The Miracle Worker,Arthur Penn,True
DIRECTING,To Kill a Mockingbird,Robert Mulligan,True
DOCUMENTARY (Feature),Alvorada (Brazil's Changing Face),"Hugo Niebeling, Producer",True
DOCUMENTARY (Feature),Black Fox,"Louis Clyde Stoumen, Producer",True
DOCUMENTARY (Short Subject),Dylan Thomas,"Jack Howells, Producer",True
DOCUMENTARY (Short Subject),The John Glenn Story,"William L. Hendricks, Producer",True
DOCUMENTARY (Short Subject),The Road to the Wall,"Robert Saudek, Producer",True
FILM EDITING,Lawrence of Arabia,Anne Coates,True
FILM EDITING,The Longest Day,Samuel E. Beetley,True
FILM EDITING,The Manchurian Candidate,Ferris Webster,True
FILM EDITING,Meredith Willson's The Music Man,William Ziegler,True
FILM EDITING,Mutiny on the Bounty,"John McSweeney, Jr.",True
INTERNATIONAL FEATURE FILM,Electra,Greece,True
INTERNATIONAL FEATURE FILM,The Four Days of Naples,Italy,True
INTERNATIONAL FEATURE FILM,Keeper of Promises (The Given Word),Brazil,True
INTERNATIONAL FEATURE FILM,Sundays and Cybele,France,True
INTERNATIONAL FEATURE FILM,Tlayucan,Mexico,True
MUSIC (Original Score),Freud,Jerry Goldsmith,True
MUSIC (Original Score),Lawrence of Arabia,Maurice Jarre,True
MUSIC (Original Score),Mutiny on the Bounty,Bronislau Kaper,True
MUSIC (Original Score),Taras Bulba,Franz Waxman,True
MUSIC (Original Score),To Kill a Mockingbird,Elmer Bernstein,True
MUSIC (Original Song Score or Adaptation Score),Billy Rose's Jumbo,George Stoll,True
MUSIC (Original Song Score or Adaptation Score),Gigot,Michel Magne,True
MUSIC (Original Song Score or Adaptation Score),Gypsy,Frank Perkins,True
MUSIC (Original Song Score or Adaptation Score),Meredith Willson's The Music Man,Ray Heindorf,True
MUSIC (Original Song Score or Adaptation Score),The Wonderful World of the Brothers Grimm,Leigh Harline,True
MUSIC (Original Song),Days of Wine and Roses,Music by Henry Mancini; Lyrics by Johnny Mercer,True
MUSIC (Original Song),Mutiny on the Bounty,Music by Bronislau Kaper; Lyrics by Paul Francis Webster,True
MUSIC (Original Song),Two for the Seesaw,Music by Andre Previn; Lyrics by Dory Langdon,True
MUSIC (Original Song),Tender Is the Night,Music by Sammy Fain; Lyrics by Paul Francis Webster,True
MUSIC (Original Song),Walk on the Wild Side,Music by Elmer Bernstein; Lyrics by Mack David,True
BEST PICTURE,Lawrence of Arabia,"Sam Spiegel, Producer",True
BEST PICTURE,The Longest Day,"Darryl F. Zanuck, Producer",True
BEST PICTURE,Meredith Willson's The Music Man,"Morton Da Costa, Producer",True
BEST PICTURE,Mutiny on the Bounty,"Aaron Rosenberg, Producer",True
BEST PICTURE,To Kill a Mockingbird,"Alan J. Pakula, Producer",True
SHORT FILM (Animated),The Hole,"John Hubley and Faith Hubley, Producers",True
SHORT FILM (Animated),Icarus Montgolfier Wright,"Jules Engel, Producer",True
SHORT FILM (Animated),Now Hear This,Warner Bros.,True
SHORT FILM (Animated),Self Defense--For Cowards,"William L. Snyder, Producer",True
SHORT FILM (Animated),Symposium on Popular Songs,"Walt Disney, Producer",True
SHORT FILM (Live Action),Big City Blues,"Martina Huguenot van der Linden and Charles Huguenot van der Linden, Producers",True
SHORT FILM (Live Action),The Cadillac,"Robert Clouse, Producer",True
SHORT FILM (Live Action),The Cliff Dwellers (formerly titled 'One Plus One'),"Hayward Anderson, Producer",True
SHORT FILM (Live Action),Heureux Anniversaire (Happy Anniversary),"Pierre Etaix and J.C. Carrière, Producers",True
SHORT FILM (Live Action),Pan,"Herman van der Horst, Producer",True
SOUND MIXING,Bon Voyage!,"Walt Disney Studio Sound Department, Robert O. Cook, Sound Director",True
SOUND MIXING,Lawrence of Arabia,"Shepperton Studio Sound Department, John Cox, Sound Director",True
SOUND MIXING,Meredith Willson's The Music Man,"Warner Bros. Studio Sound Department, George R. Groves, Sound Director",True
SOUND MIXING,That Touch of Mink,"Universal City Studio Sound Department, Waldon O. Watson, Sound Director",True
SOUND MIXING,What Ever Happened to Baby Jane?,"Glen Glenn Sound Department, Joseph Kelly, Sound Director",True
VISUAL EFFECTS,The Longest Day,Visual Effects by Robert MacDonald; Audible Effects by Jacques Maumont,True
VISUAL EFFECTS,Mutiny on the Bounty,Visual Effects by A. Arnold Gillespie; Audible Effects by Milo Lory,True
WRITING (Adapted Screenplay),David and Lisa,Eleanor Perry,True
WRITING (Adapted Screenplay),Lawrence of Arabia,"Robert Bolt, Michael Wilson",True
WRITING (Adapted Screenplay),Lolita,Vladimir Nabokov,True
WRITING (Adapted Screenplay),The Miracle Worker,William Gibson,True
WRITING (Adapted Screenplay),To Kill a Mockingbird,Horton Foote,True
WRITING (Original Screenplay),Divorce--Italian Style,"Ennio de Concini, Alfredo Giannetti, Pietro Germi",True
WRITING (Original Screenplay),Freud,"Story by Charles Kaufman; Screenplay by Charles Kaufman, Wolfgang Reinhardt",True
WRITING (Original Screenplay),Last Year at Marienbad,Alain Robbe-Grillet,True
WRITING (Original Screenplay),That Touch of Mink,"Stanley Shapiro, Nate Monaster",True
WRITING (Original Screenplay),Through a Glass Darkly,Ingmar Bergman,True
ACTOR IN A LEADING ROLE,Tom Jones,Albert Finney,True
ACTOR IN A LEADING ROLE,This Sporting Life,Richard Harris,True
ACTOR IN A LEADING ROLE,Cleopatra,Rex Harrison,True
ACTOR IN A LEADING ROLE,Hud,Paul Newman,True
ACTOR IN A LEADING ROLE,Lilies of the Field,Sidney Poitier,True
ACTOR IN A SUPPORTING ROLE,Twilight of Honor,Nick Adams,True
ACTOR IN A SUPPORTING ROLE,"Captain Newman, M.D.",Bobby Darin,True
ACTOR IN A SUPPORTING ROLE,Hud,Melvyn Douglas,True
ACTOR IN A SUPPORTING ROLE,Tom Jones,Hugh Griffith,True
ACTOR IN A SUPPORTING ROLE,The Cardinal,John Huston,True
ACTRESS IN A LEADING ROLE,The L-Shaped Room,Leslie Caron,True
ACTRESS IN A LEADING ROLE,Irma La Douce,Shirley MacLaine,True
ACTRESS IN A LEADING ROLE,Hud,Patricia Neal,True
ACTRESS IN A LEADING ROLE,This Sporting Life,Rachel Roberts,True
ACTRESS IN A LEADING ROLE,Love with the Proper Stranger,Natalie Wood,True
ACTRESS IN A SUPPORTING ROLE,Tom Jones,Diane Cilento,True
ACTRESS IN A SUPPORTING ROLE,Tom Jones,Dame Edith Evans,True
ACTRESS IN A SUPPORTING ROLE,Tom Jones,Joyce Redman,True
ACTRESS IN A SUPPORTING ROLE,The V.I.P.s,Margaret Rutherford,True
ACTRESS IN A SUPPORTING ROLE,Lilies of the Field,Lilia Skala,True
ART DIRECTION (Black-and-White),America America,Gene Callahan,True
ART DIRECTION (Black-and-White),Federico Fellini's 8-1/2,Piero Gherardi,True
ART DIRECTION (Black-and-White),Hud,"Art Direction: Hal Pereira, Tambi Larsen; Set Decoration: Sam Comer, Robert Benton",True
ART DIRECTION (Black-and-White),Love with the Proper Stranger,"Art Direction: Hal Pereira, Roland Anderson; Set Decoration: Sam Comer, Grace Gregory",True
ART DIRECTION (Black-and-White),Twilight of Honor,"Art Direction: George W. Davis, Paul Groesse; Set Decoration: Henry Grace, Hugh Hunt",True
ART DIRECTION (Color),The Cardinal,Art Direction: Lyle Wheeler; Set Decoration: Gene Callahan,True
ART DIRECTION (Color),Cleopatra,"Art Direction: John DeCuir, Jack Martin Smith, Hilyard Brown, Herman Blumenthal, Elven Webb, Maurice Pelling, Boris Juraga; Set Decoration: Walter M. Scott, Paul S. Fox, Ray Moyer",True
ART DIRECTION (Color),Come Blow Your Horn,"Art Direction: Hal Pereira, Roland Anderson; Set Decoration: Sam Comer, James Payne",True
ART DIRECTION (Color),How the West Was Won,"Art Direction: George W. Davis, William Ferrari, Addison Hehr; Set Decoration: Henry Grace, Don Greenwood, Jr., Jack Mills",True
ART DIRECTION (Color),Tom Jones,"Art Direction: Ralph Brinton, Ted Marshall, Jocelyn Herbert; Set Decoration: Josie MacAvin",True
CINEMATOGRAPHY (Black-and-White),The Balcony,George Folsey,True
CINEMATOGRAPHY (Black-and-White),The Caretakers,Lucien Ballard,True
CINEMATOGRAPHY (Black-and-White),Hud,James Wong Howe,True
CINEMATOGRAPHY (Black-and-White),Lilies of the Field,Ernest Haller,True
CINEMATOGRAPHY (Black-and-White),Love with the Proper Stranger,Milton Krasner,True
CINEMATOGRAPHY (Color),The Cardinal,Leon Shamroy,True
CINEMATOGRAPHY (Color),Cleopatra,Leon Shamroy,True
CINEMATOGRAPHY (Color),How the West Was Won,"William H. Daniels, Milton Krasner, Charles Lang, Jr., Joseph LaShelle",True
CINEMATOGRAPHY (Color),Irma La Douce,Joseph LaShelle,True
CINEMATOGRAPHY (Color),"It's a Mad, Mad, Mad, Mad World",Ernest Laszlo,True
COSTUME DESIGN (Black-and-White),Federico Fellini's 8-1/2,Piero Gherardi,True
COSTUME DESIGN (Black-and-White),Love with the Proper Stranger,Edith Head,True
COSTUME DESIGN (Black-and-White),The Stripper,Travilla,True
COSTUME DESIGN (Black-and-White),Toys in the Attic,Bill Thomas,True
COSTUME DESIGN (Black-and-White),Wives and Lovers,Edith Head,True
COSTUME DESIGN (Color),The Cardinal,Donald Brooks,True
COSTUME DESIGN (Color),Cleopatra,"Irene Sharaff, Vittorio Nino Novarese, Renie",True
COSTUME DESIGN (Color),How the West Was Won,Walter Plunkett,True
COSTUME DESIGN (Color),The Leopard,Piero Tosi,True
COSTUME DESIGN (Color),A New Kind of Love,Edith Head,True
DIRECTING,America America,Elia Kazan,True
DIRECTING,The Cardinal,Otto Preminger,True
DIRECTING,Federico Fellini's 8-1/2,Federico Fellini,True
DIRECTING,Hud,Martin Ritt,True
DIRECTING,Tom Jones,Tony Richardson,True
DOCUMENTARY (Feature),Le Maillon et la Chaine (The Link and the Chain),"Paul de Roubaix, Producer",True
DOCUMENTARY (Feature),Robert Frost: A Lover's Quarrel with the World,"Robert Hughes, Producer",True
DOCUMENTARY (Feature),Terminus,"Edgar Anstey, Producer",True
DOCUMENTARY (Feature),The Yanks Are Coming,"Marshall Flaum, Producer",True
DOCUMENTARY (Short Subject),Chagall,"Simon Schiffrin, Producer",True
DOCUMENTARY (Short Subject),The Five Cities of June,"George Stevens, Jr., Producer",True
DOCUMENTARY (Short Subject),The Spirit of America,"Algernon G. Walker, Producer",True
DOCUMENTARY (Short Subject),Thirty Million Letters,"Edgar Anstey, Producer",True
DOCUMENTARY (Short Subject),To Live Again,"Mel London, Producer",True
FILM EDITING,The Cardinal,Louis R. Loeffler,True
FILM EDITING,Cleopatra,Dorothy Spencer,True
FILM EDITING,The Great Escape,Ferris Webster,True
FILM EDITING,How the West Was Won,Harold F. Kress,True
FILM EDITING,"It's a Mad, Mad, Mad, Mad World","Frederic Knudtson, Robert C. Jones, Gene Fowler, Jr.",True
INTERNATIONAL FEATURE FILM,Federico Fellini's 8-1/2,Italy,True
INTERNATIONAL FEATURE FILM,Knife in the Water,Poland,True
INTERNATIONAL FEATURE FILM,Los Tarantos,Spain,True
INTERNATIONAL FEATURE FILM,The Red Lanterns,Greece,True
INTERNATIONAL FEATURE FILM,Twin Sisters of Kyoto,Japan,True
MUSIC (Original Score),Cleopatra,Alex North,True
MUSIC (Original Score),55 Days at Peking,Dimitri Tiomkin,True
MUSIC (Original Score),How the West Was Won,"Alfred Newman, Ken Darby",True
MUSIC (Original Score),"It's a Mad, Mad, Mad, Mad World",Ernest Gold,True
MUSIC (Original Score),Tom Jones,John Addison,True
MUSIC (Original Song Score or Adaptation Score),Bye Bye Birdie,John Green,True
MUSIC (Original Song Score or Adaptation Score),Irma La Douce,Andre Previn,True
MUSIC (Original Song Score or Adaptation Score),A New Kind of Love,Leith Stevens,True
MUSIC (Original Song Score or Adaptation Score),Sundays and Cybele,Maurice Jarre,True
MUSIC (Original Song Score or Adaptation Score),The Sword in the Stone,George Bruns,True
MUSIC (Original Song),Papa's Delicate Condition,Music by James Van Heusen; Lyrics by Sammy Cahn,True
MUSIC (Original Song),Charade,Music by Henry Mancini; Lyrics by Johnny Mercer,True
MUSIC (Original Song),"It's a Mad, Mad, Mad, Mad World",Music by Ernest Gold; Lyrics by Mack David,True
MUSIC (Original Song),Mondo Cane,Music by Riz Ortolani and Nino Oliviero; Lyrics by Norman Newell,True
MUSIC (Original Song),55 Days at Peking,Music by Dimitri Tiomkin; Lyrics by Paul Francis Webster,True
BEST PICTURE,America America,"Elia Kazan, Producer",True
BEST PICTURE,Cleopatra,"Walter Wanger, Producer",True
BEST PICTURE,How the West Was Won,"Bernard Smith, Producer",True
BEST PICTURE,Lilies of the Field,"Ralph Nelson, Producer",True
BEST PICTURE,Tom Jones,"Tony Richardson, Producer",True
SHORT FILM (Animated),Automania 2000,"John Halas, Producer",True
SHORT FILM (Animated),The Critic,"Ernest Pintoff, Producer",True
SHORT FILM (Animated),The Game (Igra),"Dusan Vukotic, Producer",True
SHORT FILM (Animated),My Financial Career,"Colin Low and Tom Daly, Producers",True
SHORT FILM (Animated),Pianissimo,"Carmen D'Avino, Producer",True
SHORT FILM (Live Action),The Concert,"Ezra Baker, Producer",True
SHORT FILM (Live Action),Home-Made Car,"James Hill, Producer",True
SHORT FILM (Live Action),An Occurrence at Owl Creek Bridge,"Paul de Roubaix and Marcel Ichac, Producers",True
SHORT FILM (Live Action),Six-Sided Triangle,"Christopher Miles, Producer",True
SHORT FILM (Live Action),That's Me,"Walker Stuart, Producer",True
SOUND MIXING,Bye Bye Birdie,"Columbia Studio Sound Department, Charles Rice, Sound Director",True
SOUND MIXING,"Captain Newman, M.D.","Universal City Studio Sound Department, Waldon O. Watson, Sound Director",True
SOUND MIXING,Cleopatra,"20th Century-Fox Studio Sound Department, James P. Corcoran, Sound Director; and Todd-AO Sound Department, Fred Hynes, Sound Director",True
SOUND MIXING,How the West Was Won,"Metro-Goldwyn-Mayer Studio Sound Department, Franklin E. Milton, Sound Director",True
SOUND MIXING,"It's a Mad, Mad, Mad, Mad World","Samuel Goldwyn Studio Sound Department, Gordon E. Sawyer, Sound Director",True
SOUND EDITING,A Gathering of Eagles,Robert L. Bratton,True
SOUND EDITING,"It's a Mad, Mad, Mad, Mad World",Walter G. Elliott,True
VISUAL EFFECTS,The Birds,Ub Iwerks,True
VISUAL EFFECTS,Cleopatra,"Emil Kosa, Jr.",True
WRITING (Adapted Screenplay),"Captain Newman, M.D.","Richard L. Breen, Phoebe Ephron, Henry Ephron",True
WRITING (Adapted Screenplay),Hud,"Irving Ravetch, Harriet Frank, Jr.",True
WRITING (Adapted Screenplay),Lilies of the Field,James Poe,True
WRITING (Adapted Screenplay),Sundays and Cybele,"Serge Bourguignon, Antoine Tudal",True
WRITING (Adapted Screenplay),Tom Jones,John Osborne,True
WRITING (Original Screenplay),America America,Elia Kazan,True
WRITING (Original Screenplay),Federico Fellini's 8-1/2,"Federico Fellini, Ennio Flaiano, Tullio Pinelli, Brunello Rondi",True
WRITING (Original Screenplay),The Four Days of Naples,"Story by Pasquale Festa Campanile, Massimo Franciosa, Nanni Loy, Vasco Pratolini; Screenplay by Carlo Bernari, Pasquale Festa Campanile, Massimo Franciosa, Nanni Loy",True
WRITING (Original Screenplay),How the West Was Won,James R. Webb,True
WRITING (Original Screenplay),Love with the Proper Stranger,Arnold Schulman,True
ACTOR IN A LEADING ROLE,Becket,Richard Burton,True
ACTOR IN A LEADING ROLE,My Fair Lady,Rex Harrison,True
ACTOR IN A LEADING ROLE,Becket,Peter O'Toole,True
ACTOR IN A LEADING ROLE,Zorba the Greek,Anthony Quinn,True
ACTOR IN A LEADING ROLE,Dr. Strangelove or: How I Learned to Stop Worrying and Love the Bomb,Peter Sellers,True
ACTOR IN A SUPPORTING ROLE,Becket,John Gielgud,True
ACTOR IN A SUPPORTING ROLE,My Fair Lady,Stanley Holloway,True
ACTOR IN A SUPPORTING ROLE,Seven Days in May,Edmond O'Brien,True
ACTOR IN A SUPPORTING ROLE,The Best Man,Lee Tracy,True
ACTOR IN A SUPPORTING ROLE,Topkapi,Peter Ustinov,True
ACTRESS IN A LEADING ROLE,Mary Poppins,Julie Andrews,True
ACTRESS IN A LEADING ROLE,The Pumpkin Eater,Anne Bancroft,True
ACTRESS IN A LEADING ROLE,Marriage Italian Style,Sophia Loren,True
ACTRESS IN A LEADING ROLE,The Unsinkable Molly Brown,Debbie Reynolds,True
ACTRESS IN A LEADING ROLE,Seance on a Wet Afternoon,Kim Stanley,True
ACTRESS IN A SUPPORTING ROLE,My Fair Lady,Gladys Cooper,True
ACTRESS IN A SUPPORTING ROLE,The Chalk Garden,Dame Edith Evans,True
ACTRESS IN A SUPPORTING ROLE,The Night of the Iguana,Grayson Hall,True
ACTRESS IN A SUPPORTING ROLE,Zorba the Greek,Lila Kedrova,True
ACTRESS IN A SUPPORTING ROLE,"Hush...Hush, Sweet Charlotte",Agnes Moorehead,True
ART DIRECTION (Black-and-White),The Americanization of Emily,"Art Direction: George W. Davis, Hans Peters, Elliot Scott; Set Decoration: Henry Grace, Robert R. Benton",True
ART DIRECTION (Black-and-White),"Hush...Hush, Sweet Charlotte",Art Direction: William Glasgow; Set Decoration: Raphael Bretton,True
ART DIRECTION (Black-and-White),The Night of the Iguana,Stephen Grimes,True
ART DIRECTION (Black-and-White),Seven Days in May,Art Direction: Cary Odell; Set Decoration: Edward G. Boyle,True
ART DIRECTION (Black-and-White),Zorba the Greek,Vassilis Fotopoulos,True
ART DIRECTION (Color),Becket,"Art Direction: John Bryan, Maurice Carter; Set Decoration: Patrick McLoughlin, Robert Cartwright",True
ART DIRECTION (Color),Mary Poppins,"Art Direction: Carroll Clark, William H. Tuntke; Set Decoration: Emile Kuri, Hal Gausman",True
ART DIRECTION (Color),My Fair Lady,"Art Direction: Gene Allen, Cecil Beaton; Set Decoration: George James Hopkins",True
ART DIRECTION (Color),The Unsinkable Molly Brown,"Art Direction: George W. Davis, Preston Ames; Set Decoration: Henry Grace, Hugh Hunt",True
ART DIRECTION (Color),What a Way to Go!,"Art Direction: Jack Martin Smith, Ted Haworth; Set Decoration: Walter M. Scott, Stuart A. Reiss",True
CINEMATOGRAPHY (Black-and-White),The Americanization of Emily,Philip H. Lathrop,True
CINEMATOGRAPHY (Black-and-White),Fate Is the Hunter,Milton Krasner,True
CINEMATOGRAPHY (Black-and-White),"Hush...Hush, Sweet Charlotte",Joseph Biroc,True
CINEMATOGRAPHY (Black-and-White),The Night of the Iguana,Gabriel Figueroa,True
CINEMATOGRAPHY (Black-and-White),Zorba the Greek,Walter Lassally,True
CINEMATOGRAPHY (Color),Becket,Geoffrey Unsworth,True
CINEMATOGRAPHY (Color),Cheyenne Autumn,William H. Clothier,True
CINEMATOGRAPHY (Color),Mary Poppins,Edward Colman,True
CINEMATOGRAPHY (Color),My Fair Lady,Harry Stradling,True
CINEMATOGRAPHY (Color),The Unsinkable Molly Brown,Daniel L. Fapp,True
COSTUME DESIGN (Black-and-White),A House Is Not a Home,Edith Head,True
COSTUME DESIGN (Black-and-White),"Hush...Hush, Sweet Charlotte",Norma Koch,True
COSTUME DESIGN (Black-and-White),Kisses for My President,Howard Shoup,True
COSTUME DESIGN (Black-and-White),The Night of the Iguana,Dorothy Jeakins,True
COSTUME DESIGN (Black-and-White),The Visit,René Hubert,True
COSTUME DESIGN (Color),Becket,Margaret Furse,True
COSTUME DESIGN (Color),Mary Poppins,Tony Walton,True
COSTUME DESIGN (Color),My Fair Lady,Cecil Beaton,True
COSTUME DESIGN (Color),The Unsinkable Molly Brown,Morton Haack,True
COSTUME DESIGN (Color),What a Way to Go!,"Edith Head, Moss Mabry",True
DIRECTING,Becket,Peter Glenville,True
DIRECTING,Dr. Strangelove or: How I Learned to Stop Worrying and Love the Bomb,Stanley Kubrick,True
DIRECTING,Mary Poppins,Robert Stevenson,True
DIRECTING,My Fair Lady,George Cukor,True
DIRECTING,Zorba the Greek,Michael Cacoyannis,True
DOCUMENTARY (Feature),The Finest Hours,"Jack Le Vien, Producer",True
DOCUMENTARY (Feature),Four Days in November,"Mel Stuart, Producer",True
DOCUMENTARY (Feature),The Human Dutch,"Bert Haanstra, Producer",True
DOCUMENTARY (Feature),Jacques-Yves Cousteau's World without Sun,"Jacques-Yves Cousteau, Producer",True
DOCUMENTARY (Feature),"Over There, 1914-18","Jean Aurel, Producer",True
DOCUMENTARY (Short Subject),Breaking the Habit,"Henry Jacobs and John Korty, Producers",True
DOCUMENTARY (Short Subject),Children Without,"Charles Guggenheim, Producer",True
DOCUMENTARY (Short Subject),Kenojuak,National Film Board of Canada,True
DOCUMENTARY (Short Subject),Nine from Little Rock,"Charles Guggenheim, Producer",True
DOCUMENTARY (Short Subject),140 Days under the World,"Geoffrey Scott and Oxley Hughan, Producers",True
FILM EDITING,Becket,Anne Coates,True
FILM EDITING,Father Goose,Ted J. Kent,True
FILM EDITING,"Hush...Hush, Sweet Charlotte",Michael Luciano,True
FILM EDITING,Mary Poppins,Cotton Warburton,True
FILM EDITING,My Fair Lady,William Ziegler,True
INTERNATIONAL FEATURE FILM,Raven's End,Sweden,True
INTERNATIONAL FEATURE FILM,Sallah,Israel,True
INTERNATIONAL FEATURE FILM,The Umbrellas of Cherbourg,France,True
INTERNATIONAL FEATURE FILM,Woman in the Dunes,Japan,True
INTERNATIONAL FEATURE FILM,"Yesterday, Today and Tomorrow",Italy,True
MUSIC (Original Score),Becket,Laurence Rosenthal,True
MUSIC (Original Score),The Fall of the Roman Empire,Dimitri Tiomkin,True
MUSIC (Original Score),"Hush...Hush, Sweet Charlotte",Frank DeVol,True
MUSIC (Original Score),Mary Poppins,"Richard M. Sherman, Robert B. Sherman",True
MUSIC (Original Score),The Pink Panther,Henry Mancini,True
MUSIC (Original Song Score or Adaptation Score),A Hard Day's Night,George Martin,True
MUSIC (Original Song Score or Adaptation Score),Mary Poppins,Irwin Kostal,True
MUSIC (Original Song Score or Adaptation Score),My Fair Lady,Andre Previn,True
MUSIC (Original Song Score or Adaptation Score),Robin and the 7 Hoods,Nelson Riddle,True
MUSIC (Original Song Score or Adaptation Score),The Unsinkable Molly Brown,"Robert Armbruster, Leo Arnaud, Jack Elliott, Jack Hayes, Calvin Jackson, Leo Shuken",True
MUSIC (Original Song),Mary Poppins,Music and Lyrics by Richard M. Sherman and Robert B. Sherman,True
MUSIC (Original Song),Dear Heart,Music by Henry Mancini; Lyrics by Jay Livingston and Ray Evans,True
MUSIC (Original Song),"Hush...Hush, Sweet Charlotte",Music by Frank DeVol; Lyrics by Mack David,True
MUSIC (Original Song),Robin and the 7 Hoods,Music by James Van Heusen; Lyrics by Sammy Cahn,True
MUSIC (Original Song),Where Love Has Gone,Music by James Van Heusen; Lyrics by Sammy Cahn,True
BEST PICTURE,Becket,"Hal B. Wallis, Producer",True
BEST PICTURE,Dr. Strangelove or: How I Learned to Stop Worrying and Love the Bomb,"Stanley Kubrick, Producer",True
BEST PICTURE,Mary Poppins,"Walt Disney and Bill Walsh, Producers",True
BEST PICTURE,My Fair Lady,"Jack L. Warner, Producer",True
BEST PICTURE,Zorba the Greek,"Michael Cacoyannis, Producer",True
SHORT FILM (Animated),Christmas Cracker,National Film Board of Canada,True
SHORT FILM (Animated),How to Avoid Friendship,"William L. Snyder, Producer",True
SHORT FILM (Animated),Nudnik #2,"William L. Snyder, Producer",True
SHORT FILM (Animated),The Pink Phink,"David H. DePatie and Friz Freleng, Producers",True
SHORT FILM (Live Action),Casals Conducts: 1964,"Edward Schreiber, Producer",True
SHORT FILM (Live Action),Help! My Snowman's Burning Down,"Carson Davidson, Producer",True
SHORT FILM (Live Action),The Legend of Jimmy Blue Eyes,"Robert Clouse, Producer",True
SOUND MIXING,Becket,"Shepperton Studio Sound Department, John Cox, Sound Director",True
SOUND MIXING,Father Goose,"Universal City Studio Sound Department, Waldon O. Watson, Sound Director",True
SOUND MIXING,Mary Poppins,"Walt Disney Studio Sound Department, Robert O. Cook, Sound Director",True
SOUND MIXING,My Fair Lady,"Warner Bros. Studio Sound Department, George R. Groves, Sound Director",True
SOUND MIXING,The Unsinkable Molly Brown,"Metro-Goldwyn-Mayer Studio Sound Department, Franklin E. Milton, Sound Director",True
SOUND EDITING,Goldfinger,Norman Wanstall,True
SOUND EDITING,The Lively Set,Robert L. Bratton,True
VISUAL EFFECTS,Mary Poppins,"Peter Ellenshaw, Eustace Lycett, Hamilton Luske",True
VISUAL EFFECTS,7 Faces of Dr. Lao,Jim Danforth,True
WRITING (Adapted Screenplay),Becket,Edward Anhalt,True
WRITING (Adapted Screenplay),Dr. Strangelove or: How I Learned to Stop Worrying and Love the Bomb,"Stanley Kubrick, Peter George, Terry Southern",True
WRITING (Adapted Screenplay),Mary Poppins,"Bill Walsh, Don DaGradi",True
WRITING (Adapted Screenplay),My Fair Lady,Alan Jay Lerner,True
WRITING (Adapted Screenplay),Zorba the Greek,Michael Cacoyannis,True
WRITING (Original Screenplay),Father Goose,"Story by S. H. Barnett; Screenplay by Peter Stone, Frank Tarloff",True
WRITING (Original Screenplay),A Hard Day's Night,Alun Owen,True
WRITING (Original Screenplay),"One Potato, Two Potato","Story by Orville H. Hampton; Screenplay by Raphael Hayes, Orville H. Hampton",True
WRITING (Original Screenplay),The Organizer,"Age, Scarpelli, Mario Monicelli",True
WRITING (Original Screenplay),That Man from Rio,"Jean-Paul Rappeneau, Ariane Mnouchkine, Daniel Boulanger, Philippe De Broca",True
HONORARY AWARD,7 Faces of Dr. Lao.,nan,True
ACTOR IN A LEADING ROLE,The Spy Who Came In from the Cold,Richard Burton,True
ACTOR IN A LEADING ROLE,Cat Ballou,Lee Marvin,True
ACTOR IN A LEADING ROLE,Othello,Laurence Olivier,True
ACTOR IN A LEADING ROLE,The Pawnbroker,Rod Steiger,True
ACTOR IN A LEADING ROLE,Ship of Fools,Oskar Werner,True
ACTOR IN A SUPPORTING ROLE,A Thousand Clowns,Martin Balsam,True
ACTOR IN A SUPPORTING ROLE,The Flight of the Phoenix,Ian Bannen,True
ACTOR IN A SUPPORTING ROLE,Doctor Zhivago,Tom Courtenay,True
ACTOR IN A SUPPORTING ROLE,Ship of Fools,Michael Dunn,True
ACTOR IN A SUPPORTING ROLE,Othello,Frank Finlay,True
ACTRESS IN A LEADING ROLE,The Sound of Music,Julie Andrews,True
ACTRESS IN A LEADING ROLE,Darling,Julie Christie,True
ACTRESS IN A LEADING ROLE,The Collector,Samantha Eggar,True
ACTRESS IN A LEADING ROLE,A Patch of Blue,Elizabeth Hartman,True
ACTRESS IN A LEADING ROLE,Ship of Fools,Simone Signoret,True
ACTRESS IN A SUPPORTING ROLE,Inside Daisy Clover,Ruth Gordon,True
ACTRESS IN A SUPPORTING ROLE,Othello,Joyce Redman,True
ACTRESS IN A SUPPORTING ROLE,Othello,Maggie Smith,True
ACTRESS IN A SUPPORTING ROLE,A Patch of Blue,Shelley Winters,True
ACTRESS IN A SUPPORTING ROLE,The Sound of Music,Peggy Wood,True
ART DIRECTION (Black-and-White),King Rat,Art Direction: Robert Emmet Smith; Set Decoration: Frank Tuttle,True
ART DIRECTION (Black-and-White),A Patch of Blue,"Art Direction: George W. Davis, Urie McCleary; Set Decoration: Henry Grace, Charles S. Thompson",True
ART DIRECTION (Black-and-White),Ship of Fools,Art Direction: Robert Clatworthy; Set Decoration: Joseph Kish,True
ART DIRECTION (Black-and-White),The Slender Thread,"Art Direction: Hal Pereira, Jack Poplin; Set Decoration: Robert Benton, Joseph Kish",True
ART DIRECTION (Black-and-White),The Spy Who Came In from the Cold,"Art Direction: Hal Pereira, Tambi Larsen, Edward Marshall; Set Decoration: Josie MacAvin",True
ART DIRECTION (Color),The Agony and the Ecstasy,"Art Direction: John DeCuir, Jack Martin Smith; Set Decoration: Dario Simoni",True
ART DIRECTION (Color),Doctor Zhivago,"Art Direction: John Box, Terry Marsh; Set Decoration: Dario Simoni",True
ART DIRECTION (Color),The Greatest Story Ever Told,"Art Direction: Richard Day, William Creber, David Hall; Set Decoration: Ray Moyer, Fred MacLean, Norman Rockett",True
ART DIRECTION (Color),Inside Daisy Clover,Art Direction: Robert Clatworthy; Set Decoration: George James Hopkins,True
ART DIRECTION (Color),The Sound of Music,"Art Direction: Boris Leven; Set Decoration: Walter M. Scott, Ruby Levitt",True
CINEMATOGRAPHY (Black-and-White),In Harm's Way,Loyal Griggs,True
CINEMATOGRAPHY (Black-and-White),King Rat,Burnett Guffey,True
CINEMATOGRAPHY (Black-and-White),Morituri,Conrad Hall,True
CINEMATOGRAPHY (Black-and-White),A Patch of Blue,Robert Burks,True
CINEMATOGRAPHY (Black-and-White),Ship of Fools,Ernest Laszlo,True
CINEMATOGRAPHY (Color),The Agony and the Ecstasy,Leon Shamroy,True
CINEMATOGRAPHY (Color),Doctor Zhivago,Freddie Young,True
CINEMATOGRAPHY (Color),The Great Race,Russell Harlan,True
CINEMATOGRAPHY (Color),The Greatest Story Ever Told,"William C. Mellor, Loyal Griggs",True
CINEMATOGRAPHY (Color),The Sound of Music,Ted McCord,True
COSTUME DESIGN (Black-and-White),Darling,Julie Harris,True
COSTUME DESIGN (Black-and-White),Morituri,Moss Mabry,True
COSTUME DESIGN (Black-and-White),A Rage to Live,Howard Shoup,True
COSTUME DESIGN (Black-and-White),Ship of Fools,"Bill Thomas, Jean Louis",True
COSTUME DESIGN (Black-and-White),The Slender Thread,Edith Head,True
COSTUME DESIGN (Color),The Agony and the Ecstasy,Vittorio Nino Novarese,True
COSTUME DESIGN (Color),Doctor Zhivago,Phyllis Dalton,True
COSTUME DESIGN (Color),The Greatest Story Ever Told,"Vittorio Nino Novarese, Marjorie Best",True
COSTUME DESIGN (Color),Inside Daisy Clover,"Edith Head, Bill Thomas",True
COSTUME DESIGN (Color),The Sound of Music,Dorothy Jeakins,True
DIRECTING,The Collector,William Wyler,True
DIRECTING,Darling,John Schlesinger,True
DIRECTING,Doctor Zhivago,David Lean,True
DIRECTING,The Sound of Music,Robert Wise,True
DIRECTING,Woman in the Dunes,Hiroshi Teshigahara,True
DOCUMENTARY (Feature),The Battle of the Bulge...The Brave Rifles,"Laurence E. Mascott, Producer",True
DOCUMENTARY (Feature),The Eleanor Roosevelt Story,"Sidney Glazier, Producer",True
DOCUMENTARY (Feature),The Forth Road Bridge,"Peter Mills, Producer",True
DOCUMENTARY (Feature),Let My People Go,"Marshall Flaum, Producer",True
DOCUMENTARY (Feature),To Die in Madrid,"Frédéric Rossif, Producer",True
DOCUMENTARY (Short Subject),Mural on Our Street,"Kirk Smallman, Producer",True
DOCUMENTARY (Short Subject),Ouverture,Mafilm Productions,True
DOCUMENTARY (Short Subject),Point of View,Vision Associates Productions,True
DOCUMENTARY (Short Subject),To Be Alive!,"Francis Thompson, Producer",True
DOCUMENTARY (Short Subject),Yeats Country,"Patrick Carey and Joe Mendoza, Producers",True
FILM EDITING,Cat Ballou,Charles Nelson,True
FILM EDITING,Doctor Zhivago,Norman Savage,True
FILM EDITING,The Flight of the Phoenix,Michael Luciano,True
FILM EDITING,The Great Race,Ralph E. Winters,True
FILM EDITING,The Sound of Music,William Reynolds,True
INTERNATIONAL FEATURE FILM,Blood on the Land,Greece,True
INTERNATIONAL FEATURE FILM,Dear John,Sweden,True
INTERNATIONAL FEATURE FILM,Kwaidan,Japan,True
INTERNATIONAL FEATURE FILM,Marriage Italian Style,Italy,True
INTERNATIONAL FEATURE FILM,The Shop on Main Street,Czechoslovakia,True
MUSIC (Original Score),The Agony and the Ecstasy,Alex North,True
MUSIC (Original Score),Doctor Zhivago,Maurice Jarre,True
MUSIC (Original Score),The Greatest Story Ever Told,Alfred Newman,True
MUSIC (Original Score),A Patch of Blue,Jerry Goldsmith,True
MUSIC (Original Score),The Umbrellas of Cherbourg,"Michel Legrand, Jacques Demy",True
MUSIC (Original Song Score or Adaptation Score),Cat Ballou,DeVol,True
MUSIC (Original Song Score or Adaptation Score),The Pleasure Seekers,"Lionel Newman, Alexander Courage",True
MUSIC (Original Song Score or Adaptation Score),The Sound of Music,Irwin Kostal,True
MUSIC (Original Song Score or Adaptation Score),A Thousand Clowns,Don Walker,True
MUSIC (Original Song Score or Adaptation Score),The Umbrellas of Cherbourg,Michel Legrand,True
MUSIC (Original Song),Cat Ballou,Music by Jerry Livingston; Lyrics by Mack David,True
MUSIC (Original Song),The Umbrellas of Cherbourg,Music by Michel Legrand; Lyrics by Jacques Demy; English Lyrics by Norman Gimbel,True
MUSIC (Original Song),The Sandpiper,Music by Johnny Mandel; Lyrics by Paul Francis Webster,True
MUSIC (Original Song),The Great Race,Music by Henry Mancini; Lyrics by Johnny Mercer,True
MUSIC (Original Song),What's New Pussycat?,Music by Burt Bacharach; Lyrics by Hal David,True
BEST PICTURE,Darling,"Joseph Janni, Producer",True
BEST PICTURE,Doctor Zhivago,"Carlo Ponti, Producer",True
BEST PICTURE,Ship of Fools,"Stanley Kramer, Producer",True
BEST PICTURE,The Sound of Music,"Robert Wise, Producer",True
BEST PICTURE,A Thousand Clowns,"Fred Coe, Producer",True
SHORT FILM (Animated),Clay or The Origin of Species,"Eliot Noyes, Jr., Producer",True
SHORT FILM (Animated),The Dot and the Line,"Chuck Jones and Les Goldman, Producers",True
SHORT FILM (Animated),The Thieving Magpie (La Gazza Ladra),"Emanuele Luzzati, Producer",True
SHORT FILM (Live Action),The Chicken (Le Poulet),"Claude Berri, Producer",True
SHORT FILM (Live Action),Fortress of Peace,"Lothar Wolff, Producer",True
SHORT FILM (Live Action),Skaterdater,"Marshal Backlar and Noel Black, Producers",True
SHORT FILM (Live Action),Snow,"Edgar Anstey, Producer",True
SHORT FILM (Live Action),Time Piece,"Jim Henson, Producer",True
SOUND MIXING,The Agony and the Ecstasy,"20th Century-Fox Studio Sound Department, James P. Corcoran, Sound Director",True
SOUND MIXING,Doctor Zhivago,"Metro-Goldwyn-Mayer British Studio Sound Department, A. W. Watkins, Sound Director; and Metro-Goldwyn-Mayer Studio Sound Department, Franklin E. Milton, Sound Director",True
SOUND MIXING,The Great Race,"Warner Bros. Studio Sound Department, George R. Groves, Sound Director",True
SOUND MIXING,Shenandoah,"Universal City Studio Sound Department, Waldon O. Watson, Sound Director",True
SOUND MIXING,The Sound of Music,"20th Century-Fox Studio Sound Department, James P. Corcoran, Sound Director; and Todd-AO Sound Department, Fred Hynes, Sound Director",True
SOUND EDITING,The Great Race,Tregoweth Brown,True
SOUND EDITING,Von Ryan's Express,Walter A. Rossi,True
VISUAL EFFECTS,The Greatest Story Ever Told,J. McMillan Johnson,True
VISUAL EFFECTS,Thunderball,John Stears,True
WRITING (Adapted Screenplay),Cat Ballou,"Walter Newman, Frank R. Pierson",True
WRITING (Adapted Screenplay),The Collector,"Stanley Mann, John Kohn",True
WRITING (Adapted Screenplay),Doctor Zhivago,Robert Bolt,True
WRITING (Adapted Screenplay),Ship of Fools,Abby Mann,True
WRITING (Adapted Screenplay),A Thousand Clowns,Herb Gardner,True
WRITING (Original Screenplay),Casanova '70,"Age, Scarpelli, Mario Monicelli, Tonino Guerra, Giorgio Salvioni, Suso Cecchi D'Amico",True
WRITING (Original Screenplay),Darling,Frederic Raphael,True
WRITING (Original Screenplay),Those Magnificent Men in Their Flying Machines,"Jack Davies, Ken Annakin",True
WRITING (Original Screenplay),The Train,"Franklin Coen, Frank Davis",True
WRITING (Original Screenplay),The Umbrellas of Cherbourg,Jacques Demy,True
ACTOR IN A LEADING ROLE,The Russians Are Coming The Russians Are Coming,Alan Arkin,True
ACTOR IN A LEADING ROLE,Who's Afraid of Virginia Woolf?,Richard Burton,True
ACTOR IN A LEADING ROLE,Alfie,Michael Caine,True
ACTOR IN A LEADING ROLE,The Sand Pebbles,Steve McQueen,True
ACTOR IN A LEADING ROLE,A Man for All Seasons,Paul Scofield,True
ACTOR IN A SUPPORTING ROLE,The Sand Pebbles,Mako,True
ACTOR IN A SUPPORTING ROLE,Georgy Girl,James Mason,True
ACTOR IN A SUPPORTING ROLE,The Fortune Cookie,Walter Matthau,True
ACTOR IN A SUPPORTING ROLE,Who's Afraid of Virginia Woolf?,George Segal,True
ACTOR IN A SUPPORTING ROLE,A Man for All Seasons,Robert Shaw,True
ACTRESS IN A LEADING ROLE,A Man and a Woman,Anouk Aimee,True
ACTRESS IN A LEADING ROLE,The Shop on Main Street,Ida Kaminska,True
ACTRESS IN A LEADING ROLE,Georgy Girl,Lynn Redgrave,True
ACTRESS IN A LEADING ROLE,Morgan!,Vanessa Redgrave,True
ACTRESS IN A LEADING ROLE,Who's Afraid of Virginia Woolf?,Elizabeth Taylor,True
ACTRESS IN A SUPPORTING ROLE,Who's Afraid of Virginia Woolf?,Sandy Dennis,True
ACTRESS IN A SUPPORTING ROLE,A Man for All Seasons,Wendy Hiller,True
ACTRESS IN A SUPPORTING ROLE,Hawaii,Jocelyne Lagarde,True
ACTRESS IN A SUPPORTING ROLE,Alfie,Vivien Merchant,True
ACTRESS IN A SUPPORTING ROLE,You're a Big Boy Now,Geraldine Page,True
ART DIRECTION (Black-and-White),The Fortune Cookie,Art Direction: Robert Luthardt; Set Decoration: Edward G. Boyle,True
ART DIRECTION (Black-and-White),The Gospel According to St. Matthew,Luigi Scaccianoce,True
ART DIRECTION (Black-and-White),Is Paris Burning?,"Art Direction: Willy Holt; Set Decoration: Marc Frederix, Pierre Guffroy",True
ART DIRECTION (Black-and-White),Mister Buddwing,"Art Direction: George W. Davis, Paul Groesse; Set Decoration: Henry Grace, Hugh Hunt",True
ART DIRECTION (Black-and-White),Who's Afraid of Virginia Woolf?,Art Direction: Richard Sylbert; Set Decoration: George James Hopkins,True
ART DIRECTION (Color),Fantastic Voyage,"Art Direction: Jack Martin Smith, Dale Hennesy; Set Decoration: Walter M. Scott, Stuart A. Reiss",True
ART DIRECTION (Color),Gambit,"Art Direction: Alexander Golitzen, George C. Webb; Set Decoration: John McCarthy, John Austin",True
ART DIRECTION (Color),Juliet of the Spirits,Piero Gherardi,True
ART DIRECTION (Color),The Oscar,"Art Direction: Hal Pereira, Arthur Lonergan; Set Decoration: Robert Benton, James Payne",True
ART DIRECTION (Color),The Sand Pebbles,"Art Direction: Boris Leven; Set Decoration: Walter M. Scott, John Sturtevant, William Kiernan",True
CINEMATOGRAPHY (Black-and-White),The Fortune Cookie,Joseph LaShelle,True
CINEMATOGRAPHY (Black-and-White),Georgy Girl,Ken Higgins,True
CINEMATOGRAPHY (Black-and-White),Is Paris Burning?,Marcel Grignon,True
CINEMATOGRAPHY (Black-and-White),Seconds,James Wong Howe,True
CINEMATOGRAPHY (Black-and-White),Who's Afraid of Virginia Woolf?,Haskell Wexler,True
CINEMATOGRAPHY (Color),Fantastic Voyage,Ernest Laszlo,True
CINEMATOGRAPHY (Color),Hawaii,Russell Harlan,True
CINEMATOGRAPHY (Color),A Man for All Seasons,Ted Moore,True
CINEMATOGRAPHY (Color),The Professionals,Conrad Hall,True
CINEMATOGRAPHY (Color),The Sand Pebbles,Joseph MacDonald,True
COSTUME DESIGN (Black-and-White),The Gospel According to St. Matthew,Danilo Donati,True
COSTUME DESIGN (Black-and-White),Mandragola,Danilo Donati,True
COSTUME DESIGN (Black-and-White),Mister Buddwing,Helen Rose,True
COSTUME DESIGN (Black-and-White),Morgan!,Jocelyn Rickards,True
COSTUME DESIGN (Black-and-White),Who's Afraid of Virginia Woolf?,Irene Sharaff,True
COSTUME DESIGN (Color),Gambit,Jean Louis,True
COSTUME DESIGN (Color),Hawaii,Dorothy Jeakins,True
COSTUME DESIGN (Color),Juliet of the Spirits,Piero Gherardi,True
COSTUME DESIGN (Color),A Man for All Seasons,"Elizabeth Haffenden, Joan Bridge",True
COSTUME DESIGN (Color),The Oscar,Edith Head,True
DIRECTING,Blow-Up,Michelangelo Antonioni,True
DIRECTING,A Man and a Woman,Claude Lelouch,True
DIRECTING,A Man for All Seasons,Fred Zinnemann,True
DIRECTING,The Professionals,Richard Brooks,True
DIRECTING,Who's Afraid of Virginia Woolf?,Mike Nichols,True
DOCUMENTARY (Feature),The Face of Genius,"Alfred R. Kelman, Producer",True
DOCUMENTARY (Feature),Helicopter Canada,"Peter Jones and Tom Daly, Producers",True
DOCUMENTARY (Feature),Le Volcan Interdit (The Forbidden Volcano),"Haroun Tazieff, Producer",True
DOCUMENTARY (Feature),The Really Big Family,"Alex Grasshoff, Producer",True
DOCUMENTARY (Feature),The War Game,"Peter Watkins, Producer",True
DOCUMENTARY (Short Subject),Adolescence,"Marin Karmitz and Vladimir Forgency, Producers",True
DOCUMENTARY (Short Subject),Cowboy,"Michael Ahnemann and Gary Schlosser, Producers",True
DOCUMENTARY (Short Subject),The Odds Against,"Lee R. Bobker and Helen Kristt Radin, Producers",True
DOCUMENTARY (Short Subject),Saint Matthew Passion,Mafilm Studio,True
DOCUMENTARY (Short Subject),A Year toward Tomorrow,"Edmond A. Levy, Producer",True
FILM EDITING,Fantastic Voyage,William B. Murphy,True
FILM EDITING,Grand Prix,"Fredric Steinkamp, Henry Berman, Stewart Linder, Frank Santillo",True
FILM EDITING,The Russians Are Coming The Russians Are Coming,"Hal Ashby, J. Terry Williams",True
FILM EDITING,The Sand Pebbles,William Reynolds,True
FILM EDITING,Who's Afraid of Virginia Woolf?,Sam O'Steen,True
INTERNATIONAL FEATURE FILM,The Battle of Algiers,Italy,True
INTERNATIONAL FEATURE FILM,Loves of a Blonde,Czechoslovakia,True
INTERNATIONAL FEATURE FILM,A Man and a Woman,France,True
INTERNATIONAL FEATURE FILM,Pharaoh,Poland,True
INTERNATIONAL FEATURE FILM,Three,Yugoslavia,True
MUSIC (Original Score),The Bible,Toshiro Mayuzumi,True
MUSIC (Original Score),Born Free,John Barry,True
MUSIC (Original Score),Hawaii,Elmer Bernstein,True
MUSIC (Original Score),The Sand Pebbles,Jerry Goldsmith,True
MUSIC (Original Score),Who's Afraid of Virginia Woolf?,Alex North,True
MUSIC (Original Song Score or Adaptation Score),A Funny Thing Happened on the Way to the Forum,Ken Thorne,True
MUSIC (Original Song Score or Adaptation Score),The Gospel According to St. Matthew,Luis Enrique Bacalov,True
MUSIC (Original Song Score or Adaptation Score),Return of the Seven,Elmer Bernstein,True
MUSIC (Original Song Score or Adaptation Score),The Singing Nun,Harry Sukman,True
MUSIC (Original Song Score or Adaptation Score),Stop the World--I Want to Get Off,Al Ham,True
MUSIC (Original Song),Alfie,Music by Burt Bacharach; Lyrics by Hal David,True
MUSIC (Original Song),Born Free,Music by John Barry; Lyrics by Don Black,True
MUSIC (Original Song),Georgy Girl,Music by Tom Springfield; Lyrics by Jim Dale,True
MUSIC (Original Song),Hawaii,Music by Elmer Bernstein; Lyrics by Mack David,True
MUSIC (Original Song),An American Dream,Music by Johnny Mandel; Lyrics by Paul Francis Webster,True
BEST PICTURE,Alfie,"Lewis Gilbert, Producer",True
BEST PICTURE,A Man for All Seasons,"Fred Zinnemann, Producer",True
BEST PICTURE,The Russians Are Coming The Russians Are Coming,"Norman Jewison, Producer",True
BEST PICTURE,The Sand Pebbles,"Robert Wise, Producer",True
BEST PICTURE,Who's Afraid of Virginia Woolf?,"Ernest Lehman, Producer",True
SHORT FILM (Animated),The Drag,"Wolf Koenig and Robert Verrall, Producers",True
SHORT FILM (Animated),Herb Alpert and the Tijuana Brass Double Feature,"John Hubley and Faith Hubley, Producers",True
SHORT FILM (Animated),The Pink Blueprint,"David H. DePatie and Friz Freleng, Producers",True
SHORT FILM (Live Action),Turkey the Bridge,"Derek Williams, Producer",True
SHORT FILM (Live Action),Wild Wings,"Edgar Anstey, Producer",True
SHORT FILM (Live Action),The Winning Strain,"Leslie Winik, Producer",True
SOUND MIXING,Gambit,"Universal City Studio Sound Department, Waldon O. Watson, Sound Director",True
SOUND MIXING,Grand Prix,"Metro-Goldwyn-Mayer Studio Sound Department, Franklin E. Milton, Sound Director",True
SOUND MIXING,Hawaii,"Samuel Goldwyn Studio Sound Department, Gordon E. Sawyer, Sound Director",True
SOUND MIXING,The Sand Pebbles,"20th Century-Fox Studio Sound Department, James P. Corcoran, Sound Director",True
SOUND MIXING,Who's Afraid of Virginia Woolf?,"Warner Bros. Studio Sound Department, George R. Groves, Sound Director",True
SOUND EDITING,Fantastic Voyage,Walter Rossi,True
SOUND EDITING,Grand Prix,Gordon Daniel,True
VISUAL EFFECTS,Fantastic Voyage,Art Cruickshank,True
VISUAL EFFECTS,Hawaii,Linwood G. Dunn,True
WRITING (Adapted Screenplay),Alfie,Bill Naughton,True
WRITING (Adapted Screenplay),A Man for All Seasons,Robert Bolt,True
WRITING (Adapted Screenplay),The Professionals,Richard Brooks,True
WRITING (Adapted Screenplay),The Russians Are Coming The Russians Are Coming,William Rose,True
WRITING (Adapted Screenplay),Who's Afraid of Virginia Woolf?,Ernest Lehman,True
WRITING (Original Screenplay),Blow-Up,"Story by Michelangelo Antonioni; Screenplay by Michelangelo Antonioni, Tonino Guerra, Edward Bond",True
WRITING (Original Screenplay),The Fortune Cookie,"Billy Wilder, I. A. L. Diamond",True
WRITING (Original Screenplay),Khartoum,Robert Ardrey,True
WRITING (Original Screenplay),A Man and a Woman,"Story by Claude Lelouch; Screenplay by Claude Lelouch, Pierre Uytterhoeven",True
WRITING (Original Screenplay),The Naked Prey,"Clint Johnston, Don Peters",True
ACTOR IN A LEADING ROLE,Bonnie and Clyde,Warren Beatty,True
ACTOR IN A LEADING ROLE,The Graduate,Dustin Hoffman,True
ACTOR IN A LEADING ROLE,Cool Hand Luke,Paul Newman,True
ACTOR IN A LEADING ROLE,In the Heat of the Night,Rod Steiger,True
ACTOR IN A LEADING ROLE,Guess Who's Coming to Dinner,Spencer Tracy,True
ACTOR IN A SUPPORTING ROLE,The Dirty Dozen,John Cassavetes,True
ACTOR IN A SUPPORTING ROLE,Bonnie and Clyde,Gene Hackman,True
ACTOR IN A SUPPORTING ROLE,Guess Who's Coming to Dinner,Cecil Kellaway,True
ACTOR IN A SUPPORTING ROLE,Cool Hand Luke,George Kennedy,True
ACTOR IN A SUPPORTING ROLE,Bonnie and Clyde,Michael J. Pollard,True
ACTRESS IN A LEADING ROLE,The Graduate,Anne Bancroft,True
ACTRESS IN A LEADING ROLE,Bonnie and Clyde,Faye Dunaway,True
ACTRESS IN A LEADING ROLE,The Whisperers,Dame Edith Evans,True
ACTRESS IN A LEADING ROLE,Wait until Dark,Audrey Hepburn,True
ACTRESS IN A LEADING ROLE,Guess Who's Coming to Dinner,Katharine Hepburn,True
ACTRESS IN A SUPPORTING ROLE,Thoroughly Modern Millie,Carol Channing,True
ACTRESS IN A SUPPORTING ROLE,Barefoot in the Park,Mildred Natwick,True
ACTRESS IN A SUPPORTING ROLE,Bonnie and Clyde,Estelle Parsons,True
ACTRESS IN A SUPPORTING ROLE,Guess Who's Coming to Dinner,Beah Richards,True
ACTRESS IN A SUPPORTING ROLE,The Graduate,Katharine Ross,True
ART DIRECTION,Camelot,"Art Direction: John Truscott, Edward Carrere; Set Decoration: John W. Brown",True
ART DIRECTION,Doctor Dolittle,"Art Direction: Mario Chiari, Jack Martin Smith, Ed Graves; Set Decoration: Walter M. Scott, Stuart A. Reiss",True
ART DIRECTION,Guess Who's Coming to Dinner,Art Direction: Robert Clatworthy; Set Decoration: Frank Tuttle,True
ART DIRECTION,The Taming of the Shrew,"Art Direction: Renzo Mongiardino, John DeCuir, Elven Webb, Giuseppe Mariani; Set Decoration: Dario Simoni, Luigi Gervasi",True
ART DIRECTION,Thoroughly Modern Millie,"Art Direction: Alexander Golitzen, George C. Webb; Set Decoration: Howard Bristol",True
CINEMATOGRAPHY,Bonnie and Clyde,Burnett Guffey,True
CINEMATOGRAPHY,Camelot,Richard H. Kline,True
CINEMATOGRAPHY,Doctor Dolittle,Robert Surtees,True
CINEMATOGRAPHY,The Graduate,Robert Surtees,True
CINEMATOGRAPHY,In Cold Blood,Conrad Hall,True
COSTUME DESIGN,Bonnie and Clyde,Theadora Van Runkle,True
COSTUME DESIGN,Camelot,John Truscott,True
COSTUME DESIGN,The Happiest Millionaire,Bill Thomas,True
COSTUME DESIGN,The Taming of the Shrew,"Irene Sharaff, Danilo Donati",True
COSTUME DESIGN,Thoroughly Modern Millie,Jean Louis,True
DIRECTING,Bonnie and Clyde,Arthur Penn,True
DIRECTING,The Graduate,Mike Nichols,True
DIRECTING,Guess Who's Coming to Dinner,Stanley Kramer,True
DIRECTING,In Cold Blood,Richard Brooks,True
DIRECTING,In the Heat of the Night,Norman Jewison,True
DOCUMENTARY (Feature),The Anderson Platoon,"Pierre Schoendoerffer, Producer",True
DOCUMENTARY (Feature),Festival,"Murray Lerner, Producer",True
DOCUMENTARY (Feature),Harvest,"Carroll Ballard, Producer",True
DOCUMENTARY (Feature),A King's Story,"Jack Le Vien, Producer",True
DOCUMENTARY (Feature),A Time for Burning,"William C. Jersey, Producer",True
DOCUMENTARY (Short Subject),Monument to the Dream,"Charles E. Guggenheim, Producer",True
DOCUMENTARY (Short Subject),A Place to Stand,"Christopher Chapman, Producer",True
DOCUMENTARY (Short Subject),The Redwoods,"Mark Harris and Trevor Greenwood, Producers",True
DOCUMENTARY (Short Subject),See You at the Pillar,"Robert Fitchett, Producer",True
DOCUMENTARY (Short Subject),While I Run This Race,"Carl V. Ragsdale, Producer",True
FILM EDITING,Beach Red,Frank P. Keller,True
FILM EDITING,The Dirty Dozen,Michael Luciano,True
FILM EDITING,Doctor Dolittle,"Samuel E. Beetley, Marjorie Fowler",True
FILM EDITING,Guess Who's Coming to Dinner,Robert C. Jones,True
FILM EDITING,In the Heat of the Night,Hal Ashby,True
INTERNATIONAL FEATURE FILM,Closely Watched Trains,Czechoslovakia,True
INTERNATIONAL FEATURE FILM,El Amor Brujo,Spain,True
INTERNATIONAL FEATURE FILM,I Even Met Happy Gypsies,Yugoslavia,True
INTERNATIONAL FEATURE FILM,Live for Life,France,True
INTERNATIONAL FEATURE FILM,Portrait of Chieko,Japan,True
MUSIC (Original Score),Cool Hand Luke,Lalo Schifrin,True
MUSIC (Original Score),Doctor Dolittle,Leslie Bricusse,True
MUSIC (Original Score),Far from the Madding Crowd,Richard Rodney Bennett,True
MUSIC (Original Score),In Cold Blood,Quincy Jones,True
MUSIC (Original Score),Thoroughly Modern Millie,Elmer Bernstein,True
MUSIC (Original Song Score or Adaptation Score),Camelot,"Alfred Newman, Ken Darby",True
MUSIC (Original Song Score or Adaptation Score),Doctor Dolittle,"Lionel Newman, Alexander Courage",True
MUSIC (Original Song Score or Adaptation Score),Guess Who's Coming to Dinner,DeVol,True
MUSIC (Original Song Score or Adaptation Score),Thoroughly Modern Millie,"Andre Previn, Joseph Gershenson",True
MUSIC (Original Song Score or Adaptation Score),Valley of the Dolls,John Williams,True
MUSIC (Original Song),The Jungle Book,Music and Lyrics by Terry Gilkyson,True
MUSIC (Original Song),Banning,Music by Quincy Jones; Lyrics by Bob Russell,True
MUSIC (Original Song),Casino Royale,Music by Burt Bacharach; Lyrics by Hal David,True
MUSIC (Original Song),Doctor Dolittle,Music and Lyrics by Leslie Bricusse,True
MUSIC (Original Song),Thoroughly Modern Millie,Music and Lyrics by James Van Heusen and Sammy Cahn,True
BEST PICTURE,Bonnie and Clyde,"Warren Beatty, Producer",True
BEST PICTURE,Doctor Dolittle,"Arthur P. Jacobs, Producer",True
BEST PICTURE,The Graduate,"Lawrence Turman, Producer",True
BEST PICTURE,Guess Who's Coming to Dinner,"Stanley Kramer, Producer",True
BEST PICTURE,In the Heat of the Night,"Walter Mirisch, Producer",True
SHORT FILM (Animated),The Box,"Fred Wolf, Producer",True
SHORT FILM (Animated),Hypothese Beta,"Jean-Charles Meunier, Producer",True
SHORT FILM (Animated),What on Earth!,"Robert Verrall and Wolf Koenig, Producers",True
SHORT FILM (Live Action),Paddle to the Sea,"Julian Biggs, Producer",True
SHORT FILM (Live Action),A Place to Stand,"Christopher Chapman, Producer",True
SHORT FILM (Live Action),Sky over Holland,"John Ferno, Producer",True
SHORT FILM (Live Action),"Stop, Look and Listen","Len Janson and Chuck Menville, Producers",True
SOUND MIXING,Camelot,Warner Bros.-Seven Arts Studio Sound Department,True
SOUND MIXING,The Dirty Dozen,Metro-Goldwyn-Mayer Studio Sound Department,True
SOUND MIXING,Doctor Dolittle,20th Century-Fox Studio Sound Department,True
SOUND MIXING,In the Heat of the Night,Samuel Goldwyn Studio Sound Department,True
SOUND MIXING,Thoroughly Modern Millie,Universal City Studio Sound Department,True
SOUND EDITING,The Dirty Dozen,John Poyner,True
SOUND EDITING,In the Heat of the Night,James A. Richard,True
VISUAL EFFECTS,Doctor Dolittle,L. B. Abbott,True
VISUAL EFFECTS,Tobruk,"Howard A. Anderson, Jr., Albert Whitlock",True
WRITING (Adapted Screenplay),Cool Hand Luke,"Donn Pearce, Frank R. Pierson",True
WRITING (Adapted Screenplay),The Graduate,"Calder Willingham, Buck Henry",True
WRITING (Adapted Screenplay),In Cold Blood,Richard Brooks,True
WRITING (Adapted Screenplay),In the Heat of the Night,Stirling Silliphant,True
WRITING (Adapted Screenplay),Ulysses,"Joseph Strick, Fred Haines",True
WRITING (Original Screenplay),Bonnie and Clyde,"David Newman, Robert Benton",True
WRITING (Original Screenplay),Divorce American Style,Story by Robert Kaufman; Screenplay by Norman Lear,True
WRITING (Original Screenplay),Guess Who's Coming to Dinner,William Rose,True
WRITING (Original Screenplay),La Guerre Est Finie,Jorge Semprun,True
WRITING (Original Screenplay),Two for the Road,Frederic Raphael,True
ACTOR IN A LEADING ROLE,The Heart Is a Lonely Hunter,Alan Arkin,True
ACTOR IN A LEADING ROLE,The Fixer,Alan Bates,True
ACTOR IN A LEADING ROLE,Oliver!,Ron Moody,True
ACTOR IN A LEADING ROLE,The Lion in Winter,Peter O'Toole,True
ACTOR IN A LEADING ROLE,Charly,Cliff Robertson,True
ACTOR IN A SUPPORTING ROLE,The Subject Was Roses,Jack Albertson,True
ACTOR IN A SUPPORTING ROLE,Faces,Seymour Cassel,True
ACTOR IN A SUPPORTING ROLE,Star!,Daniel Massey,True
ACTOR IN A SUPPORTING ROLE,Oliver!,Jack Wild,True
ACTOR IN A SUPPORTING ROLE,The Producers,Gene Wilder,True
ACTRESS IN A LEADING ROLE,The Lion in Winter,Katharine Hepburn,True
ACTRESS IN A LEADING ROLE,The Subject Was Roses,Patricia Neal,True
ACTRESS IN A LEADING ROLE,Isadora,Vanessa Redgrave,True
ACTRESS IN A LEADING ROLE,Funny Girl,Barbra Streisand,True
ACTRESS IN A LEADING ROLE,"Rachel, Rachel",Joanne Woodward,True
ACTRESS IN A SUPPORTING ROLE,Faces,Lynn Carlin,True
ACTRESS IN A SUPPORTING ROLE,Rosemary's Baby,Ruth Gordon,True
ACTRESS IN A SUPPORTING ROLE,The Heart Is a Lonely Hunter,Sondra Locke,True
ACTRESS IN A SUPPORTING ROLE,Funny Girl,Kay Medford,True
ACTRESS IN A SUPPORTING ROLE,"Rachel, Rachel",Estelle Parsons,True
ART DIRECTION,Oliver!,"Art Direction: John Box, Terence Marsh; Set Decoration: Vernon Dixon, Ken Muggleston",True
ART DIRECTION,The Shoes of the Fisherman,"Art Direction: George W. Davis, Edward Carfagno",True
ART DIRECTION,Star!,"Art Direction: Boris Leven; Set Decoration: Walter M. Scott, Howard Bristol",True
ART DIRECTION,2001: A Space Odyssey,"Art Direction: Tony Masters, Harry Lange, Ernie Archer",True
ART DIRECTION,War and Peace,"Art Direction: Mikhail Bogdanov, Gennady Myasnikov; Set Decoration: G. Koshelev, V. Uvarov",True
CINEMATOGRAPHY,Funny Girl,Harry Stradling,True
CINEMATOGRAPHY,Ice Station Zebra,Daniel L. Fapp,True
CINEMATOGRAPHY,Oliver!,Oswald Morris,True
CINEMATOGRAPHY,Romeo and Juliet,Pasqualino De Santis,True
CINEMATOGRAPHY,Star!,Ernest Laszlo,True
COSTUME DESIGN,The Lion in Winter,Margaret Furse,True
COSTUME DESIGN,Oliver!,Phyllis Dalton,True
COSTUME DESIGN,Planet of the Apes,Morton Haack,True
COSTUME DESIGN,Romeo and Juliet,Danilo Donati,True
COSTUME DESIGN,Star!,Donald Brooks,True
DIRECTING,The Battle of Algiers,Gillo Pontecorvo,True
DIRECTING,The Lion in Winter,Anthony Harvey,True
DIRECTING,Oliver!,Carol Reed,True
DIRECTING,Romeo and Juliet,Franco Zeffirelli,True
DIRECTING,2001: A Space Odyssey,Stanley Kubrick,True
DOCUMENTARY (Feature),A Few Notes on Our Food Problem,"James Blue, Producer",True
DOCUMENTARY (Feature),Journey into Self,"Bill McGaw, Producer",True
DOCUMENTARY (Feature),The Legendary Champions,"William Cayton, Producer",True
DOCUMENTARY (Feature),Other Voices,"David H. Sawyer, Producer",True
DOCUMENTARY (Feature),Young Americans,"Robert Cohn and Alex Grasshoff, Producers",True
DOCUMENTARY (Short Subject),The House That Ananda Built,"Fali Bilimoria, Producer",True
DOCUMENTARY (Short Subject),The Revolving Door,"Lee R. Bobker, Producer",True
DOCUMENTARY (Short Subject),A Space to Grow,"Thomas P. Kelly, Jr., Producer",True
DOCUMENTARY (Short Subject),A Way Out of the Wilderness,"Dan E. Weisburd, Producer",True
DOCUMENTARY (Short Subject),Why Man Creates,"Saul Bass, Producer",True
FILM EDITING,Bullitt,Frank P. Keller,True
FILM EDITING,Funny Girl,"Robert Swink, Maury Winetrobe, William Sands",True
FILM EDITING,The Odd Couple,Frank Bracht,True
FILM EDITING,Oliver!,Ralph Kemplen,True
FILM EDITING,Wild in the Streets,"Fred Feitshans, Eve Newman",True
INTERNATIONAL FEATURE FILM,The Boys of Paul Street,Hungary,True
INTERNATIONAL FEATURE FILM,The Firemen's Ball,Czechoslovakia,True
INTERNATIONAL FEATURE FILM,The Girl with the Pistol,Italy,True
INTERNATIONAL FEATURE FILM,Stolen Kisses,France,True
INTERNATIONAL FEATURE FILM,War and Peace,Union of Soviet Socialist Republics,True
MUSIC (Original Score),The Fox,Lalo Schifrin,True
MUSIC (Original Score),The Lion in Winter,John Barry,True
MUSIC (Original Score),Planet of the Apes,Jerry Goldsmith,True
MUSIC (Original Score),The Shoes of the Fisherman,Alex North,True
MUSIC (Original Score),The Thomas Crown Affair,Michel Legrand,True
MUSIC (Original Song Score or Adaptation Score),Finian's Rainbow,Adaptation score by Ray Heindorf,True
MUSIC (Original Song Score or Adaptation Score),Funny Girl,Adaptation score by Walter Scharf,True
MUSIC (Original Song Score or Adaptation Score),Oliver!,Adaptation score by John Green,True
MUSIC (Original Song Score or Adaptation Score),Star!,Adaptation score by Lennie Hayton,True
MUSIC (Original Song Score or Adaptation Score),The Young Girls of Rochefort,Music and adaptation score by Michel Legrand; lyrics by Jacques Demy,True
MUSIC (Original Song),Chitty Chitty Bang Bang,Music and Lyrics by Richard M. Sherman and Robert B. Sherman,True
MUSIC (Original Song),For Love of Ivy,Music by Quincy Jones; Lyrics by Bob Russell,True
MUSIC (Original Song),Funny Girl,Music by Jule Styne; Lyrics by Bob Merrill,True
MUSIC (Original Song),Star!,Music by Jimmy Van Heusen; Lyrics by Sammy Cahn,True
MUSIC (Original Song),The Thomas Crown Affair,Music by Michel Legrand; Lyrics by Alan Bergman and Marilyn Bergman,True
BEST PICTURE,Funny Girl,"Ray Stark, Producer",True
BEST PICTURE,The Lion in Winter,"Martin Poll, Producer",True
BEST PICTURE,Oliver!,"John Woolf, Producer",True
BEST PICTURE,"Rachel, Rachel","Paul Newman, Producer",True
BEST PICTURE,Romeo and Juliet,"Anthony Havelock-Allan and John Brabourne, Producers",True
SHORT FILM (Animated),The House That Jack Built,"Wolf Koenig and Jim MacKay, Producers",True
SHORT FILM (Animated),The Magic Pear Tree,"Jimmy Murakami, Producer",True
SHORT FILM (Animated),Windy Day,"John Hubley and Faith Hubley, Producers",True
SHORT FILM (Animated),Winnie the Pooh and the Blustery Day,"Walt Disney, Producer",True
SHORT FILM (Live Action),The Dove,"George Coe, Sidney Davis and Anthony Lover, Producers",True
SHORT FILM (Live Action),Duo,National Film Board of Canada,True
SHORT FILM (Live Action),Prelude,"John Astin, Producer",True
SHORT FILM (Live Action),Robert Kennedy Remembered,"Charles Guggenheim, Producer",True
SOUND MIXING,Bullitt,Warner Bros.-Seven Arts Studio Sound Department,True
SOUND MIXING,Finian's Rainbow,Warner Bros.-Seven Arts Studio Sound Department,True
SOUND MIXING,Funny Girl,Columbia Studio Sound Department,True
SOUND MIXING,Oliver!,Shepperton Studio Sound Department,True
SOUND MIXING,Star!,20th Century-Fox Studio Sound Department,True
VISUAL EFFECTS,Ice Station Zebra,"Hal Millar, J. McMillan Johnson",True
VISUAL EFFECTS,2001: A Space Odyssey,Stanley Kubrick,True
WRITING (Adapted Screenplay),The Lion in Winter,James Goldman,True
WRITING (Adapted Screenplay),The Odd Couple,Neil Simon,True
WRITING (Adapted Screenplay),Oliver!,Vernon Harris,True
WRITING (Adapted Screenplay),"Rachel, Rachel",Stewart Stern,True
WRITING (Adapted Screenplay),Rosemary's Baby,Roman Polanski,True
WRITING (Original Screenplay),The Battle of Algiers,"Franco Solinas, Gillo Pontecorvo",True
WRITING (Original Screenplay),Faces,John Cassavetes,True
WRITING (Original Screenplay),Hot Millions,"Ira Wallach, Peter Ustinov",True
WRITING (Original Screenplay),The Producers,Mel Brooks,True
WRITING (Original Screenplay),2001: A Space Odyssey,"Stanley Kubrick, Arthur C. Clarke",True
HONORARY AWARD,Planet of the Apes,nan,True
HONORARY AWARD,Oliver!,nan,True
ACTOR IN A LEADING ROLE,Anne of the Thousand Days,Richard Burton,True
ACTOR IN A LEADING ROLE,Midnight Cowboy,Dustin Hoffman,True
ACTOR IN A LEADING ROLE,"Goodbye, Mr. Chips",Peter O'Toole,True
ACTOR IN A LEADING ROLE,Midnight Cowboy,Jon Voight,True
ACTOR IN A LEADING ROLE,True Grit,John Wayne,True
ACTOR IN A SUPPORTING ROLE,The Reivers,Rupert Crosse,True
ACTOR IN A SUPPORTING ROLE,Bob & Carol & Ted & Alice,Elliott Gould,True
ACTOR IN A SUPPORTING ROLE,Easy Rider,Jack Nicholson,True
ACTOR IN A SUPPORTING ROLE,Anne of the Thousand Days,Anthony Quayle,True
ACTOR IN A SUPPORTING ROLE,"They Shoot Horses, Don't They?",Gig Young,True
ACTRESS IN A LEADING ROLE,Anne of the Thousand Days,Genevieve Bujold,True
ACTRESS IN A LEADING ROLE,"They Shoot Horses, Don't They?",Jane Fonda,True
ACTRESS IN A LEADING ROLE,The Sterile Cuckoo,Liza Minnelli,True
ACTRESS IN A LEADING ROLE,The Happy Ending,Jean Simmons,True
ACTRESS IN A LEADING ROLE,The Prime of Miss Jean Brodie,Maggie Smith,True
ACTRESS IN A SUPPORTING ROLE,Last Summer,Catherine Burns,True
ACTRESS IN A SUPPORTING ROLE,Bob & Carol & Ted & Alice,Dyan Cannon,True
ACTRESS IN A SUPPORTING ROLE,Cactus Flower,Goldie Hawn,True
ACTRESS IN A SUPPORTING ROLE,Midnight Cowboy,Sylvia Miles,True
ACTRESS IN A SUPPORTING ROLE,"They Shoot Horses, Don't They?",Susannah York,True
ART DIRECTION,Anne of the Thousand Days,"Art Direction: Maurice Carter, Lionel Couch; Set Decoration: Patrick McLoughlin",True
ART DIRECTION,"Gaily, Gaily","Art Direction: Robert Boyle, George B. Chan; Set Decoration: Edward Boyle, Carl Biddiscombe",True
ART DIRECTION,"Hello, Dolly!","Art Direction: John DeCuir, Jack Martin Smith, Herman Blumenthal; Set Decoration: Walter M. Scott, George Hopkins, Raphael Bretton",True
ART DIRECTION,Sweet Charity,"Art Direction: Alexander Golitzen, George C. Webb; Set Decoration: Jack D. Moore",True
ART DIRECTION,"They Shoot Horses, Don't They?",Art Direction: Harry Horner; Set Decoration: Frank McKelvy,True
CINEMATOGRAPHY,Anne of the Thousand Days,Arthur Ibbetson,True
CINEMATOGRAPHY,Bob & Carol & Ted & Alice,Charles B. Lang,True
CINEMATOGRAPHY,Butch Cassidy and the Sundance Kid,Conrad Hall,True
CINEMATOGRAPHY,"Hello, Dolly!",Harry Stradling,True
CINEMATOGRAPHY,Marooned,Daniel Fapp,True
COSTUME DESIGN,Anne of the Thousand Days,Margaret Furse,True
COSTUME DESIGN,"Gaily, Gaily",Ray Aghayan,True
COSTUME DESIGN,"Hello, Dolly!",Irene Sharaff,True
COSTUME DESIGN,Sweet Charity,Edith Head,True
COSTUME DESIGN,"They Shoot Horses, Don't They?",Donfeld,True
DIRECTING,Alice's Restaurant,Arthur Penn,True
DIRECTING,Butch Cassidy and the Sundance Kid,George Roy Hill,True
DIRECTING,Midnight Cowboy,John Schlesinger,True
DIRECTING,"They Shoot Horses, Don't They?",Sydney Pollack,True
DIRECTING,Z,Costa-Gavras,True
DOCUMENTARY (Feature),Arthur Rubinstein - The Love of Life,"Bernard Chevry, Producer",True
DOCUMENTARY (Feature),Before the Mountain Was Moved,"Robert K. Sharpe, Producer",True
DOCUMENTARY (Feature),In the Year of the Pig,"Emile de Antonio, Producer",True
DOCUMENTARY (Feature),The Olympics in Mexico,Comite Organizador de los Juegos de la XIX Olimpiada,True
DOCUMENTARY (Feature),The Wolf Men,"Irwin Rosten, Producer",True
DOCUMENTARY (Short Subject),Czechoslovakia 1968,"Denis Sanders and Robert M. Fresco, Producers",True
DOCUMENTARY (Short Subject),An Impression of John Steinbeck: Writer,"Donald Wrye, Producer",True
DOCUMENTARY (Short Subject),Jenny Is a Good Thing,"Joan Horvath, Producer",True
DOCUMENTARY (Short Subject),Leo Beuerman,"Arthur H. Wolf and Russell A. Mosser, Producers",True
DOCUMENTARY (Short Subject),The Magic Machines,"Joan Keller Stern, Producer",True
FILM EDITING,"Hello, Dolly!",William Reynolds,True
FILM EDITING,Midnight Cowboy,Hugh A. Robertson,True
FILM EDITING,The Secret of Santa Vittoria,"William Lyon, Earle Herdan",True
FILM EDITING,"They Shoot Horses, Don't They?",Fredric Steinkamp,True
FILM EDITING,Z,Françoise Bonnot,True
INTERNATIONAL FEATURE FILM,Ådalen '31,Sweden,True
INTERNATIONAL FEATURE FILM,The Battle of Neretva,Yugoslavia,True
INTERNATIONAL FEATURE FILM,The Brothers Karamazov,Union of Soviet Socialist Republics,True
INTERNATIONAL FEATURE FILM,My Night at Maud's,France,True
INTERNATIONAL FEATURE FILM,Z,Algeria,True
MUSIC (Original Score),Anne of the Thousand Days,Georges Delerue,True
MUSIC (Original Score),Butch Cassidy and the Sundance Kid,Burt Bacharach,True
MUSIC (Original Score),The Reivers,John Williams,True
MUSIC (Original Score),The Secret of Santa Vittoria,Ernest Gold,True
MUSIC (Original Score),The Wild Bunch,Jerry Fielding,True
MUSIC (Original Song Score or Adaptation Score),"Goodbye, Mr. Chips",Music and lyrics by Leslie Bricusse; adaptation score by John Williams,True
MUSIC (Original Song Score or Adaptation Score),"Hello, Dolly!",Adaptation score by Lennie Hayton and Lionel Newman,True
MUSIC (Original Song Score or Adaptation Score),Paint Your Wagon,Adaptation score by Nelson Riddle,True
MUSIC (Original Song Score or Adaptation Score),Sweet Charity,Adaptation score by Cy Coleman,True
MUSIC (Original Song Score or Adaptation Score),"They Shoot Horses, Don't They?",Adaptation score by John Green and Albert Woodbury,True
MUSIC (Original Song),The Sterile Cuckoo,Music by Fred Karlin; Lyrics by Dory Previn,True
MUSIC (Original Song),The Prime of Miss Jean Brodie,Music and Lyrics by Rod McKuen,True
MUSIC (Original Song),Butch Cassidy and the Sundance Kid,Music by Burt Bacharach; Lyrics by Hal David,True
MUSIC (Original Song),True Grit,Music by Elmer Bernstein; Lyrics by Don Black,True
MUSIC (Original Song),The Happy Ending,Music by Michel Legrand; Lyrics by Alan Bergman and Marilyn Bergman,True
BEST PICTURE,Anne of the Thousand Days,"Hal B. Wallis, Producer",True
BEST PICTURE,Butch Cassidy and the Sundance Kid,"John Foreman, Producer",True
BEST PICTURE,"Hello, Dolly!","Ernest Lehman, Producer",True
BEST PICTURE,Midnight Cowboy,"Jerome Hellman, Producer",True
BEST PICTURE,Z,"Jacques Perrin and Hamed Rachedi, Producers",True
SHORT FILM (Animated),It's Tough to Be a Bird,"Ward Kimball, Producer",True
SHORT FILM (Animated),Of Men and Demons,"John Hubley and Faith Hubley, Producers",True
SHORT FILM (Animated),Walking,"Ryan Larkin, Producer",True
SHORT FILM (Live Action),Blake,"Doug Jackson, Producer",True
SHORT FILM (Live Action),The Magic Machines,"Joan Keller Stern, Producer",True
SHORT FILM (Live Action),People Soup,"Marc Merson, Producer",True
SOUND MIXING,Anne of the Thousand Days,John Aldred,True
SOUND MIXING,Butch Cassidy and the Sundance Kid,"William Edmondson, David Dockendorf",True
SOUND MIXING,"Gaily, Gaily","Robert Martin, Clem Portman",True
SOUND MIXING,"Hello, Dolly!","Jack Solomon, Murray Spivack",True
SOUND MIXING,Marooned,"Les Fresholtz, Arthur Piantadosi",True
VISUAL EFFECTS,"Krakatoa, East of Java","Eugene Lourie, Alex Weldon",True
VISUAL EFFECTS,Marooned,Robbie Robertson,True
WRITING (Adapted Screenplay),Anne of the Thousand Days,"Screenplay by John Hale, Bridget Boland; Adaptation by Richard Sokolove",True
WRITING (Adapted Screenplay),"Goodbye, Columbus",Arnold Schulman,True
WRITING (Adapted Screenplay),Midnight Cowboy,Waldo Salt,True
WRITING (Adapted Screenplay),"They Shoot Horses, Don't They?","James Poe, Robert E. Thompson",True
WRITING (Adapted Screenplay),Z,"Jorge Semprun, Costa-Gavras",True
WRITING (Original Screenplay),Bob & Carol & Ted & Alice,"Paul Mazursky, Larry Tucker",True
WRITING (Original Screenplay),Butch Cassidy and the Sundance Kid,William Goldman,True
WRITING (Original Screenplay),The Damned,"Story by Nicola Badalucco; Screenplay by Nicola Badalucco, Enrico Medioli, Luchino Visconti",True
WRITING (Original Screenplay),Easy Rider,"Peter Fonda, Dennis Hopper, Terry Southern",True
WRITING (Original Screenplay),The Wild Bunch,"Story by Walon Green, Roy N. Sickner; Screenplay by Walon Green, Sam Peckinpah",True
ACTOR IN A LEADING ROLE,I Never Sang for My Father,Melvyn Douglas,True
ACTOR IN A LEADING ROLE,The Great White Hope,James Earl Jones,True
ACTOR IN A LEADING ROLE,Five Easy Pieces,Jack Nicholson,True
ACTOR IN A LEADING ROLE,Love Story,Ryan O'Neal,True
ACTOR IN A LEADING ROLE,Patton,George C. Scott,True
ACTOR IN A SUPPORTING ROLE,Lovers and Other Strangers,Richard Castellano,True
ACTOR IN A SUPPORTING ROLE,Little Big Man,Chief Dan George,True
ACTOR IN A SUPPORTING ROLE,I Never Sang for My Father,Gene Hackman,True
ACTOR IN A SUPPORTING ROLE,Love Story,John Marley,True
ACTOR IN A SUPPORTING ROLE,Ryan's Daughter,John Mills,True
ACTRESS IN A LEADING ROLE,The Great White Hope,Jane Alexander,True
ACTRESS IN A LEADING ROLE,Women in Love,Glenda Jackson,True
ACTRESS IN A LEADING ROLE,Love Story,Ali MacGraw,True
ACTRESS IN A LEADING ROLE,Ryan's Daughter,Sarah Miles,True
ACTRESS IN A LEADING ROLE,Diary of a Mad Housewife,Carrie Snodgress,True
ACTRESS IN A SUPPORTING ROLE,Five Easy Pieces,Karen Black,True
ACTRESS IN A SUPPORTING ROLE,The Landlord,Lee Grant,True
ACTRESS IN A SUPPORTING ROLE,Airport,Helen Hayes,True
ACTRESS IN A SUPPORTING ROLE,M*A*S*H,Sally Kellerman,True
ACTRESS IN A SUPPORTING ROLE,Airport,Maureen Stapleton,True
ART DIRECTION,Airport,"Art Direction: Alexander Golitzen, E. Preston Ames; Set Decoration: Jack D. Moore, Mickey S. Michaels",True
ART DIRECTION,The Molly Maguires,Art Direction: Tambi Larsen; Set Decoration: Darrell Silvera,True
ART DIRECTION,Patton,"Art Direction: Urie McCleary, Gil Parrondo; Set Decoration: Antonio Mateos, Pierre-Louis Thevenet",True
ART DIRECTION,Scrooge,"Art Direction: Terry Marsh, Bob Cartwright; Set Decoration: Pamela Cornell",True
ART DIRECTION,Tora! Tora! Tora!,"Art Direction: Jack Martin Smith, Yoshiro Muraki, Richard Day, Taizoh Kawashima; Set Decoration: Walter M. Scott, Norman Rockett, Carl Biddiscombe",True
CINEMATOGRAPHY,Airport,Ernest Laszlo,True
CINEMATOGRAPHY,Patton,Fred Koenekamp,True
CINEMATOGRAPHY,Ryan's Daughter,Freddie Young,True
CINEMATOGRAPHY,Tora! Tora! Tora!,"Charles F. Wheeler, Osami Furuya, Sinsaku Himeda, Masamichi Satoh",True
CINEMATOGRAPHY,Women in Love,Billy Williams,True
COSTUME DESIGN,Airport,Edith Head,True
COSTUME DESIGN,Cromwell,Nino Novarese,True
COSTUME DESIGN,Darling Lili,"Donald Brooks, Jack Bear",True
COSTUME DESIGN,The Hawaiians,Bill Thomas,True
COSTUME DESIGN,Scrooge,Margaret Furse,True
DIRECTING,Fellini Satyricon,Federico Fellini,True
DIRECTING,Love Story,Arthur Hiller,True
DIRECTING,M*A*S*H,Robert Altman,True
DIRECTING,Patton,Franklin J. Schaffner,True
DIRECTING,Women in Love,Ken Russell,True
DOCUMENTARY (Feature),Chariots of the Gods,"Dr. Harald Reinl, Producer",True
DOCUMENTARY (Feature),Jack Johnson,"Jim Jacobs, Producer",True
DOCUMENTARY (Feature),King: A Filmed Record...Montgomery to Memphis,"Ely Landau, Producer",True
DOCUMENTARY (Feature),Say Goodbye,"David H. Vowell, Producer",True
DOCUMENTARY (Feature),Woodstock,"Bob Maurice, Producer",True
DOCUMENTARY (Short Subject),The Gifts,"Robert McBride, Producer",True
DOCUMENTARY (Short Subject),Interviews with My Lai Veterans,"Joseph Strick, Producer",True
DOCUMENTARY (Short Subject),A Long Way from Nowhere,"Bob Aller, Producer",True
DOCUMENTARY (Short Subject),Oisin,"Vivien Carey and Patrick Carey, Producers",True
DOCUMENTARY (Short Subject),Time Is Running Out,"Horst Dallmayr and Robert Menegoz, Producers",True
FILM EDITING,Airport,Stuart Gilmore,True
FILM EDITING,M*A*S*H,Danford B. Greene,True
FILM EDITING,Patton,Hugh S. Fowler,True
FILM EDITING,Tora! Tora! Tora!,"James E. Newcom, Pembroke J. Herring, Inoue Chikaya",True
FILM EDITING,Woodstock,Thelma Schoonmaker,True
INTERNATIONAL FEATURE FILM,First Love,Switzerland,True
INTERNATIONAL FEATURE FILM,Hoa-Binh,France,True
INTERNATIONAL FEATURE FILM,Investigation of a Citizen above Suspicion,Italy,True
INTERNATIONAL FEATURE FILM,Paix Sur Les Champs,Belgium,True
INTERNATIONAL FEATURE FILM,Tristana,Spain,True
MUSIC (Original Score),Airport,Alfred Newman,True
MUSIC (Original Score),Cromwell,Frank Cordell,True
MUSIC (Original Score),Love Story,Francis Lai,True
MUSIC (Original Score),Patton,Jerry Goldsmith,True
MUSIC (Original Score),Sunflower,Henry Mancini,True
MUSIC (Original Song Score or Adaptation Score),The Baby Maker,Music by Fred Karlin; lyrics by Tylwyth Kymry,True
MUSIC (Original Song Score or Adaptation Score),A Boy Named Charlie Brown,"Music by Rod McKuen and John Scott Trotter; lyrics by Rod McKuen, Bill Melendez and Al Shean; adaptation score by Vince Guaraldi",True
MUSIC (Original Song Score or Adaptation Score),Darling Lili,Music by Henry Mancini; lyrics by Johnny Mercer,True
MUSIC (Original Song Score or Adaptation Score),Let It Be,Music and lyrics by The Beatles,True
MUSIC (Original Song Score or Adaptation Score),Scrooge,Music and lyrics by Leslie Bricusse; adaptation score by Ian Fraser and Herbert W. Spencer,True
MUSIC (Original Song),Lovers and Other Strangers,Music by Fred Karlin; Lyrics by Robb Royer (aka Robb Wilson) and James Griffin (aka Arthur James),True
MUSIC (Original Song),Pieces of Dreams,Music by Michel Legrand; Lyrics by Alan Bergman and Marilyn Bergman,True
MUSIC (Original Song),Scrooge,Music and Lyrics by Leslie Bricusse,True
MUSIC (Original Song),Madron,Music by Riz Ortolani; Lyrics by Arthur Hamilton,True
MUSIC (Original Song),Darling Lili,Music by Henry Mancini; Lyrics by Johnny Mercer,True
BEST PICTURE,Airport,"Ross Hunter, Producer",True
BEST PICTURE,Five Easy Pieces,"Bob Rafelson and Richard Wechsler, Producers",True
BEST PICTURE,Love Story,"Howard G. Minsky, Producer",True
BEST PICTURE,M*A*S*H,"Ingo Preminger, Producer",True
BEST PICTURE,Patton,"Frank McCarthy, Producer",True
SHORT FILM (Animated),The Further Adventures of Uncle Sam: Part Two,"Robert Mitchell and Dale Case, Producers",True
SHORT FILM (Animated),Is It Always Right to Be Right?,"Nick Bosustow, Producer",True
SHORT FILM (Animated),The Shepherd,"Cameron Guess, Producer",True
SHORT FILM (Live Action),The Resurrection of Broncho Billy,"John Longenecker, Producer",True
SHORT FILM (Live Action),Shut Up...I'm Crying,"Robert Siegler, Producer",True
SHORT FILM (Live Action),Sticky My Fingers...Fleet My Feet,"John Hancock, Producer",True
SOUND MIXING,Airport,"Ronald Pierce, David Moriarty",True
SOUND MIXING,Patton,"Douglas Williams, Don Bassman",True
SOUND MIXING,Ryan's Daughter,"Gordon K. McCallum, John Bramall",True
SOUND MIXING,Tora! Tora! Tora!,"Murray Spivack, Herman Lewis",True
SOUND MIXING,Woodstock,"Dan Wallin, Larry Johnson",True
VISUAL EFFECTS,Patton,Alex Weldon,True
VISUAL EFFECTS,Tora! Tora! Tora!,"A. D. Flowers, L. B. Abbott",True
WRITING (Adapted Screenplay),Airport,George Seaton,True
WRITING (Adapted Screenplay),I Never Sang for My Father,Robert Anderson,True
WRITING (Adapted Screenplay),Lovers and Other Strangers,"Renee Taylor, Joseph Bologna, David Zelag Goodman",True
WRITING (Adapted Screenplay),M*A*S*H,"Ring Lardner, Jr.",True
WRITING (Adapted Screenplay),Women in Love,Larry Kramer,True
WRITING (Original Screenplay),Five Easy Pieces,"Story by Bob Rafelson, Adrien Joyce; Screenplay by Adrien Joyce",True
WRITING (Original Screenplay),Joe,Norman Wexler,True
WRITING (Original Screenplay),Love Story,Erich Segal,True
WRITING (Original Screenplay),My Night at Maud's,Eric Rohmer,True
WRITING (Original Screenplay),Patton,"Francis Ford Coppola, Edmund H. North",True
ACTOR IN A LEADING ROLE,Sunday Bloody Sunday,Peter Finch,True
ACTOR IN A LEADING ROLE,The French Connection,Gene Hackman,True
ACTOR IN A LEADING ROLE,Kotch,Walter Matthau,True
ACTOR IN A LEADING ROLE,The Hospital,George C. Scott,True
ACTOR IN A LEADING ROLE,Fiddler on the Roof,Topol,True
ACTOR IN A SUPPORTING ROLE,The Last Picture Show,Jeff Bridges,True
ACTOR IN A SUPPORTING ROLE,Fiddler on the Roof,Leonard Frey,True
ACTOR IN A SUPPORTING ROLE,Sometimes a Great Notion,Richard Jaeckel,True
ACTOR IN A SUPPORTING ROLE,The Last Picture Show,Ben Johnson,True
ACTOR IN A SUPPORTING ROLE,The French Connection,Roy Scheider,True
ACTRESS IN A LEADING ROLE,McCabe & Mrs. Miller,Julie Christie,True
ACTRESS IN A LEADING ROLE,Klute,Jane Fonda,True
ACTRESS IN A LEADING ROLE,Sunday Bloody Sunday,Glenda Jackson,True
ACTRESS IN A LEADING ROLE,"Mary, Queen of Scots",Vanessa Redgrave,True
ACTRESS IN A LEADING ROLE,Nicholas and Alexandra,Janet Suzman,True
ACTRESS IN A SUPPORTING ROLE,Carnal Knowledge,Ann-Margret,True
ACTRESS IN A SUPPORTING ROLE,The Last Picture Show,Ellen Burstyn,True
ACTRESS IN A SUPPORTING ROLE,Who Is Harry Kellerman and Why Is He Saying Those Terrible Things about Me?,Barbara Harris,True
ACTRESS IN A SUPPORTING ROLE,The Last Picture Show,Cloris Leachman,True
ACTRESS IN A SUPPORTING ROLE,The Go-Between,Margaret Leighton,True
ART DIRECTION,The Andromeda Strain,"Art Direction: Boris Leven, William Tuntke; Set Decoration: Ruby Levitt",True
ART DIRECTION,Bedknobs and Broomsticks,"Art Direction: John B. Mansbridge, Peter Ellenshaw; Set Decoration: Emile Kuri, Hal Gausman",True
ART DIRECTION,Fiddler on the Roof,"Art Direction: Robert Boyle, Michael Stringer; Set Decoration: Peter Lamont",True
ART DIRECTION,"Mary, Queen of Scots","Art Direction: Terence Marsh, Robert Cartwright; Set Decoration: Peter Howitt",True
ART DIRECTION,Nicholas and Alexandra,"Art Direction: John Box, Ernest Archer, Jack Maxsted, Gil Parrondo; Set Decoration: Vernon Dixon",True
CINEMATOGRAPHY,Fiddler on the Roof,Oswald Morris,True
CINEMATOGRAPHY,The French Connection,Owen Roizman,True
CINEMATOGRAPHY,The Last Picture Show,Robert Surtees,True
CINEMATOGRAPHY,Nicholas and Alexandra,Freddie Young,True
CINEMATOGRAPHY,Summer of '42,Robert Surtees,True
COSTUME DESIGN,Bedknobs and Broomsticks,Bill Thomas,True
COSTUME DESIGN,Death in Venice,Piero Tosi,True
COSTUME DESIGN,"Mary, Queen of Scots",Margaret Furse,True
COSTUME DESIGN,Nicholas and Alexandra,"Yvonne Blake, Antonio Castillo",True
COSTUME DESIGN,What's the Matter with Helen?,Morton Haack,True
DIRECTING,A Clockwork Orange,Stanley Kubrick,True
DIRECTING,Fiddler on the Roof,Norman Jewison,True
DIRECTING,The French Connection,William Friedkin,True
DIRECTING,The Last Picture Show,Peter Bogdanovich,True
DIRECTING,Sunday Bloody Sunday,John Schlesinger,True
DOCUMENTARY (Feature),Alaska Wilderness Lake,"Alan Landsburg, Producer",True
DOCUMENTARY (Feature),The Hellstrom Chronicle,"Walon Green, Producer",True
DOCUMENTARY (Feature),On Any Sunday,"Bruce Brown, Producer",True
DOCUMENTARY (Feature),The RA Expeditions,"Lennart Ehrenborg and Thor Heyerdahl, Producers",True
DOCUMENTARY (Feature),The Sorrow and the Pity,"Marcel Ophuls, Producer",True
DOCUMENTARY (Short Subject),Adventures in Perception,"Han van Gelder, Producer",True
DOCUMENTARY (Short Subject),Art Is...,"Julian Krainin and DeWitt L. Sage, Jr., Producers",True
DOCUMENTARY (Short Subject),The Numbers Start with the River,"Donald Wrye, Producer",True
DOCUMENTARY (Short Subject),Sentinels of Silence,"Manuel Arango and Robert Amram, Producers",True
DOCUMENTARY (Short Subject),Somebody Waiting,"Hal Riney, Dick Snider and Sherwood Omens, Producers",True
FILM EDITING,The Andromeda Strain,"Stuart Gilmore, John W. Holmes",True
FILM EDITING,A Clockwork Orange,Bill Butler,True
FILM EDITING,The French Connection,Jerry Greenberg,True
FILM EDITING,Kotch,Ralph E. Winters,True
FILM EDITING,Summer of '42,Folmar Blangsted,True
INTERNATIONAL FEATURE FILM,Dodes'ka-Den,Japan,True
INTERNATIONAL FEATURE FILM,The Emigrants,Sweden,True
INTERNATIONAL FEATURE FILM,The Garden of the Finzi Continis,Italy,True
INTERNATIONAL FEATURE FILM,The Policeman,Israel,True
INTERNATIONAL FEATURE FILM,Tchaikovsky,Union of Soviet Socialist Republics,True
MUSIC (Original Score),"Mary, Queen of Scots",John Barry,True
MUSIC (Original Score),Nicholas and Alexandra,Richard Rodney Bennett,True
MUSIC (Original Score),Shaft,Isaac Hayes,True
MUSIC (Original Score),Straw Dogs,Jerry Fielding,True
MUSIC (Original Score),Summer of '42,Michel Legrand,True
MUSIC (Original Song Score or Adaptation Score),Bedknobs and Broomsticks,Song Score by Richard M. Sherman and Robert B. Sherman; Adaptation Score by Irwin Kostal,True
MUSIC (Original Song Score or Adaptation Score),The Boy Friend,Adaptation Score by Peter Maxwell Davies and Peter Greenwell,True
MUSIC (Original Song Score or Adaptation Score),Fiddler on the Roof,Adaptation Score by John Williams,True
MUSIC (Original Song Score or Adaptation Score),Tchaikovsky,Adaptation Score by Dimitri Tiomkin,True
MUSIC (Original Song Score or Adaptation Score),Willy Wonka and the Chocolate Factory,Song Score by Leslie Bricusse and Anthony Newley; Adaptation Score by Walter Scharf,True
MUSIC (Original Song),Bedknobs and Broomsticks,Music and Lyrics by Richard M. Sherman and Robert B. Sherman,True
MUSIC (Original Song),Sometimes a Great Notion,Music by Henry Mancini; Lyrics by Alan Bergman and Marilyn Bergman,True
MUSIC (Original Song),Bless the Beasts & Children,"Music and Lyrics by Barry DeVorzon and Perry Botkin, Jr.",True
MUSIC (Original Song),Kotch,Music by Marvin Hamlisch; Lyrics by Johnny Mercer,True
MUSIC (Original Song),Shaft,Music and Lyrics by Isaac Hayes,True
BEST PICTURE,A Clockwork Orange,"Stanley Kubrick, Producer",True
BEST PICTURE,Fiddler on the Roof,"Norman Jewison, Producer",True
BEST PICTURE,The French Connection,"Philip D'Antoni, Producer",True
BEST PICTURE,The Last Picture Show,"Stephen J. Friedman, Producer",True
BEST PICTURE,Nicholas and Alexandra,"Sam Spiegel, Producer",True
SHORT FILM (Animated),The Crunch Bird,"Ted Petok, Producer",True
SHORT FILM (Animated),Evolution,"Michael Mills, Producer",True
SHORT FILM (Animated),The Selfish Giant,"Peter Sander and Murray Shostak, Producers",True
SHORT FILM (Live Action),Good Morning,"Denny Evans and Ken Greenwald, Producers",True
SHORT FILM (Live Action),The Rehearsal,"Stephen F. Verona, Producer",True
SHORT FILM (Live Action),Sentinels of Silence,"Manuel Arango and Robert Amram, Producers",True
SOUND MIXING,Diamonds Are Forever,"Gordon K. McCallum, John Mitchell, Alfred J. Overton",True
SOUND MIXING,Fiddler on the Roof,"Gordon K. McCallum, David Hildyard",True
SOUND MIXING,The French Connection,"Theodore Soderberg, Christopher Newman",True
SOUND MIXING,Kotch,"Richard Portman, Jack Solomon",True
SOUND MIXING,"Mary, Queen of Scots","Bob Jones, John Aldred",True
VISUAL EFFECTS,Bedknobs and Broomsticks,"Alan Maley, Eustace Lycett, Danny Lee",True
VISUAL EFFECTS,When Dinosaurs Ruled the Earth,"Jim Danforth, Roger Dicken",True
WRITING (Adapted Screenplay),A Clockwork Orange,Stanley Kubrick,True
WRITING (Adapted Screenplay),The Conformist,Bernardo Bertolucci,True
WRITING (Adapted Screenplay),The French Connection,Ernest Tidyman,True
WRITING (Adapted Screenplay),The Garden of the Finzi Continis,"Ugo Pirro, Vittorio Bonicelli",True
WRITING (Adapted Screenplay),The Last Picture Show,"Larry McMurtry, Peter Bogdanovich",True
WRITING (Original Screenplay),The Hospital,Paddy Chayefsky,True
WRITING (Original Screenplay),Investigation of a Citizen above Suspicion,"Elio Petri, Ugo Pirro",True
WRITING (Original Screenplay),Klute,"Andy Lewis, Dave Lewis",True
WRITING (Original Screenplay),Summer of '42,Herman Raucher,True
WRITING (Original Screenplay),Sunday Bloody Sunday,Penelope Gilliatt,True
ACTOR IN A LEADING ROLE,The Godfather,Marlon Brando,True
ACTOR IN A LEADING ROLE,Sleuth,Michael Caine,True
ACTOR IN A LEADING ROLE,Sleuth,Laurence Olivier,True
ACTOR IN A LEADING ROLE,The Ruling Class,Peter O'Toole,True
ACTOR IN A LEADING ROLE,Sounder,Paul Winfield,True
ACTOR IN A SUPPORTING ROLE,The Heartbreak Kid,Eddie Albert,True
ACTOR IN A SUPPORTING ROLE,The Godfather,James Caan,True
ACTOR IN A SUPPORTING ROLE,The Godfather,Robert Duvall,True
ACTOR IN A SUPPORTING ROLE,Cabaret,Joel Grey,True
ACTOR IN A SUPPORTING ROLE,The Godfather,Al Pacino,True
ACTRESS IN A LEADING ROLE,Cabaret,Liza Minnelli,True
ACTRESS IN A LEADING ROLE,Lady Sings the Blues,Diana Ross,True
ACTRESS IN A LEADING ROLE,Travels with My Aunt,Maggie Smith,True
ACTRESS IN A LEADING ROLE,Sounder,Cicely Tyson,True
ACTRESS IN A LEADING ROLE,The Emigrants,Liv Ullmann,True
ACTRESS IN A SUPPORTING ROLE,The Heartbreak Kid,Jeannie Berlin,True
ACTRESS IN A SUPPORTING ROLE,Butterflies Are Free,Eileen Heckart,True
ACTRESS IN A SUPPORTING ROLE,Pete 'n' Tillie,Geraldine Page,True
ACTRESS IN A SUPPORTING ROLE,Fat City,Susan Tyrrell,True
ACTRESS IN A SUPPORTING ROLE,The Poseidon Adventure,Shelley Winters,True
ART DIRECTION,Cabaret,"Art Direction: Rolf Zehetbauer, Jurgen Kiebach; Set Decoration: Herbert Strabel",True
ART DIRECTION,Lady Sings the Blues,Art Direction: Carl Anderson; Set Decoration: Reg Allen,True
ART DIRECTION,The Poseidon Adventure,Art Direction: William Creber; Set Decoration: Raphael Bretton,True
ART DIRECTION,Travels with My Aunt,"Art Direction: John Box, Gil Parrondo, Robert W. Laing",True
ART DIRECTION,Young Winston,"Art Direction: Geoffrey Drake, Don Ashton, John Graysmark, William Hutchinson; Set Decoration: Peter James",True
CINEMATOGRAPHY,Butterflies Are Free,Charles B. Lang,True
CINEMATOGRAPHY,Cabaret,Geoffrey Unsworth,True
CINEMATOGRAPHY,The Poseidon Adventure,Harold E. Stine,True
CINEMATOGRAPHY,1776,"Harry Stradling, Jr.",True
CINEMATOGRAPHY,Travels with My Aunt,Douglas Slocombe,True
COSTUME DESIGN,The Godfather,Anna Hill Johnstone,True
COSTUME DESIGN,Lady Sings the Blues,"Bob Mackie, Ray Aghayan, Norma Koch",True
COSTUME DESIGN,The Poseidon Adventure,Paul Zastupnevich,True
COSTUME DESIGN,Travels with My Aunt,Anthony Powell,True
COSTUME DESIGN,Young Winston,Anthony Mendleson,True
DIRECTING,Cabaret,Bob Fosse,True
DIRECTING,Deliverance,John Boorman,True
DIRECTING,The Emigrants,Jan Troell,True
DIRECTING,The Godfather,Francis Ford Coppola,True
DIRECTING,Sleuth,Joseph L. Mankiewicz,True
DOCUMENTARY (Feature),Ape and Super-Ape,"Bert Haanstra, Producer",True
DOCUMENTARY (Feature),Malcolm X,"Marvin Worth and Arnold Perl, Producers",True
DOCUMENTARY (Feature),Manson,"Robert Hendrickson and Laurence Merrick, Producers",True
DOCUMENTARY (Feature),Marjoe,"Howard Smith and Sarah Kernochan, Producers",True
DOCUMENTARY (Feature),The Silent Revolution,"Eckehard Munck, Producer",True
DOCUMENTARY (Short Subject),Hundertwasser's Rainy Day,"Peter Schamoni, Producer",True
DOCUMENTARY (Short Subject),K-Z,"Giorgio Treves, Producer",True
DOCUMENTARY (Short Subject),Selling Out,"Tadeusz Jaworski, Producer",True
DOCUMENTARY (Short Subject),This Tiny World,"Charles Huguenot van der Linden and Martina Huguenot van der Linden, Producers",True
DOCUMENTARY (Short Subject),The Tide of Traffic,"Humphrey Swingler, Producer",True
FILM EDITING,Cabaret,David Bretherton,True
FILM EDITING,Deliverance,Tom Priestley,True
FILM EDITING,The Godfather,"William Reynolds, Peter Zinner",True
FILM EDITING,The Hot Rock,"Frank P. Keller, Fred W. Berger",True
FILM EDITING,The Poseidon Adventure,Harold F. Kress,True
INTERNATIONAL FEATURE FILM,The Dawns Here Are Quiet,Union of Soviet Socialist Republics,True
INTERNATIONAL FEATURE FILM,The Discreet Charm of the Bourgeoisie,France,True
INTERNATIONAL FEATURE FILM,I Love You Rosa,Israel,True
INTERNATIONAL FEATURE FILM,My Dearest Señorita,Spain,True
INTERNATIONAL FEATURE FILM,The New Land,Sweden,True
MUSIC (Original Score),The Godfather,Nino Rota,True
MUSIC (Original Score),images,John Williams,True
MUSIC (Original Score),Limelight,"Charles Chaplin, Raymond Rasch, Larry Russell",True
MUSIC (Original Score),Napoleon and Samantha,Buddy Baker,True
MUSIC (Original Score),The Poseidon Adventure,John Williams,True
MUSIC (Original Score),Sleuth,John Addison,True
MUSIC (Original Song Score or Adaptation Score),Cabaret,Adaptation Score by Ralph Burns,True
MUSIC (Original Song Score or Adaptation Score),Lady Sings the Blues,Adaptation Score by Gil Askey,True
MUSIC (Original Song Score or Adaptation Score),Man of La Mancha,Adaptation Score by Laurence Rosenthal,True
MUSIC (Original Song),Ben,Music by Walter Scharf; Lyrics by Don Black,True
MUSIC (Original Song),The Little Ark,Music by Fred Karlin; Lyrics by Marsha Karlin,True
MUSIC (Original Song),The Life and Times of Judge Roy Bean,Music by Maurice Jarre; Lyrics by Marilyn Bergman and Alan Bergman,True
MUSIC (Original Song),The Poseidon Adventure,Music and Lyrics by Al Kasha and Joel Hirschhorn,True
MUSIC (Original Song),The Stepmother,Music by Sammy Fain; Lyrics by Paul Francis Webster,True
BEST PICTURE,Cabaret,"Cy Feuer, Producer",True
BEST PICTURE,Deliverance,"John Boorman, Producer",True
BEST PICTURE,The Emigrants,"Bengt Forslund, Producer",True
BEST PICTURE,The Godfather,"Albert S. Ruddy, Producer",True
BEST PICTURE,Sounder,"Robert B. Radnitz, Producer",True
SHORT FILM (Animated),A Christmas Carol,"Richard Williams, Producer",True
SHORT FILM (Animated),Kama Sutra Rides Again,"Bob Godfrey, Producer",True
SHORT FILM (Animated),Tup Tup,"Nedeljko Dragic, Producer",True
SHORT FILM (Live Action),Frog Story,"Ron Satlof and Ray Gideon, Producers",True
SHORT FILM (Live Action),Norman Rockwell's World...An American Dream,"Richard Barclay, Producer",True
SHORT FILM (Live Action),Solo,"David Adams, Producer",True
SOUND MIXING,Butterflies Are Free,"Arthur Piantadosi, Charles Knight",True
SOUND MIXING,Cabaret,"Robert Knudson, David Hildyard",True
SOUND MIXING,The Candidate,"Richard Portman, Gene Cantamessa",True
SOUND MIXING,The Godfather,"Bud Grenzbach, Richard Portman, Christopher Newman",True
SOUND MIXING,The Poseidon Adventure,"Theodore Soderberg, Herman Lewis",True
WRITING (Adapted Screenplay),Cabaret,Jay Allen,True
WRITING (Adapted Screenplay),The Emigrants,"Jan Troell, Bengt Forslund",True
WRITING (Adapted Screenplay),The Godfather,"Mario Puzo, Francis Ford Coppola",True
WRITING (Adapted Screenplay),Pete 'n' Tillie,Julius J. Epstein,True
WRITING (Adapted Screenplay),Sounder,"Lonne Elder, III",True
WRITING (Original Screenplay),The Candidate,Jeremy Larner,True
WRITING (Original Screenplay),The Discreet Charm of the Bourgeoisie,Story and Screenplay by Luis Buñuel; in collaboration with Jean-Claude Carrière,True
WRITING (Original Screenplay),Lady Sings the Blues,"Terence McCloy, Chris Clark, Suzanne de Passe",True
WRITING (Original Screenplay),Murmur of the Heart,Louis Malle,True
WRITING (Original Screenplay),Young Winston,Carl Foreman,True
SPECIAL ACHIEVEMENT AWARD (Visual Effects),The Poseidon Adventure,"L. B. Abbott, A. D. Flowers",True
ACTOR IN A LEADING ROLE,Last Tango in Paris,Marlon Brando,True
ACTOR IN A LEADING ROLE,Save the Tiger,Jack Lemmon,True
ACTOR IN A LEADING ROLE,The Last Detail,Jack Nicholson,True
ACTOR IN A LEADING ROLE,Serpico,Al Pacino,True
ACTOR IN A LEADING ROLE,The Sting,Robert Redford,True
ACTOR IN A SUPPORTING ROLE,Bang the Drum Slowly,Vincent Gardenia,True
ACTOR IN A SUPPORTING ROLE,Save the Tiger,Jack Gilford,True
ACTOR IN A SUPPORTING ROLE,The Paper Chase,John Houseman,True
ACTOR IN A SUPPORTING ROLE,The Exorcist,Jason Miller,True
ACTOR IN A SUPPORTING ROLE,The Last Detail,Randy Quaid,True
ACTRESS IN A LEADING ROLE,The Exorcist,Ellen Burstyn,True
ACTRESS IN A LEADING ROLE,A Touch of Class,Glenda Jackson,True
ACTRESS IN A LEADING ROLE,Cinderella Liberty,Marsha Mason,True
ACTRESS IN A LEADING ROLE,The Way We Were,Barbra Streisand,True
ACTRESS IN A LEADING ROLE,"Summer Wishes, Winter Dreams",Joanne Woodward,True
ACTRESS IN A SUPPORTING ROLE,The Exorcist,Linda Blair,True
ACTRESS IN A SUPPORTING ROLE,American Graffiti,Candy Clark,True
ACTRESS IN A SUPPORTING ROLE,Paper Moon,Madeline Kahn,True
ACTRESS IN A SUPPORTING ROLE,Paper Moon,Tatum O'Neal,True
ACTRESS IN A SUPPORTING ROLE,"Summer Wishes, Winter Dreams",Sylvia Sidney,True
ART DIRECTION,Brother Sun Sister Moon,"Art Direction: Lorenzo Mongiardino, Gianni Quaranta; Set Decoration: Carmelo Patrono",True
ART DIRECTION,The Exorcist,Art Direction: Bill Malley; Set Decoration: Jerry Wunderlich,True
ART DIRECTION,The Sting,Art Direction: Henry Bumstead; Set Decoration: James Payne,True
ART DIRECTION,Tom Sawyer,Art Direction: Philip Jefferies; Set Decoration: Robert de Vestel,True
ART DIRECTION,The Way We Were,Art Direction: Stephen Grimes; Set Decoration: William Kiernan,True
CINEMATOGRAPHY,Cries and Whispers,Sven Nykvist,True
CINEMATOGRAPHY,The Exorcist,Owen Roizman,True
CINEMATOGRAPHY,Jonathan Livingston Seagull,Jack Couffer,True
CINEMATOGRAPHY,The Sting,Robert Surtees,True
CINEMATOGRAPHY,The Way We Were,"Harry Stradling, Jr.",True
COSTUME DESIGN,Cries and Whispers,Marik Vos,True
COSTUME DESIGN,Ludwig,Piero Tosi,True
COSTUME DESIGN,The Sting,Edith Head,True
COSTUME DESIGN,Tom Sawyer,Donfeld,True
COSTUME DESIGN,The Way We Were,"Dorothy Jeakins, Moss Mabry",True
DIRECTING,American Graffiti,George Lucas,True
DIRECTING,Cries and Whispers,Ingmar Bergman,True
DIRECTING,The Exorcist,William Friedkin,True
DIRECTING,Last Tango in Paris,Bernardo Bertolucci,True
DIRECTING,The Sting,George Roy Hill,True
DOCUMENTARY (Feature),Always a New Beginning,"John D. Goodell, Producer",True
DOCUMENTARY (Feature),Battle of Berlin,"Bengt von zur Muehlen, Producer",True
DOCUMENTARY (Feature),The Great American Cowboy,"Kieth Merrill, Producer",True
DOCUMENTARY (Feature),Journey to the Outer Limits,"Alex Grasshoff, Producer",True
DOCUMENTARY (Feature),Walls of Fire,"Gertrude Ross Marks and Edmund F. Penney, Producers",True
DOCUMENTARY (Short Subject),Background,"Carmen D'Avino, Producer",True
DOCUMENTARY (Short Subject),Children at Work (Paisti Ag Obair),"Louis Marcus, Producer",True
DOCUMENTARY (Short Subject),Christo's Valley Curtain,"Albert Maysles and David Maysles, Producers",True
DOCUMENTARY (Short Subject),Four Stones for Kanemitsu,"Terry Sanders and June Wayne, Producers",True
DOCUMENTARY (Short Subject),Princeton: A Search for Answers,"Julian Krainin and DeWitt L. Sage, Jr., Producers",True
FILM EDITING,American Graffiti,"Verna Fields, Marcia Lucas",True
FILM EDITING,The Day of the Jackal,Ralph Kemplen,True
FILM EDITING,The Exorcist,"Jordan Leondopoulos, Bud Smith, Evan Lottman, Norman Gay",True
FILM EDITING,Jonathan Livingston Seagull,"Frank P. Keller, James Galloway",True
FILM EDITING,The Sting,William Reynolds,True
INTERNATIONAL FEATURE FILM,Day for Night,France,True
INTERNATIONAL FEATURE FILM,The House on Chelouche Street,Israel,True
INTERNATIONAL FEATURE FILM,L'Invitation,Switzerland,True
INTERNATIONAL FEATURE FILM,The Pedestrian,West Germany,True
INTERNATIONAL FEATURE FILM,Turkish Delight,The Netherlands,True
MUSIC (Original Score),Cinderella Liberty,John Williams,True
MUSIC (Original Score),The Day of the Dolphin,Georges Delerue,True
MUSIC (Original Score),Papillon,Jerry Goldsmith,True
MUSIC (Original Score),A Touch of Class,John Cameron,True
MUSIC (Original Score),The Way We Were,Marvin Hamlisch,True
MUSIC (Original Song Score or Adaptation Score),Jesus Christ Superstar,"Adaptation Score by Andre Previn, Herbert Spencer and Andrew Lloyd Webber",True
MUSIC (Original Song Score or Adaptation Score),The Sting,Adaptation Score by Marvin Hamlisch,True
MUSIC (Original Song Score or Adaptation Score),Tom Sawyer,Song Score by Richard M. Sherman and Robert B. Sherman; Adaptation Score by John Williams,True
MUSIC (Original Song),A Touch of Class,Music by George Barrie; Lyrics by Sammy Cahn,True
MUSIC (Original Song),Live and Let Die,Music and Lyrics by Paul McCartney and Linda McCartney,True
MUSIC (Original Song),Robin Hood,Music by George Bruns; Lyrics by Floyd Huddleston,True
MUSIC (Original Song),Cinderella Liberty,Music by John Williams; Lyrics by Paul Williams,True
MUSIC (Original Song),The Way We Were,Music by Marvin Hamlisch; Lyrics by Alan Bergman and Marilyn Bergman,True
BEST PICTURE,American Graffiti,"Francis Ford Coppola, Producer; Gary Kurtz, Co-Producer",True
BEST PICTURE,Cries and Whispers,"Ingmar Bergman, Producer",True
BEST PICTURE,The Exorcist,"William Peter Blatty, Producer",True
BEST PICTURE,The Sting,"Tony Bill, Michael Phillips and Julia Phillips, Producers",True
BEST PICTURE,A Touch of Class,"Melvin Frank, Producer",True
SHORT FILM (Animated),Frank Film,"Frank Mouris, Producer",True
SHORT FILM (Animated),The Legend of John Henry,"Nick Bosustow and David Adams, Producers",True
SHORT FILM (Animated),Pulcinella,"Emanuele Luzzati and Giulio Gianini, Producers",True
SHORT FILM (Live Action),The Bolero,"Allan Miller and William Fertik, Producers",True
SHORT FILM (Live Action),Clockmaker,"Richard Gayer, Producer",True
SHORT FILM (Live Action),Life Times Nine,"Pen Densham and John Watson, Producers",True
SOUND MIXING,The Day of the Dolphin,"Richard Portman, Lawrence O. Jost",True
SOUND MIXING,The Exorcist,"Robert Knudson, Chris Newman",True
SOUND MIXING,The Paper Chase,"Donald O. Mitchell, Lawrence O. Jost",True
SOUND MIXING,Paper Moon,"Richard Portman, Les Fresholtz",True
SOUND MIXING,The Sting,"Ronald K. Pierce, Robert Bertrand",True
WRITING (Adapted Screenplay),The Exorcist,William Peter Blatty,True
WRITING (Adapted Screenplay),The Last Detail,Robert Towne,True
WRITING (Adapted Screenplay),The Paper Chase,James Bridges,True
WRITING (Adapted Screenplay),Paper Moon,Alvin Sargent,True
WRITING (Adapted Screenplay),Serpico,"Waldo Salt, Norman Wexler",True
WRITING (Original Screenplay),American Graffiti,"George Lucas, Gloria Katz, Willard Huyck",True
WRITING (Original Screenplay),Cries and Whispers,Ingmar Bergman,True
WRITING (Original Screenplay),Save the Tiger,Steve Shagan,True
WRITING (Original Screenplay),The Sting,David S. Ward,True
WRITING (Original Screenplay),A Touch of Class,"Melvin Frank, Jack Rose",True
ACTOR IN A LEADING ROLE,Harry and Tonto,Art Carney,True
ACTOR IN A LEADING ROLE,Murder on the Orient Express,Albert Finney,True
ACTOR IN A LEADING ROLE,Lenny,Dustin Hoffman,True
ACTOR IN A LEADING ROLE,Chinatown,Jack Nicholson,True
ACTOR IN A LEADING ROLE,The Godfather Part II,Al Pacino,True
ACTOR IN A SUPPORTING ROLE,The Towering Inferno,Fred Astaire,True
ACTOR IN A SUPPORTING ROLE,Thunderbolt and Lightfoot,Jeff Bridges,True
ACTOR IN A SUPPORTING ROLE,The Godfather Part II,Robert De Niro,True
ACTOR IN A SUPPORTING ROLE,The Godfather Part II,Michael V. Gazzo,True
ACTOR IN A SUPPORTING ROLE,The Godfather Part II,Lee Strasberg,True
ACTRESS IN A LEADING ROLE,Alice Doesn't Live Here Anymore,Ellen Burstyn,True
ACTRESS IN A LEADING ROLE,Claudine,Diahann Carroll,True
ACTRESS IN A LEADING ROLE,Chinatown,Faye Dunaway,True
ACTRESS IN A LEADING ROLE,Lenny,Valerie Perrine,True
ACTRESS IN A LEADING ROLE,A Woman under the Influence,Gena Rowlands,True
ACTRESS IN A SUPPORTING ROLE,Murder on the Orient Express,Ingrid Bergman,True
ACTRESS IN A SUPPORTING ROLE,Day for Night,Valentina Cortese,True
ACTRESS IN A SUPPORTING ROLE,Blazing Saddles,Madeline Kahn,True
ACTRESS IN A SUPPORTING ROLE,Alice Doesn't Live Here Anymore,Diane Ladd,True
ACTRESS IN A SUPPORTING ROLE,The Godfather Part II,Talia Shire,True
ART DIRECTION,Chinatown,"Art Direction: Richard Sylbert, W. Stewart Campbell; Set Decoration: Ruby Levitt",True
ART DIRECTION,Earthquake,"Art Direction: Alexander Golitzen, E. Preston Ames; Set Decoration: Frank McKelvy",True
ART DIRECTION,The Godfather Part II,"Art Direction: Dean Tavoularis, Angelo Graham; Set Decoration: George R. Nelson",True
ART DIRECTION,The Island at the Top of the World,"Art Direction: Peter Ellenshaw, John B. Mansbridge, Walter Tyler, Al Roelofs; Set Decoration: Hal Gausman",True
ART DIRECTION,The Towering Inferno,"Art Direction: William Creber, Ward Preston; Set Decoration: Raphael Bretton",True
CINEMATOGRAPHY,Chinatown,John A. Alonzo,True
CINEMATOGRAPHY,Earthquake,Philip Lathrop,True
CINEMATOGRAPHY,Lenny,Bruce Surtees,True
CINEMATOGRAPHY,Murder on the Orient Express,Geoffrey Unsworth,True
CINEMATOGRAPHY,The Towering Inferno,"Fred Koenekamp, Joseph Biroc",True
COSTUME DESIGN,Chinatown,Anthea Sylbert,True
COSTUME DESIGN,Daisy Miller,John Furness,True
COSTUME DESIGN,The Godfather Part II,Theadora Van Runkle,True
COSTUME DESIGN,The Great Gatsby,Theoni V. Aldredge,True
COSTUME DESIGN,Murder on the Orient Express,Tony Walton,True
DIRECTING,Chinatown,Roman Polanski,True
DIRECTING,Day for Night,Francois Truffaut,True
DIRECTING,The Godfather Part II,Francis Ford Coppola,True
DIRECTING,Lenny,Bob Fosse,True
DIRECTING,A Woman under the Influence,John Cassavetes,True
DOCUMENTARY (Feature),Antonia: A Portrait of the Woman,"Judy Collins and Jill Godmilow, Producers",True
DOCUMENTARY (Feature),The Challenge...A Tribute to Modern Art,"Herbert Kline, Producer",True
DOCUMENTARY (Feature),The 81st Blow,"Jacquot Ehrlich, David Bergman and Haim Gouri, Producers",True
DOCUMENTARY (Feature),Hearts and Minds,"Peter Davis and Bert Schneider, Producers",True
DOCUMENTARY (Feature),The Wild and the Brave,"Natalie R. Jones and Eugene S. Jones, Producers",True
DOCUMENTARY (Short Subject),City Out of Wilderness,"Francis Thompson, Producer",True
DOCUMENTARY (Short Subject),Don't,"Robin Lehman, Producer",True
DOCUMENTARY (Short Subject),Exploratorium,"Jon Boorstin, Producer",True
DOCUMENTARY (Short Subject),John Muir's High Sierra,"Dewitt Jones and Lesley Foster, Producers",True
DOCUMENTARY (Short Subject),Naked Yoga,"Ronald S. Kass and Mervyn Lloyd, Producers",True
FILM EDITING,Blazing Saddles,"John C. Howard, Danford Greene",True
FILM EDITING,Chinatown,Sam O'Steen,True
FILM EDITING,Earthquake,Dorothy Spencer,True
FILM EDITING,The Longest Yard,Michael Luciano,True
FILM EDITING,The Towering Inferno,"Harold F. Kress, Carl Kress",True
INTERNATIONAL FEATURE FILM,Amarcord,Italy,True
INTERNATIONAL FEATURE FILM,Cats' Play,Hungary,True
INTERNATIONAL FEATURE FILM,The Deluge,Poland,True
INTERNATIONAL FEATURE FILM,"Lacombe, Lucien",France,True
INTERNATIONAL FEATURE FILM,The Truce,Argentina,True
MUSIC (Original Score),Chinatown,Jerry Goldsmith,True
MUSIC (Original Score),The Godfather Part II,"Nino Rota, Carmine Coppola",True
MUSIC (Original Score),Murder on the Orient Express,Richard Rodney Bennett,True
MUSIC (Original Score),Shanks,Alex North,True
MUSIC (Original Score),The Towering Inferno,John Williams,True
MUSIC (Original Song Score or Adaptation Score),The Great Gatsby,Adaptation Score by Nelson Riddle,True
MUSIC (Original Song Score or Adaptation Score),The Little Prince,Song Score by Alan Jay Lerner and Frederick Loewe; Adaptation Score by Angela Morley and Douglas Gamley,True
MUSIC (Original Song Score or Adaptation Score),Phantom of the Paradise,Song Score by Paul Williams; Adaptation Score by Paul Williams and George Aliceson Tipton,True
MUSIC (Original Song),Benji,Music by Euel Box; Lyrics by Betty Box,True
MUSIC (Original Song),Blazing Saddles,Music by John Morris; Lyrics by Mel Brooks,True
MUSIC (Original Song),The Little Prince,Music by Frederick Loewe; Lyrics by Alan Jay Lerner,True
MUSIC (Original Song),The Towering Inferno,Music and Lyrics by Al Kasha and Joel Hirschhorn,True
MUSIC (Original Song),Gold,Music by Elmer Bernstein; Lyrics by Don Black,True
BEST PICTURE,Chinatown,"Robert Evans, Producer",True
BEST PICTURE,The Conversation,"Francis Ford Coppola, Producer; Fred Roos, Co-Producer",True
BEST PICTURE,The Godfather Part II,"Francis Ford Coppola, Producer; Gray Frederickson and Fred Roos, Co-Producers",True
BEST PICTURE,Lenny,"Marvin Worth, Producer",True
BEST PICTURE,The Towering Inferno,"Irwin Allen, Producer",True
SHORT FILM (Animated),Closed Mondays,"Will Vinton and Bob Gardiner, Producers",True
SHORT FILM (Animated),The Family That Dwelt Apart,"Yvon Mallette and Robert Verrall, Producers",True
SHORT FILM (Animated),Hunger,"Peter Foldes and René Jodoin, Producers",True
SHORT FILM (Animated),Voyage to Next,"Faith Hubley and John Hubley, Producers",True
SHORT FILM (Animated),Winnie the Pooh and Tigger Too,"Wolfgang Reitherman, Producer",True
SHORT FILM (Live Action),Climb,"Dewitt Jones, Producer",True
SHORT FILM (Live Action),The Concert,"Julian Chagrin and Claude Chagrin, Producers",True
SHORT FILM (Live Action),One-Eyed Men Are Kings,"Paul Claudon and Edmond Sechan, Producers",True
SHORT FILM (Live Action),Planet Ocean,"George V. Casey, Producer",True
SHORT FILM (Live Action),The Violin,"Andrew Welsh and George Pastic, Producers",True
SOUND MIXING,Chinatown,"Bud Grenzbach, Larry Jost",True
SOUND MIXING,The Conversation,"Walter Murch, Arthur Rochester",True
SOUND MIXING,Earthquake,"Ronald Pierce, Melvin Metcalfe, Sr.",True
SOUND MIXING,The Towering Inferno,"Theodore Soderberg, Herman Lewis",True
SOUND MIXING,Young Frankenstein,"Richard Portman, Gene Cantamessa",True
WRITING (Original Screenplay),Alice Doesn't Live Here Anymore,Robert Getchell,True
WRITING (Original Screenplay),Chinatown,Robert Towne,True
WRITING (Original Screenplay),The Conversation,Francis Ford Coppola,True
WRITING (Original Screenplay),Day for Night,"Francois Truffaut, Jean-Louis Richard, Suzanne Schiffman",True
WRITING (Original Screenplay),Harry and Tonto,"Paul Mazursky, Josh Greenfeld",True
WRITING (Adapted Screenplay),The Apprenticeship of Duddy Kravitz,Screenplay by Mordecai Richler; Adaptation by Lionel Chetwynd,True
WRITING (Adapted Screenplay),The Godfather Part II,"Francis Ford Coppola, Mario Puzo",True
WRITING (Adapted Screenplay),Lenny,Julian Barry,True
WRITING (Adapted Screenplay),Murder on the Orient Express,Paul Dehn,True
WRITING (Adapted Screenplay),Young Frankenstein,"Gene Wilder, Mel Brooks",True
SPECIAL ACHIEVEMENT AWARD (Visual Effects),Earthquake,"Frank Brendel, Glen Robinson, Albert Whitlock",True
ACTOR IN A LEADING ROLE,The Sunshine Boys,Walter Matthau,True
ACTOR IN A LEADING ROLE,One Flew over the Cuckoo's Nest,Jack Nicholson,True
ACTOR IN A LEADING ROLE,Dog Day Afternoon,Al Pacino,True
ACTOR IN A LEADING ROLE,The Man in the Glass Booth,Maximilian Schell,True
ACTOR IN A LEADING ROLE,"Give 'em Hell, Harry!",James Whitmore,True
ACTOR IN A SUPPORTING ROLE,The Sunshine Boys,George Burns,True
ACTOR IN A SUPPORTING ROLE,One Flew over the Cuckoo's Nest,Brad Dourif,True
ACTOR IN A SUPPORTING ROLE,The Day of the Locust,Burgess Meredith,True
ACTOR IN A SUPPORTING ROLE,Dog Day Afternoon,Chris Sarandon,True
ACTOR IN A SUPPORTING ROLE,Shampoo,Jack Warden,True
ACTRESS IN A LEADING ROLE,The Story of Adele H.,Isabelle Adjani,True
ACTRESS IN A LEADING ROLE,Tommy,Ann-Margret,True
ACTRESS IN A LEADING ROLE,One Flew over the Cuckoo's Nest,Louise Fletcher,True
ACTRESS IN A LEADING ROLE,Hedda,Glenda Jackson,True
ACTRESS IN A LEADING ROLE,Hester Street,Carol Kane,True
ACTRESS IN A SUPPORTING ROLE,Nashville,Ronee Blakley,True
ACTRESS IN A SUPPORTING ROLE,Shampoo,Lee Grant,True
ACTRESS IN A SUPPORTING ROLE,"Farewell, My Lovely",Sylvia Miles,True
ACTRESS IN A SUPPORTING ROLE,Nashville,Lily Tomlin,True
ACTRESS IN A SUPPORTING ROLE,Jacqueline Susann's Once Is Not Enough,Brenda Vaccaro,True
ART DIRECTION,Barry Lyndon,"Art Direction: Ken Adam, Roy Walker; Set Decoration: Vernon Dixon",True
ART DIRECTION,The Hindenburg,Art Direction: Edward Carfagno; Set Decoration: Frank McKelvy,True
ART DIRECTION,The Man Who Would Be King,"Art Direction: Alexander Trauner, Tony Inglis; Set Decoration: Peter James",True
ART DIRECTION,Shampoo,"Art Direction: Richard Sylbert, W. Stewart Campbell; Set Decoration: George Gaines",True
ART DIRECTION,The Sunshine Boys,Art Direction: Albert Brenner; Set Decoration: Marvin March,True
CINEMATOGRAPHY,Barry Lyndon,John Alcott,True
CINEMATOGRAPHY,The Day of the Locust,Conrad Hall,True
CINEMATOGRAPHY,Funny Lady,James Wong Howe,True
CINEMATOGRAPHY,The Hindenburg,Robert Surtees,True
CINEMATOGRAPHY,One Flew over the Cuckoo's Nest,"Haskell Wexler, Bill Butler",True
COSTUME DESIGN,Barry Lyndon,"Ulla-Britt Soderlund, Milena Canonero",True
COSTUME DESIGN,The Four Musketeers,"Yvonne Blake, Ron Talsky",True
COSTUME DESIGN,Funny Lady,"Ray Aghayan, Bob Mackie",True
COSTUME DESIGN,The Magic Flute,"Henny Noremark, Karin Erskine",True
COSTUME DESIGN,The Man Who Would Be King,Edith Head,True
DIRECTING,Amarcord,Federico Fellini,True
DIRECTING,Barry Lyndon,Stanley Kubrick,True
DIRECTING,Dog Day Afternoon,Sidney Lumet,True
DIRECTING,Nashville,Robert Altman,True
DIRECTING,One Flew over the Cuckoo's Nest,Milos Forman,True
DOCUMENTARY (Feature),The California Reich,"Walter F. Parkes and Keith F. Critchlow, Producers",True
DOCUMENTARY (Feature),Fighting for Our Lives,"Glen Pearcy, Producer",True
DOCUMENTARY (Feature),The Incredible Machine,"Irwin Rosten, Producer",True
DOCUMENTARY (Feature),The Man Who Skied down Everest,"F. R. Crawley, James Hager and Dale Hartleben, Producers",True
DOCUMENTARY (Feature),The Other Half of the Sky: A China Memoir,"Shirley MacLaine, Producer",True
DOCUMENTARY (Short Subject),Arthur and Lillie,"Jon Else, Steven Kovacs and Kristine Samuelson, Producers",True
DOCUMENTARY (Short Subject),The End of the Game,"Claire Wilbur and Robin Lehman, Producers",True
DOCUMENTARY (Short Subject),Millions of Years Ahead of Man,"Manfred Baier, Producer",True
DOCUMENTARY (Short Subject),Probes in Space,"George V. Casey, Producer",True
DOCUMENTARY (Short Subject),Whistling Smith,"Barrie Howells and Michael Scott, Producers",True
FILM EDITING,Dog Day Afternoon,Dede Allen,True
FILM EDITING,Jaws,Verna Fields,True
FILM EDITING,The Man Who Would Be King,Russell Lloyd,True
FILM EDITING,One Flew over the Cuckoo's Nest,"Richard Chew, Lynzee Klingman, Sheldon Kahn",True
FILM EDITING,Three Days of the Condor,"Fredric Steinkamp, Don Guidice",True
INTERNATIONAL FEATURE FILM,Dersu Uzala,Union of Soviet Socialist Republics,True
INTERNATIONAL FEATURE FILM,Land of Promise,Poland,True
INTERNATIONAL FEATURE FILM,Letters from Marusia,Mexico,True
INTERNATIONAL FEATURE FILM,Sandakan No. 8,Japan,True
INTERNATIONAL FEATURE FILM,Scent of a Woman,Italy,True
MUSIC (Original Score),"Birds Do It, Bees Do It",Gerald Fried,True
MUSIC (Original Score),Bite the Bullet,Alex North,True
MUSIC (Original Score),Jaws,John Williams,True
MUSIC (Original Score),One Flew over the Cuckoo's Nest,Jack Nitzsche,True
MUSIC (Original Score),The Wind and the Lion,Jerry Goldsmith,True
MUSIC (Original Song Score or Adaptation Score),Barry Lyndon,Adaptation Score by Leonard Rosenman,True
MUSIC (Original Song Score or Adaptation Score),Funny Lady,Adaptation Score by Peter Matz,True
MUSIC (Original Song Score or Adaptation Score),Tommy,Adaptation Score by Peter Townshend,True
MUSIC (Original Song),Funny Lady,Music and Lyrics by Fred Ebb and John Kander,True
MUSIC (Original Song),Nashville,Music and Lyrics by Keith Carradine,True
MUSIC (Original Song),Whiffs,Music by George Barrie; Lyrics by Sammy Cahn,True
MUSIC (Original Song),The Other Side of the Mountain,Music by Charles Fox; Lyrics by Norman Gimbel,True
MUSIC (Original Song),Mahogany,Music by Michael Masser; Lyrics by Gerry Goffin,True
BEST PICTURE,Barry Lyndon,"Stanley Kubrick, Producer",True
BEST PICTURE,Dog Day Afternoon,"Martin Bregman and Martin Elfand, Producers",True
BEST PICTURE,Jaws,"Richard D. Zanuck and David Brown, Producers",True
BEST PICTURE,Nashville,"Robert Altman, Producer",True
BEST PICTURE,One Flew over the Cuckoo's Nest,"Saul Zaentz and Michael Douglas, Producers",True
SHORT FILM (Animated),Great,"Bob Godfrey, Producer",True
SHORT FILM (Animated),Kick Me,"Robert Swarthe, Producer",True
SHORT FILM (Animated),Monsieur Pointu,"René Jodoin, Bernard Longpré and André Leduc, Producers",True
SHORT FILM (Animated),Sisyphus,"Marcell Jankovics, Producer",True
SHORT FILM (Live Action),Angel and Big Joe,"Bert Salzman, Producer",True
SHORT FILM (Live Action),Conquest of Light,"Louis Marcus, Producer",True
SHORT FILM (Live Action),Dawn Flight,"Lawrence M. Lansburgh and Brian Lansburgh, Producers",True
SHORT FILM (Live Action),A Day in the Life of Bonnie Consolo,"Barry Spinello, Producer",True
SHORT FILM (Live Action),Doubletalk,"Alan Beattie, Producer",True
SOUND MIXING,Bite the Bullet,"Arthur Piantadosi, Les Fresholtz, Richard Tyler, Al Overton, Jr.",True
SOUND MIXING,Funny Lady,"Richard Portman, Don MacDougall, Curly Thirlwell, Jack Solomon",True
SOUND MIXING,The Hindenburg,"Leonard Peterson, John A. Bolger, Jr., John Mack, Don K. Sharpless",True
SOUND MIXING,Jaws,"Robert L. Hoyt, Roger Heman, Earl Madery, John Carter",True
SOUND MIXING,The Wind and the Lion,"Harry W. Tetrick, Aaron Rochin, William McCaughey, Roy Charman",True
WRITING (Original Screenplay),Amarcord,"Federico Fellini, Tonino Guerra",True
WRITING (Original Screenplay),And Now My Love,"Claude Lelouch, Pierre Uytterhoeven",True
WRITING (Original Screenplay),Dog Day Afternoon,Frank Pierson,True
WRITING (Original Screenplay),Lies My Father Told Me,Ted Allan,True
WRITING (Original Screenplay),Shampoo,"Robert Towne, Warren Beatty",True
WRITING (Adapted Screenplay),Barry Lyndon,Stanley Kubrick,True
WRITING (Adapted Screenplay),The Man Who Would Be King,"John Huston, Gladys Hill",True
WRITING (Adapted Screenplay),One Flew over the Cuckoo's Nest,"Lawrence Hauben, Bo Goldman",True
WRITING (Adapted Screenplay),Scent of a Woman,"Ruggero Maccari, Dino Risi",True
WRITING (Adapted Screenplay),The Sunshine Boys,Neil Simon,True
SPECIAL ACHIEVEMENT AWARD (Sound Effects),The Hindenburg,Peter Berkos,True
SPECIAL ACHIEVEMENT AWARD (Visual Effects),The Hindenburg,"Albert Whitlock, Glen Robinson",True
ACTOR IN A LEADING ROLE,Taxi Driver,Robert De Niro,True
ACTOR IN A LEADING ROLE,Network,Peter Finch,True
ACTOR IN A LEADING ROLE,Seven Beauties,Giancarlo Giannini,True
ACTOR IN A LEADING ROLE,Network,William Holden,True
ACTOR IN A LEADING ROLE,Rocky,Sylvester Stallone,True
ACTOR IN A SUPPORTING ROLE,Network,Ned Beatty,True
ACTOR IN A SUPPORTING ROLE,Rocky,Burgess Meredith,True
ACTOR IN A SUPPORTING ROLE,Marathon Man,Laurence Olivier,True
ACTOR IN A SUPPORTING ROLE,All the President's Men,Jason Robards,True
ACTOR IN A SUPPORTING ROLE,Rocky,Burt Young,True
ACTRESS IN A LEADING ROLE,"Cousin, Cousine",Marie-Christine Barrault,True
ACTRESS IN A LEADING ROLE,Network,Faye Dunaway,True
ACTRESS IN A LEADING ROLE,Rocky,Talia Shire,True
ACTRESS IN A LEADING ROLE,Carrie,Sissy Spacek,True
ACTRESS IN A LEADING ROLE,Face to Face,Liv Ullmann,True
ACTRESS IN A SUPPORTING ROLE,All the President's Men,Jane Alexander,True
ACTRESS IN A SUPPORTING ROLE,Taxi Driver,Jodie Foster,True
ACTRESS IN A SUPPORTING ROLE,Voyage of the Damned,Lee Grant,True
ACTRESS IN A SUPPORTING ROLE,Carrie,Piper Laurie,True
ACTRESS IN A SUPPORTING ROLE,Network,Beatrice Straight,True
ART DIRECTION,All the President's Men,Art Direction: George Jenkins; Set Decoration: George Gaines,True
ART DIRECTION,The Incredible Sarah,"Art Direction: Elliot Scott, Norman Reynolds; Set Decoration: Peter Howitt",True
ART DIRECTION,The Last Tycoon,"Art Direction: Gene Callahan, Jack Collis; Set Decoration: Jerry Wunderlich",True
ART DIRECTION,Logan's Run,Art Direction: Dale Hennesy; Set Decoration: Robert de Vestel,True
ART DIRECTION,The Shootist,Art Direction: Robert F. Boyle; Set Decoration: Arthur Jeph Parker,True
CINEMATOGRAPHY,Bound for Glory,Haskell Wexler,True
CINEMATOGRAPHY,King Kong,Richard H. Kline,True
CINEMATOGRAPHY,Logan's Run,Ernest Laszlo,True
CINEMATOGRAPHY,Network,Owen Roizman,True
CINEMATOGRAPHY,A Star Is Born,Robert Surtees,True
COSTUME DESIGN,Bound for Glory,William Theiss,True
COSTUME DESIGN,Fellini's Casanova,Danilo Donati,True
COSTUME DESIGN,The Incredible Sarah,Anthony Mendleson,True
COSTUME DESIGN,The Passover Plot,Mary Wills,True
COSTUME DESIGN,The Seven-per-cent Solution,Alan Barrett,True
DIRECTING,All the President's Men,Alan J. Pakula,True
DIRECTING,Face to Face,Ingmar Bergman,True
DIRECTING,Network,Sidney Lumet,True
DIRECTING,Rocky,John G. Avildsen,True
DIRECTING,Seven Beauties,Lina Wertmüller,True
DOCUMENTARY (Feature),"Harlan County, U.S.A.","Barbara Kopple, Producer",True
DOCUMENTARY (Feature),Hollywood on Trial,"James Gutman and David Helpern, Jr., Producers",True
DOCUMENTARY (Feature),Off the Edge,"Michael Firth, Producer",True
DOCUMENTARY (Feature),People of the Wind,"Anthony Howarth and David Koff, Producers",True
DOCUMENTARY (Feature),Volcano: An Inquiry into the Life and Death of Malcolm Lowry,"Donald Brittain and Robert Duncan, Producers",True
DOCUMENTARY (Short Subject),American Shoeshine,"Sparky Greene, Producer",True
DOCUMENTARY (Short Subject),Blackwood,"Tony Ianzelo and Andy Thomson, Producers",True
DOCUMENTARY (Short Subject),The End of the Road,"John Armstrong, Producer",True
DOCUMENTARY (Short Subject),Number Our Days,"Lynne Littman, Producer",True
DOCUMENTARY (Short Subject),Universe,"Lester Novros, Producer",True
FILM EDITING,All the President's Men,Robert L. Wolfe,True
FILM EDITING,Bound for Glory,"Robert Jones, Pembroke J. Herring",True
FILM EDITING,Network,Alan Heim,True
FILM EDITING,Rocky,"Richard Halsey, Scott Conrad",True
FILM EDITING,Two-Minute Warning,"Eve Newman, Walter Hannemann",True
INTERNATIONAL FEATURE FILM,Black and White in Color,Ivory Coast,True
INTERNATIONAL FEATURE FILM,"Cousin, Cousine",France,True
INTERNATIONAL FEATURE FILM,"Jacob, the Liar",German Democratic Republic,True
INTERNATIONAL FEATURE FILM,Nights and Days,Poland,True
INTERNATIONAL FEATURE FILM,Seven Beauties,Italy,True
MUSIC (Original Score),Obsession,Bernard Herrmann,True
MUSIC (Original Score),The Omen,Jerry Goldsmith,True
MUSIC (Original Score),The Outlaw Josey Wales,Jerry Fielding,True
MUSIC (Original Score),Taxi Driver,Bernard Herrmann,True
MUSIC (Original Score),Voyage of the Damned,Lalo Schifrin,True
MUSIC (Original Song Score or Adaptation Score),Bound for Glory,Adaptation Score by Leonard Rosenman,True
MUSIC (Original Song Score or Adaptation Score),Bugsy Malone,Song Score and Adaptation Score by Paul Williams,True
MUSIC (Original Song Score or Adaptation Score),A Star Is Born,Adaptation Score by Roger Kellaway,True
MUSIC (Original Song),Half a House,Music by Sammy Fain; Lyrics by Paul Francis Webster,True
MUSIC (Original Song),The Omen,Music and Lyrics by Jerry Goldsmith,True
MUSIC (Original Song),The Pink Panther Strikes Again,Music by Henry Mancini; Lyrics by Don Black,True
MUSIC (Original Song),A Star Is Born,Music by Barbra Streisand; Lyrics by Paul Williams,True
MUSIC (Original Song),Rocky,Music by Bill Conti; Lyrics by Carol Connors and Ayn Robbins,True
BEST PICTURE,All the President's Men,"Walter Coblenz, Producer",True
BEST PICTURE,Bound for Glory,"Robert F. Blumofe and Harold Leventhal, Producers",True
BEST PICTURE,Network,"Howard Gottfried, Producer",True
BEST PICTURE,Rocky,"Irwin Winkler and Robert Chartoff, Producers",True
BEST PICTURE,Taxi Driver,"Michael Phillips and Julia Phillips, Producers",True
SHORT FILM (Animated),Dedalo,"Manfredo Manfredi, Producer",True
SHORT FILM (Animated),Leisure,"Suzanne Baker, Producer",True
SHORT FILM (Animated),The Street,"Caroline Leaf and Guy Glover, Producers",True
SHORT FILM (Live Action),In the Region of Ice,"Andre Guttfreund and Peter Werner, Producers",True
SHORT FILM (Live Action),Kudzu,"Marjorie Anne Short, Producer",True
SHORT FILM (Live Action),The Morning Spider,"Julian Chagrin and Claude Chagrin, Producers",True
SHORT FILM (Live Action),Nightlife,"Claire Wilbur and Robin Lehman, Producers",True
SHORT FILM (Live Action),Number One,"Dyan Cannon and Vince Cannon, Producers",True
SOUND MIXING,All the President's Men,"Arthur Piantadosi, Les Fresholtz, Dick Alexander, Jim Webb",True
SOUND MIXING,King Kong,"Harry Warren Tetrick, William McCaughey, Aaron Rochin, Jack Solomon",True
SOUND MIXING,Rocky,"Harry Warren Tetrick, William McCaughey, Lyle Burbridge, Bud Alper",True
SOUND MIXING,Silver Streak,"Donald Mitchell, Douglas Williams, Richard Tyler, Hal Etherington",True
SOUND MIXING,A Star Is Born,"Robert Knudson, Dan Wallin, Robert Glass, Tom Overton",True
WRITING (Adapted Screenplay),All the President's Men,William Goldman,True
WRITING (Adapted Screenplay),Bound for Glory,Robert Getchell,True
WRITING (Adapted Screenplay),Fellini's Casanova,"Federico Fellini, Bernardino Zapponi",True
WRITING (Adapted Screenplay),The Seven-per-cent Solution,Nicholas Meyer,True
WRITING (Adapted Screenplay),Voyage of the Damned,"Steve Shagan, David Butler",True
WRITING (Original Screenplay),"Cousin, Cousine",Story and Screenplay by Jean-Charles Tacchella; Adaptation by Daniele Thompson,True
WRITING (Original Screenplay),The Front,Walter Bernstein,True
WRITING (Original Screenplay),Network,Paddy Chayefsky,True
WRITING (Original Screenplay),Rocky,Sylvester Stallone,True
WRITING (Original Screenplay),Seven Beauties,Lina Wertmüller,True
SPECIAL ACHIEVEMENT AWARD (Visual Effects),King Kong,"Carlo Rambaldi, Glen Robinson, Frank Van der Veer",True
SPECIAL ACHIEVEMENT AWARD (Visual Effects),Logan's Run,"L. B. Abbott, Glen Robinson, Matthew Yuricich",True
ACTOR IN A LEADING ROLE,Annie Hall,Woody Allen,True
ACTOR IN A LEADING ROLE,Equus,Richard Burton,True
ACTOR IN A LEADING ROLE,The Goodbye Girl,Richard Dreyfuss,True
ACTOR IN A LEADING ROLE,A Special Day,Marcello Mastroianni,True
ACTOR IN A LEADING ROLE,Saturday Night Fever,John Travolta,True
ACTOR IN A SUPPORTING ROLE,The Turning Point,Mikhail Baryshnikov,True
ACTOR IN A SUPPORTING ROLE,Equus,Peter Firth,True
ACTOR IN A SUPPORTING ROLE,Star Wars,Alec Guinness,True
ACTOR IN A SUPPORTING ROLE,Julia,Jason Robards,True
ACTOR IN A SUPPORTING ROLE,Julia,Maximilian Schell,True
ACTRESS IN A LEADING ROLE,The Turning Point,Anne Bancroft,True
ACTRESS IN A LEADING ROLE,Julia,Jane Fonda,True
ACTRESS IN A LEADING ROLE,Annie Hall,Diane Keaton,True
ACTRESS IN A LEADING ROLE,The Turning Point,Shirley MacLaine,True
ACTRESS IN A LEADING ROLE,The Goodbye Girl,Marsha Mason,True
ACTRESS IN A SUPPORTING ROLE,The Turning Point,Leslie Browne,True
ACTRESS IN A SUPPORTING ROLE,The Goodbye Girl,Quinn Cummings,True
ACTRESS IN A SUPPORTING ROLE,Close Encounters of the Third Kind,Melinda Dillon,True
ACTRESS IN A SUPPORTING ROLE,Julia,Vanessa Redgrave,True
ACTRESS IN A SUPPORTING ROLE,Looking for Mr. Goodbar,Tuesday Weld,True
ART DIRECTION,Airport '77,Art Direction: George C. Webb; Set Decoration: Mickey S. Michaels,True
ART DIRECTION,Close Encounters of the Third Kind,"Art Direction: Joe Alves, Dan Lomino; Set Decoration: Phil Abramson",True
ART DIRECTION,The Spy Who Loved Me,"Art Direction: Ken Adam, Peter Lamont; Set Decoration: Hugh Scaife",True
ART DIRECTION,Star Wars,"Art Direction: John Barry, Norman Reynolds, Leslie Dilley; Set Decoration: Roger Christian",True
ART DIRECTION,The Turning Point,Art Direction: Albert Brenner; Set Decoration: Marvin March,True
CINEMATOGRAPHY,Close Encounters of the Third Kind,Vilmos Zsigmond,True
CINEMATOGRAPHY,Islands in the Stream,Fred J. Koenekamp,True
CINEMATOGRAPHY,Julia,Douglas Slocombe,True
CINEMATOGRAPHY,Looking for Mr. Goodbar,William A. Fraker,True
CINEMATOGRAPHY,The Turning Point,Robert Surtees,True
COSTUME DESIGN,Airport '77,"Edith Head, Burton Miller",True
COSTUME DESIGN,Julia,Anthea Sylbert,True
COSTUME DESIGN,A Little Night Music,Florence Klotz,True
COSTUME DESIGN,The Other Side of Midnight,Irene Sharaff,True
COSTUME DESIGN,Star Wars,John Mollo,True
DIRECTING,Annie Hall,Woody Allen,True
DIRECTING,Close Encounters of the Third Kind,Steven Spielberg,True
DIRECTING,Julia,Fred Zinnemann,True
DIRECTING,Star Wars,George Lucas,True
DIRECTING,The Turning Point,Herbert Ross,True
DOCUMENTARY (Feature),The Children of Theatre Street,"Robert Dornhelm and Earle Mack, Producers",True
DOCUMENTARY (Feature),High Grass Circus,"Bill Brind, Torben Schioler and Tony Ianzelo, Producers",True
DOCUMENTARY (Feature),Homage to Chagall--The Colours of Love,"Harry Rasky, Producer",True
DOCUMENTARY (Feature),Union Maids,"James Klein, Julia Reichert and Miles Mogulescu, Producers",True
DOCUMENTARY (Feature),Who Are the DeBolts? And Where Did They Get Nineteen Kids?,"John Korty, Dan McCann and Warren L. Lockhart, Producers",True
DOCUMENTARY (Short Subject),"Agueda Martinez: Our People, Our Country","Moctesuma Esparza, Producer",True
DOCUMENTARY (Short Subject),First Edition,"Helen Whitney and DeWitt L. Sage, Jr., Producers",True
DOCUMENTARY (Short Subject),Gravity Is My Enemy,"John Joseph and Jan Stussy, Producers",True
DOCUMENTARY (Short Subject),"Of Time, Tombs and Treasure","James R. Messenger and Paul N. Raimondi, Producers",True
DOCUMENTARY (Short Subject),The Shetland Experience,"Douglas Gordon, Producer",True
FILM EDITING,Close Encounters of the Third Kind,Michael Kahn,True
FILM EDITING,Julia,Walter Murch,True
FILM EDITING,Smokey and the Bandit,"Walter Hannemann, Angelo Ross",True
FILM EDITING,Star Wars,"Paul Hirsch, Marcia Lucas, Richard Chew",True
FILM EDITING,The Turning Point,William Reynolds,True
INTERNATIONAL FEATURE FILM,Iphigenia,Greece,True
INTERNATIONAL FEATURE FILM,Madame Rosa,France,True
INTERNATIONAL FEATURE FILM,Operation Thunderbolt,Israel,True
INTERNATIONAL FEATURE FILM,A Special Day,Italy,True
INTERNATIONAL FEATURE FILM,That Obscure Object of Desire,Spain,True
MUSIC (Original Score),Close Encounters of the Third Kind,John Williams,True
MUSIC (Original Score),Julia,Georges Delerue,True
MUSIC (Original Score),Mohammad - Messenger of God,Maurice Jarre,True
MUSIC (Original Score),The Spy Who Loved Me,Marvin Hamlisch,True
MUSIC (Original Score),Star Wars,John Williams,True
MUSIC (Original Song Score or Adaptation Score),A Little Night Music,Adaptation Score by Jonathan Tunick,True
MUSIC (Original Song Score or Adaptation Score),Pete's Dragon,Song Score by Al Kasha and Joel Hirschhorn; Adaptation Score by Irwin Kostal,True
MUSIC (Original Song Score or Adaptation Score),The Slipper and the Rose--The Story of Cinderella,Song Score by Richard M. Sherman and Robert B. Sherman; Adaptation Score by Angela Morley,True
MUSIC (Original Song),Pete's Dragon,Music and Lyrics by Al Kasha and Joel Hirschhorn,True
MUSIC (Original Song),The Spy Who Loved Me,Music by Marvin Hamlisch; Lyrics by Carole Bayer Sager,True
MUSIC (Original Song),The Slipper and the Rose--The Story of Cinderella,Music and Lyrics by Richard M. Sherman and Robert B. Sherman,True
MUSIC (Original Song),The Rescuers,Music by Sammy Fain; Lyrics by Carol Connors and Ayn Robbins,True
MUSIC (Original Song),You Light Up My Life,Music and Lyrics by Joseph Brooks,True
BEST PICTURE,Annie Hall,"Charles H. Joffe, Producer",True
BEST PICTURE,The Goodbye Girl,"Ray Stark, Producer",True
BEST PICTURE,Julia,"Richard Roth, Producer",True
BEST PICTURE,Star Wars,"Gary Kurtz, Producer",True
BEST PICTURE,The Turning Point,"Herbert Ross and Arthur Laurents, Producers",True
SHORT FILM (Animated),The Bead Game,"Ishu Patel, Producer",True
SHORT FILM (Animated),The Doonesbury Special,"John Hubley, Faith Hubley and Garry Trudeau, Producers",True
SHORT FILM (Animated),Jimmy the C,"James Picker, Robert Grossman and Craig Whitaker, Producers",True
SHORT FILM (Animated),The Sand Castle,"Co Hoedeman, Producer",True
SHORT FILM (Live Action),The Absent-Minded Waiter,"William E. McEuen, Producer",True
SHORT FILM (Live Action),Floating Free,"Jerry Butts, Producer",True
SHORT FILM (Live Action),I'll Find a Way,"Beverly Shaffer and Yuki Yoshida, Producers",True
SHORT FILM (Live Action),Notes on the Popular Arts,"Saul Bass, Producer",True
SHORT FILM (Live Action),Spaceborne,"Philip Dauber, Producer",True
SOUND MIXING,Close Encounters of the Third Kind,"Robert Knudson, Robert J. Glass, Don MacDougall, Gene S. Cantamessa",True
SOUND MIXING,The Deep,"Walter Goss, Dick Alexander, Tom Beckert, Robin Gregory",True
SOUND MIXING,Sorcerer,"Robert Knudson, Robert J. Glass, Richard Tyler, Jean-Louis Ducarme",True
SOUND MIXING,Star Wars,"Don MacDougall, Ray West, Bob Minkler, Derek Ball",True
SOUND MIXING,The Turning Point,"Theodore Soderberg, Paul Wells, Douglas O. Williams, Jerry Jost",True
VISUAL EFFECTS,Close Encounters of the Third Kind,"Roy Arbogast, Douglas Trumbull, Matthew Yuricich, Gregory Jein, Richard Yuricich",True
VISUAL EFFECTS,Star Wars,"John Stears, John Dykstra, Richard Edlund, Grant McCune, Robert Blalack",True
WRITING (Adapted Screenplay),Equus,Peter Shaffer,True
WRITING (Adapted Screenplay),I Never Promised You a Rose Garden,"Gavin Lambert, Lewis John Carlino",True
WRITING (Adapted Screenplay),Julia,Alvin Sargent,True
WRITING (Adapted Screenplay),"Oh, God!",Larry Gelbart,True
WRITING (Adapted Screenplay),That Obscure Object of Desire,"Luis Buñuel, Jean-Claude Carrière",True
WRITING (Original Screenplay),Annie Hall,"Woody Allen, Marshall Brickman",True
WRITING (Original Screenplay),The Goodbye Girl,Neil Simon,True
WRITING (Original Screenplay),The Late Show,Robert Benton,True
WRITING (Original Screenplay),Star Wars,George Lucas,True
WRITING (Original Screenplay),The Turning Point,Arthur Laurents,True
SPECIAL ACHIEVEMENT AWARD,Star Wars,nan,True
SPECIAL ACHIEVEMENT AWARD (Sound Effects Editing),Close Encounters of the Third Kind,Frank E. Warner,True
ACTOR IN A LEADING ROLE,Heaven Can Wait,Warren Beatty,True
ACTOR IN A LEADING ROLE,The Buddy Holly Story,Gary Busey,True
ACTOR IN A LEADING ROLE,The Deer Hunter,Robert De Niro,True
ACTOR IN A LEADING ROLE,The Boys from Brazil,Laurence Olivier,True
ACTOR IN A LEADING ROLE,Coming Home,Jon Voight,True
ACTOR IN A SUPPORTING ROLE,Coming Home,Bruce Dern,True
ACTOR IN A SUPPORTING ROLE,Comes a Horseman,Richard Farnsworth,True
ACTOR IN A SUPPORTING ROLE,Midnight Express,John Hurt,True
ACTOR IN A SUPPORTING ROLE,The Deer Hunter,Christopher Walken,True
ACTOR IN A SUPPORTING ROLE,Heaven Can Wait,Jack Warden,True
ACTRESS IN A LEADING ROLE,Autumn Sonata,Ingrid Bergman,True
ACTRESS IN A LEADING ROLE,"Same Time, Next Year",Ellen Burstyn,True
ACTRESS IN A LEADING ROLE,An Unmarried Woman,Jill Clayburgh,True
ACTRESS IN A LEADING ROLE,Coming Home,Jane Fonda,True
ACTRESS IN A LEADING ROLE,Interiors,Geraldine Page,True
ACTRESS IN A SUPPORTING ROLE,Heaven Can Wait,Dyan Cannon,True
ACTRESS IN A SUPPORTING ROLE,Coming Home,Penelope Milford,True
ACTRESS IN A SUPPORTING ROLE,California Suite,Maggie Smith,True
ACTRESS IN A SUPPORTING ROLE,Interiors,Maureen Stapleton,True
ACTRESS IN A SUPPORTING ROLE,The Deer Hunter,Meryl Streep,True
ART DIRECTION,The Brink's Job,"Art Direction: Dean Tavoularis, Angelo Graham; Set Decoration: George R. Nelson, Bruce Kay",True
ART DIRECTION,California Suite,Art Direction: Albert Brenner; Set Decoration: Marvin March,True
ART DIRECTION,Heaven Can Wait,"Art Direction: Paul Sylbert, Edwin O'Donovan; Set Decoration: George Gaines",True
ART DIRECTION,Interiors,Art Direction: Mel Bourne; Set Decoration: Daniel Robert,True
ART DIRECTION,The Wiz,"Art Direction: Tony Walton, Philip Rosenberg; Set Decoration: Edward Stewart, Robert Drumheller",True
CINEMATOGRAPHY,Days of Heaven,Nestor Almendros,True
CINEMATOGRAPHY,The Deer Hunter,Vilmos Zsigmond,True
CINEMATOGRAPHY,Heaven Can Wait,William A. Fraker,True
CINEMATOGRAPHY,"Same Time, Next Year",Robert Surtees,True
CINEMATOGRAPHY,The Wiz,Oswald Morris,True
COSTUME DESIGN,Caravans,Renie Conley,True
COSTUME DESIGN,Days of Heaven,Patricia Norris,True
COSTUME DESIGN,Death on the Nile,Anthony Powell,True
COSTUME DESIGN,The Swarm,Paul Zastupnevich,True
COSTUME DESIGN,The Wiz,Tony Walton,True
DIRECTING,Coming Home,Hal Ashby,True
DIRECTING,The Deer Hunter,Michael Cimino,True
DIRECTING,Heaven Can Wait,"Warren Beatty, Buck Henry",True
DIRECTING,Interiors,Woody Allen,True
DIRECTING,Midnight Express,Alan Parker,True
DOCUMENTARY (Feature),The Lovers' Wind,"Albert Lamorisse, Producer",True
DOCUMENTARY (Feature),Mysterious Castles of Clay,"Alan Root, Producer",True
DOCUMENTARY (Feature),Raoni,"Jean-Pierre Dutilleux, Barry Williams and Michel Gast, Producers",True
DOCUMENTARY (Feature),Scared Straight!,"Arnold Shapiro, Producer",True
DOCUMENTARY (Feature),With Babies and Banners: Story of the Women's Emergency Brigade,"Anne Bohlen, Lyn Goldfarb and Lorraine Gray, Producers",True
DOCUMENTARY (Short Subject),The Divided Trail: A Native American Odyssey,"Jerry Aronson, Producer",True
DOCUMENTARY (Short Subject),An Encounter with Faces,"K.K. Kapil, Producer",True
DOCUMENTARY (Short Subject),The Flight of the Gossamer Condor,"Jacqueline Phillips Shedd and Ben Shedd, Producers",True
DOCUMENTARY (Short Subject),Goodnight Miss Ann,"August Cinquegrana, Producer",True
DOCUMENTARY (Short Subject),Squires of San Quentin,"J. Gary Mitchell, Producer",True
FILM EDITING,The Boys from Brazil,Robert E. Swink,True
FILM EDITING,Coming Home,Don Zimmerman,True
FILM EDITING,The Deer Hunter,Peter Zinner,True
FILM EDITING,Midnight Express,Gerry Hambling,True
FILM EDITING,Superman,Stuart Baird,True
INTERNATIONAL FEATURE FILM,Get Out Your Handkerchiefs,France,True
INTERNATIONAL FEATURE FILM,The Glass Cell,German Federal Republic,True
INTERNATIONAL FEATURE FILM,Hungarians,Hungary,True
INTERNATIONAL FEATURE FILM,Viva Italia!,Italy,True
INTERNATIONAL FEATURE FILM,White Bim Black Ear,Union of Soviet Socialist Republics,True
MUSIC (Original Song Score or Adaptation Score),The Buddy Holly Story,Joe Renzetti,True
MUSIC (Original Song Score or Adaptation Score),Pretty Baby,Jerry Wexler,True
MUSIC (Original Song Score or Adaptation Score),The Wiz,Quincy Jones,True
MUSIC (Original Score),The Boys from Brazil,Jerry Goldsmith,True
MUSIC (Original Score),Days of Heaven,Ennio Morricone,True
MUSIC (Original Score),Heaven Can Wait,Dave Grusin,True
MUSIC (Original Score),Midnight Express,Giorgio Moroder,True
MUSIC (Original Score),Superman,John Williams,True
MUSIC (Original Song),Grease,Music and Lyrics by John Farrar,True
MUSIC (Original Song),Thank God It's Friday,Music and Lyrics by Paul Jabara,True
MUSIC (Original Song),"Same Time, Next Year",Music by Marvin Hamlisch; Lyrics by Alan Bergman and Marilyn Bergman,True
MUSIC (Original Song),Foul Play,Music by Charles Fox; Lyrics by Norman Gimbel,True
MUSIC (Original Song),The Magic of Lassie,Music and Lyrics by Richard M. Sherman and Robert B. Sherman,True
BEST PICTURE,Coming Home,"Jerome Hellman, Producer",True
BEST PICTURE,The Deer Hunter,"Barry Spikings, Michael Deeley, Michael Cimino and John Peverall, Producers",True
BEST PICTURE,Heaven Can Wait,"Warren Beatty, Producer",True
BEST PICTURE,Midnight Express,"Alan Marshall and David Puttnam, Producers",True
BEST PICTURE,An Unmarried Woman,"Paul Mazursky and Tony Ray, Producers",True
SHORT FILM (Animated),Oh My Darling,"Nico Crama, Producer",True
SHORT FILM (Animated),Rip Van Winkle,"Will Vinton, Producer",True
SHORT FILM (Animated),Special Delivery,"Eunice Macaulay and John Weldon, Producers",True
SHORT FILM (Live Action),A Different Approach,"Jim Belcher and Fern Field, Producers",True
SHORT FILM (Live Action),Mandy's Grandmother,"Andrew Sugerman, Producer",True
SHORT FILM (Live Action),Strange Fruit,"Seth Pinsker, Producer",True
SHORT FILM (Live Action),Teenage Father,"Taylor Hackford, Producer",True
SOUND MIXING,The Buddy Holly Story,"Tex Rudloff, Joel Fein, Curly Thirlwell, Willie Burton",True
SOUND MIXING,Days of Heaven,"John K. Wilkinson, Robert W. Glass, Jr., John T. Reitz, Barry Thomas",True
SOUND MIXING,The Deer Hunter,"Richard Portman, William McCaughey, Aaron Rochin, Darin Knight",True
SOUND MIXING,Hooper,"Robert Knudson, Robert J. Glass, Don MacDougall, Jack Solomon",True
SOUND MIXING,Superman,"Gordon K. McCallum, Graham Hartstone, Nicolas Le Messurier, Roy Charman",True
WRITING (Adapted Screenplay),Bloodbrothers,Walter Newman,True
WRITING (Adapted Screenplay),California Suite,Neil Simon,True
WRITING (Adapted Screenplay),Heaven Can Wait,"Elaine May, Warren Beatty",True
WRITING (Adapted Screenplay),Midnight Express,Oliver Stone,True
WRITING (Adapted Screenplay),"Same Time, Next Year",Bernard Slade,True
WRITING (Original Screenplay),Autumn Sonata,Ingmar Bergman,True
WRITING (Original Screenplay),Coming Home,"Story by Nancy Dowd; Screenplay by Waldo Salt, Robert C. Jones",True
WRITING (Original Screenplay),The Deer Hunter,"Story by Michael Cimino, Deric Washburn, Louis Garfinkle, Quinn K. Redeker; Screenplay by Deric Washburn",True
WRITING (Original Screenplay),Interiors,Woody Allen,True
WRITING (Original Screenplay),An Unmarried Woman,Paul Mazursky,True
SPECIAL ACHIEVEMENT AWARD (Visual Effects),Superman,"Les Bowie, Colin Chilvers, Denys Coop, Roy Field, Derek Meddings, Zoran Perisic",True
ACTOR IN A LEADING ROLE,Kramer vs. Kramer,Dustin Hoffman,True
ACTOR IN A LEADING ROLE,The China Syndrome,Jack Lemmon,True
ACTOR IN A LEADING ROLE,...And Justice for All,Al Pacino,True
ACTOR IN A LEADING ROLE,All That Jazz,Roy Scheider,True
ACTOR IN A LEADING ROLE,Being There,Peter Sellers,True
ACTOR IN A SUPPORTING ROLE,Being There,Melvyn Douglas,True
ACTOR IN A SUPPORTING ROLE,Apocalypse Now,Robert Duvall,True
ACTOR IN A SUPPORTING ROLE,The Rose,Frederic Forrest,True
ACTOR IN A SUPPORTING ROLE,Kramer vs. Kramer,Justin Henry,True
ACTOR IN A SUPPORTING ROLE,The Black Stallion,Mickey Rooney,True
ACTRESS IN A LEADING ROLE,Starting Over,Jill Clayburgh,True
ACTRESS IN A LEADING ROLE,Norma Rae,Sally Field,True
ACTRESS IN A LEADING ROLE,The China Syndrome,Jane Fonda,True
ACTRESS IN A LEADING ROLE,Chapter Two,Marsha Mason,True
ACTRESS IN A LEADING ROLE,The Rose,Bette Midler,True
ACTRESS IN A SUPPORTING ROLE,Kramer vs. Kramer,Jane Alexander,True
ACTRESS IN A SUPPORTING ROLE,Breaking Away,Barbara Barrie,True
ACTRESS IN A SUPPORTING ROLE,Starting Over,Candice Bergen,True
ACTRESS IN A SUPPORTING ROLE,Manhattan,Mariel Hemingway,True
ACTRESS IN A SUPPORTING ROLE,Kramer vs. Kramer,Meryl Streep,True
ART DIRECTION,Alien,"Art Direction: Michael Seymour, Les Dilley, Roger Christian; Set Decoration: Ian Whittaker",True
ART DIRECTION,All That Jazz,"Art Direction: Philip Rosenberg, Tony Walton; Set Decoration: Edward Stewart, Gary Brink",True
ART DIRECTION,Apocalypse Now,"Art Direction: Dean Tavoularis, Angelo Graham; Set Decoration: George R. Nelson",True
ART DIRECTION,The China Syndrome,Art Direction: George Jenkins; Set Decoration: Arthur Jeph Parker,True
ART DIRECTION,Star Trek - The Motion Picture,"Art Direction: Harold Michelson, Joe Jennings, Leon Harris, John Vallone; Set Decoration: Linda DeScenna",True
CINEMATOGRAPHY,All That Jazz,Giuseppe Rotunno,True
CINEMATOGRAPHY,Apocalypse Now,Vittorio Storaro,True
CINEMATOGRAPHY,The Black Hole,Frank Phillips,True
CINEMATOGRAPHY,Kramer vs. Kramer,Nestor Almendros,True
CINEMATOGRAPHY,1941,William A. Fraker,True
COSTUME DESIGN,Agatha,Shirley Russell,True
COSTUME DESIGN,All That Jazz,Albert Wolsky,True
COSTUME DESIGN,Butch and Sundance: The Early Days,William Ware Theiss,True
COSTUME DESIGN,The Europeans,Judy Moorcroft,True
COSTUME DESIGN,La Cage aux Folles,"Piero Tosi, Ambra Danon",True
DIRECTING,All That Jazz,Bob Fosse,True
DIRECTING,Apocalypse Now,Francis Coppola,True
DIRECTING,Breaking Away,Peter Yates,True
DIRECTING,Kramer vs. Kramer,Robert Benton,True
DIRECTING,La Cage aux Folles,Edouard Molinaro,True
DOCUMENTARY (Feature),Best Boy,"Ira Wohl, Producer",True
DOCUMENTARY (Feature),Generation on the Wind,"David A. Vassar, Producer",True
DOCUMENTARY (Feature),Going the Distance,"Paul Cowan and Jacques Bobet, Producers",True
DOCUMENTARY (Feature),The Killing Ground,"Steve Singer and Tom Priestley, Producers",True
DOCUMENTARY (Feature),The War at Home,"Glenn Silber and Barry Alexander Brown, Producers",True
DOCUMENTARY (Short Subject),Dae,"Risto Teofilovski, Producer",True
DOCUMENTARY (Short Subject),Koryo Celadon,"Donald A. Connolly and James R. Messenger, Producers",True
DOCUMENTARY (Short Subject),Nails,"Phillip Borsos, Producer",True
DOCUMENTARY (Short Subject),Paul Robeson: Tribute to an Artist,"Saul J. Turell, Producer",True
DOCUMENTARY (Short Subject),Remember Me,"Dick Young, Producer",True
FILM EDITING,All That Jazz,Alan Heim,True
FILM EDITING,Apocalypse Now,"Richard Marks, Walter Murch, Gerald B. Greenberg, Lisa Fruchtman",True
FILM EDITING,The Black Stallion,Robert Dalva,True
FILM EDITING,Kramer vs. Kramer,Jerry Greenberg,True
FILM EDITING,The Rose,"Robert L. Wolfe, C. Timothy O'Meara",True
INTERNATIONAL FEATURE FILM,The Maids of Wilko,Poland,True
INTERNATIONAL FEATURE FILM,Mama Turns a Hundred,Spain,True
INTERNATIONAL FEATURE FILM,A Simple Story,France,True
INTERNATIONAL FEATURE FILM,The Tin Drum,Federal Republic of Germany,True
INTERNATIONAL FEATURE FILM,To Forget Venice,Italy,True
MUSIC (Original Score),The Amityville Horror,Lalo Schifrin,True
MUSIC (Original Score),The Champ,Dave Grusin,True
MUSIC (Original Score),A Little Romance,Georges Delerue,True
MUSIC (Original Score),Star Trek - The Motion Picture,Jerry Goldsmith,True
MUSIC (Original Score),10,Henry Mancini,True
MUSIC (Original Song Score or Adaptation Score),All That Jazz,Adaptation Score by Ralph Burns,True
MUSIC (Original Song Score or Adaptation Score),Breaking Away,Adaptation Score by Patrick Williams,True
MUSIC (Original Song Score or Adaptation Score),The Muppet Movie,Song Score by Paul Williams and Kenny Ascher; Adaptation Score by Paul Williams,True
MUSIC (Original Song),The Promise,Music by David Shire; Lyric by Alan Bergman and Marilyn Bergman,True
MUSIC (Original Song),Norma Rae,Music by David Shire; Lyric by Norman Gimbel,True
MUSIC (Original Song),10,Music by Henry Mancini; Lyric by Robert Wells,True
MUSIC (Original Song),The Muppet Movie,Music and Lyric by Paul Williams and Kenny Ascher,True
MUSIC (Original Song),Ice Castles,Music by Marvin Hamlisch; Lyric by Carole Bayer Sager,True
BEST PICTURE,All That Jazz,"Robert Alan Aurthur, Producer",True
BEST PICTURE,Apocalypse Now,"Francis Coppola, Producer; Fred Roos, Gray Frederickson and Tom Sternberg, Co-Producers",True
BEST PICTURE,Breaking Away,"Peter Yates, Producer",True
BEST PICTURE,Kramer vs. Kramer,"Stanley R. Jaffe, Producer",True
BEST PICTURE,Norma Rae,"Tamara Asseyev and Alex Rose, Producers",True
SHORT FILM (Animated),Dream Doll,"Bob Godfrey and Zlatko Grgic, Producers",True
SHORT FILM (Animated),Every Child,"Derek Lamb, Producer",True
SHORT FILM (Animated),It's So Nice to Have a Wolf around the House,"Paul Fierlinger, Producer",True
SHORT FILM (Live Action),Board and Care,"Sarah Pillsbury and Ron Ellis, Producers",True
SHORT FILM (Live Action),Bravery in the Field,"Roman Kroitor and Stefan Wodoslawsky, Producers",True
SHORT FILM (Live Action),"Oh Brother, My Brother","Carol Lowell and Ross Lowell, Producers",True
SHORT FILM (Live Action),The Solar Film,"Saul Bass and Michael Britton, Producers",True
SHORT FILM (Live Action),Solly's Diner,"Harry Mathias, Jay Zukerman and Larry Hankin, Producers",True
SOUND MIXING,Apocalypse Now,"Walter Murch, Mark Berger, Richard Beggs, Nat Boxer",True
SOUND MIXING,The Electric Horseman,"Arthur Piantadosi, Les Fresholtz, Michael Minkler, Al Overton",True
SOUND MIXING,Meteor,"William McCaughey, Aaron Rochin, Michael J. Kohut, Jack Solomon",True
SOUND MIXING,1941,"Robert Knudson, Robert J. Glass, Don MacDougall, Gene S. Cantamessa",True
SOUND MIXING,The Rose,"Theodore Soderberg, Douglas Williams, Paul Wells, Jim Webb",True
VISUAL EFFECTS,Alien,"H.R. Giger, Carlo Rambaldi, Brian Johnson, Nick Allder, Denys Ayling",True
VISUAL EFFECTS,The Black Hole,"Peter Ellenshaw, Art Cruickshank, Eustace Lycett, Danny Lee, Harrison Ellenshaw, Joe Hale",True
VISUAL EFFECTS,Moonraker,"Derek Meddings, Paul Wilson, John Evans",True
VISUAL EFFECTS,1941,"William A. Fraker, A. D. Flowers, Gregory Jein",True
VISUAL EFFECTS,Star Trek - The Motion Picture,"Douglas Trumbull, John Dykstra, Richard Yuricich, Robert Swarthe, Dave Stewart, Grant McCune",True
WRITING (Adapted Screenplay),Apocalypse Now,"John Milius, Francis Coppola",True
WRITING (Adapted Screenplay),Kramer vs. Kramer,Robert Benton,True
WRITING (Adapted Screenplay),La Cage aux Folles,"Francis Veber, Edouard Molinaro, Marcello Danon, Jean Poiret",True
WRITING (Adapted Screenplay),A Little Romance,Allan Burns,True
WRITING (Adapted Screenplay),Norma Rae,"Irving Ravetch, Harriet Frank, Jr.",True
WRITING (Original Screenplay),All That Jazz,"Robert Alan Aurthur, Bob Fosse",True
WRITING (Original Screenplay),...And Justice for All,"Valerie Curtin, Barry Levinson",True
WRITING (Original Screenplay),Breaking Away,Steve Tesich,True
WRITING (Original Screenplay),The China Syndrome,"Mike Gray, T.S. Cook, James Bridges",True
WRITING (Original Screenplay),Manhattan,"Woody Allen, Marshall Brickman",True
SPECIAL ACHIEVEMENT AWARD (Sound Editing),The Black Stallion,Alan Splet,True
ACTOR IN A LEADING ROLE,Raging Bull,Robert De Niro,True
ACTOR IN A LEADING ROLE,The Great Santini,Robert Duvall,True
ACTOR IN A LEADING ROLE,The Elephant Man,John Hurt,True
ACTOR IN A LEADING ROLE,Tribute,Jack Lemmon,True
ACTOR IN A LEADING ROLE,The Stunt Man,Peter O'Toole,True
ACTOR IN A SUPPORTING ROLE,Ordinary People,Judd Hirsch,True
ACTOR IN A SUPPORTING ROLE,Ordinary People,Timothy Hutton,True
ACTOR IN A SUPPORTING ROLE,The Great Santini,Michael O'Keefe,True
ACTOR IN A SUPPORTING ROLE,Raging Bull,Joe Pesci,True
ACTOR IN A SUPPORTING ROLE,Melvin and Howard,Jason Robards,True
ACTRESS IN A LEADING ROLE,Resurrection,Ellen Burstyn,True
ACTRESS IN A LEADING ROLE,Private Benjamin,Goldie Hawn,True
ACTRESS IN A LEADING ROLE,Ordinary People,Mary Tyler Moore,True
ACTRESS IN A LEADING ROLE,Gloria,Gena Rowlands,True
ACTRESS IN A LEADING ROLE,Coal Miner's Daughter,Sissy Spacek,True
ACTRESS IN A SUPPORTING ROLE,Private Benjamin,Eileen Brennan,True
ACTRESS IN A SUPPORTING ROLE,Resurrection,Eva Le Gallienne,True
ACTRESS IN A SUPPORTING ROLE,Raging Bull,Cathy Moriarty,True
ACTRESS IN A SUPPORTING ROLE,Inside Moves,Diana Scarwid,True
ACTRESS IN A SUPPORTING ROLE,Melvin and Howard,Mary Steenburgen,True
ART DIRECTION,Coal Miner's Daughter,Art Direction: John W. Corso; Set Decoration: John M. Dwyer,True
ART DIRECTION,The Elephant Man,"Art Direction: Stuart Craig, Bob Cartwright; Set Decoration: Hugh Scaife",True
ART DIRECTION,The Empire Strikes Back,"Art Direction: Norman Reynolds, Leslie Dilley, Harry Lange, Alan Tomkins; Set Decoration: Michael Ford",True
ART DIRECTION,Kagemusha (The Shadow Warrior),Yoshiro Muraki,True
ART DIRECTION,Tess,"Art Direction: Pierre Guffroy, Jack Stephens",True
CINEMATOGRAPHY,The Blue Lagoon,Nestor Almendros,True
CINEMATOGRAPHY,Coal Miner's Daughter,Ralf D. Bode,True
CINEMATOGRAPHY,The Formula,James Crabe,True
CINEMATOGRAPHY,Raging Bull,Michael Chapman,True
CINEMATOGRAPHY,Tess,"Geoffrey Unsworth, Ghislain Cloquet",True
COSTUME DESIGN,The Elephant Man,Patricia Norris,True
COSTUME DESIGN,My Brilliant Career,Anna Senior,True
COSTUME DESIGN,Somewhere in Time,Jean-Pierre Dorleac,True
COSTUME DESIGN,Tess,Anthony Powell,True
COSTUME DESIGN,When Time Ran Out,Paul Zastupnevich,True
DIRECTING,The Elephant Man,David Lynch,True
DIRECTING,Ordinary People,Robert Redford,True
DIRECTING,Raging Bull,Martin Scorsese,True
DIRECTING,The Stunt Man,Richard Rush,True
DIRECTING,Tess,Roman Polanski,True
DOCUMENTARY (Feature),Agee,"Ross Spears, Producer",True
DOCUMENTARY (Feature),The Day after Trinity,"Jon Else, Producer",True
DOCUMENTARY (Feature),From Mao to Mozart: Isaac Stern in China,"Murray Lerner, Producer",True
DOCUMENTARY (Feature),Front Line,"David Bradbury, Producer",True
DOCUMENTARY (Feature),The Yellow Star - The Persecution of the Jews in Europe 1933-45,"Bengt von zur Muehlen and Arthur Cohn, Producers",True
DOCUMENTARY (Short Subject),Don't Mess with Bill,"John Watson and Pen Densham, Producers",True
DOCUMENTARY (Short Subject),The Eruption of Mount St. Helens,"George Casey, Producer",True
DOCUMENTARY (Short Subject),It's the Same World,"Dick Young, Producer",True
DOCUMENTARY (Short Subject),Karl Hess: Toward Liberty,"Roland Hallé and Peter W. Ladue, Producers",True
DOCUMENTARY (Short Subject),Luther Metke at 94,"Richard Hawkins and Jorge Preloran, Producers",True
FILM EDITING,Coal Miner's Daughter,Arthur Schmidt,True
FILM EDITING,The Competition,David Blewitt,True
FILM EDITING,The Elephant Man,Anne V. Coates,True
FILM EDITING,Fame,Gerry Hambling,True
FILM EDITING,Raging Bull,Thelma Schoonmaker,True
INTERNATIONAL FEATURE FILM,Confidence,Hungary,True
INTERNATIONAL FEATURE FILM,Kagemusha (The Shadow Warrior),Japan,True
INTERNATIONAL FEATURE FILM,The Last Metro,France,True
INTERNATIONAL FEATURE FILM,Moscow Does Not Believe in Tears,Union of Soviet Socialist Republics,True
INTERNATIONAL FEATURE FILM,The Nest,Spain,True
MUSIC (Original Score),Altered States,John Corigliano,True
MUSIC (Original Score),The Elephant Man,John Morris,True
MUSIC (Original Score),The Empire Strikes Back,John Williams,True
MUSIC (Original Score),Fame,Michael Gore,True
MUSIC (Original Score),Tess,Philippe Sarde,True
MUSIC (Original Song),Fame,Music by Michael Gore; Lyric by Dean Pitchford,True
MUSIC (Original Song),Nine to Five,Music and Lyric by Dolly Parton,True
MUSIC (Original Song),Honeysuckle Rose,Music and Lyric by Willie Nelson,True
MUSIC (Original Song),Fame,Music by Michael Gore; Lyric by Lesley Gore,True
MUSIC (Original Song),The Competition,Music by Lalo Schifrin; Lyric by Wilbur Jennings,True
BEST PICTURE,Coal Miner's Daughter,"Bernard Schwartz, Producer",True
BEST PICTURE,The Elephant Man,"Jonathan Sanger, Producer",True
BEST PICTURE,Ordinary People,"Ronald L. Schwary, Producer",True
BEST PICTURE,Raging Bull,"Irwin Winkler and Robert Chartoff, Producers",True
BEST PICTURE,Tess,"Claude Berri, Producer; Timothy Burrill, Co-Producer",True
SHORT FILM (Animated),All Nothing,"Frédéric Back, Producer",True
SHORT FILM (Animated),The Fly,"Ferenc Rofusz, Producer",True
SHORT FILM (Animated),History of the World in Three Minutes Flat,"Michael Mills, Producer",True
SHORT FILM (Live Action),The Dollar Bottom,"Lloyd Phillips, Producer",True
SHORT FILM (Live Action),Fall Line,"Bob Carmichael and Greg Lowe, Producers",True
SHORT FILM (Live Action),A Jury of Her Peers,"Sally Heckel, Producer",True
SOUND MIXING,Altered States,"Arthur Piantadosi, Les Fresholtz, Michael Minkler, Willie D. Burton",True
SOUND MIXING,Coal Miner's Daughter,"Richard Portman, Roger Heman, Jim Alexander",True
SOUND MIXING,The Empire Strikes Back,"Bill Varney, Steve Maslow, Gregg Landaker, Peter Sutton",True
SOUND MIXING,Fame,"Michael J. Kohut, Aaron Rochin, Jay M. Harding, Chris Newman",True
SOUND MIXING,Raging Bull,"Donald O. Mitchell, Bill Nicholson, David J. Kimball, Les Lazarowitz",True
WRITING (Adapted Screenplay),Breaker Morant,"Jonathan Hardy, David Stevens, Bruce Beresford",True
WRITING (Adapted Screenplay),Coal Miner's Daughter,Tom Rickman,True
WRITING (Adapted Screenplay),The Elephant Man,"Christopher DeVore, Eric Bergren, David Lynch",True
WRITING (Adapted Screenplay),Ordinary People,Alvin Sargent,True
WRITING (Adapted Screenplay),The Stunt Man,Screenplay by Lawrence B. Marcus; Adaptation by Richard Rush,True
WRITING (Original Screenplay),Brubaker,"Screenplay by W. D. Richter; Story by W. D. Richter, Arthur Ross",True
WRITING (Original Screenplay),Fame,Christopher Gore,True
WRITING (Original Screenplay),Melvin and Howard,Bo Goldman,True
WRITING (Original Screenplay),Mon Oncle D'Amerique,Jean Gruault,True
WRITING (Original Screenplay),Private Benjamin,"Nancy Meyers, Charles Shyer, Harvey Miller",True
SPECIAL ACHIEVEMENT AWARD (Visual Effects),The Empire Strikes Back,"Brian Johnson, Richard Edlund, Dennis Muren, Bruce Nicholson",True
ACTOR IN A LEADING ROLE,Reds,Warren Beatty,True
ACTOR IN A LEADING ROLE,On Golden Pond,Henry Fonda,True
ACTOR IN A LEADING ROLE,Atlantic City,Burt Lancaster,True
ACTOR IN A LEADING ROLE,Arthur,Dudley Moore,True
ACTOR IN A LEADING ROLE,Absence of Malice,Paul Newman,True
ACTOR IN A SUPPORTING ROLE,Only When I Laugh,James Coco,True
ACTOR IN A SUPPORTING ROLE,Arthur,John Gielgud,True
ACTOR IN A SUPPORTING ROLE,Chariots of Fire,Ian Holm,True
ACTOR IN A SUPPORTING ROLE,Reds,Jack Nicholson,True
ACTOR IN A SUPPORTING ROLE,Ragtime,"Howard E. Rollins, Jr.",True
ACTRESS IN A LEADING ROLE,On Golden Pond,Katharine Hepburn,True
ACTRESS IN A LEADING ROLE,Reds,Diane Keaton,True
ACTRESS IN A LEADING ROLE,Only When I Laugh,Marsha Mason,True
ACTRESS IN A LEADING ROLE,Atlantic City,Susan Sarandon,True
ACTRESS IN A LEADING ROLE,The French Lieutenant's Woman,Meryl Streep,True
ACTRESS IN A SUPPORTING ROLE,Absence of Malice,Melinda Dillon,True
ACTRESS IN A SUPPORTING ROLE,On Golden Pond,Jane Fonda,True
ACTRESS IN A SUPPORTING ROLE,Only When I Laugh,Joan Hackett,True
ACTRESS IN A SUPPORTING ROLE,Ragtime,Elizabeth McGovern,True
ACTRESS IN A SUPPORTING ROLE,Reds,Maureen Stapleton,True
ART DIRECTION,The French Lieutenant's Woman,Art Direction: Assheton Gorton; Set Decoration: Ann Mollo,True
ART DIRECTION,Heaven's Gate,Art Direction: Tambi Larsen; Set Decoration: Jim Berkey,True
ART DIRECTION,Ragtime,"Art Direction: John Graysmark, Patrizia Von Brandenstein, Anthony Reading; Set Decoration: George de Titta, Sr., George de Titta, Jr., Peter Howitt",True
ART DIRECTION,Raiders of the Lost Ark,"Art Direction: Norman Reynolds, Leslie Dilley; Set Decoration: Michael Ford",True
ART DIRECTION,Reds,Art Direction: Richard Sylbert; Set Decoration: Michael Seirton,True
CINEMATOGRAPHY,Excalibur,Alex Thomson,True
CINEMATOGRAPHY,On Golden Pond,Billy Williams,True
CINEMATOGRAPHY,Ragtime,Miroslav Ondricek,True
CINEMATOGRAPHY,Raiders of the Lost Ark,Douglas Slocombe,True
CINEMATOGRAPHY,Reds,Vittorio Storaro,True
COSTUME DESIGN,Chariots of Fire,Milena Canonero,True
COSTUME DESIGN,The French Lieutenant's Woman,Tom Rand,True
COSTUME DESIGN,Pennies from Heaven,Bob Mackie,True
COSTUME DESIGN,Ragtime,Anna Hill Johnstone,True
COSTUME DESIGN,Reds,Shirley Russell,True
DIRECTING,Atlantic City,Louis Malle,True
DIRECTING,Chariots of Fire,Hugh Hudson,True
DIRECTING,On Golden Pond,Mark Rydell,True
DIRECTING,Raiders of the Lost Ark,Steven Spielberg,True
DIRECTING,Reds,Warren Beatty,True
DOCUMENTARY (Feature),Against Wind and Tide: A Cuban Odyssey,"Suzanne Bauman, Paul Neshamkin and Jim Burroughs, Producers",True
DOCUMENTARY (Feature),Brooklyn Bridge,"Ken Burns, Producer",True
DOCUMENTARY (Feature),Eight Minutes to Midnight: A Portrait of Dr. Helen Caldicott,"Mary Benjamin, Susanne Simpson and Boyd Estus, Producers",True
DOCUMENTARY (Feature),El Salvador: Another Vietnam,"Glenn Silber and Tete Vasconcellos, Producers",True
DOCUMENTARY (Feature),Genocide,"Arnold Schwartzman and Rabbi Marvin Hier, Producers",True
DOCUMENTARY (Short Subject),Americas in Transition,"Obie Benz, Producer",True
DOCUMENTARY (Short Subject),Close Harmony,"Nigel Noble, Producer",True
DOCUMENTARY (Short Subject),Journey for Survival,"Dick Young, Producer",True
DOCUMENTARY (Short Subject),See What I Say,"Linda Chapman, Pam LeBlanc and Freddi Stevens, Producers",True
DOCUMENTARY (Short Subject),Urge to Build,"Roland Hallé and John Hoover, Producers",True
FILM EDITING,Chariots of Fire,Terry Rawlings,True
FILM EDITING,The French Lieutenant's Woman,John Bloom,True
FILM EDITING,On Golden Pond,Robert L. Wolfe,True
FILM EDITING,Raiders of the Lost Ark,Michael Kahn,True
FILM EDITING,Reds,"Dede Allen, Craig McKay",True
INTERNATIONAL FEATURE FILM,The Boat Is Full,Switzerland,True
INTERNATIONAL FEATURE FILM,Man of Iron,Poland,True
INTERNATIONAL FEATURE FILM,Mephisto,Hungary,True
INTERNATIONAL FEATURE FILM,Muddy River,Japan,True
INTERNATIONAL FEATURE FILM,Three Brothers,Italy,True
MAKEUP AND HAIRSTYLING,An American Werewolf in London,Rick Baker,True
MAKEUP AND HAIRSTYLING,Heartbeeps,Stan Winston,True
MUSIC (Original Score),Chariots of Fire,Vangelis,True
MUSIC (Original Score),Dragonslayer,Alex North,True
MUSIC (Original Score),On Golden Pond,Dave Grusin,True
MUSIC (Original Score),Ragtime,Randy Newman,True
MUSIC (Original Score),Raiders of the Lost Ark,John Williams,True
MUSIC (Original Song),Arthur,"Music and Lyric by Burt Bacharach, Carole Bayer Sager, Christopher Cross and Peter Allen",True
MUSIC (Original Song),Endless Love,Music and Lyric by Lionel Richie,True
MUSIC (Original Song),The Great Muppet Caper,Music and Lyric by Joe Raposo,True
MUSIC (Original Song),For Your Eyes Only,Music by Bill Conti; Lyric by Mick Leeson,True
MUSIC (Original Song),Ragtime,Music and Lyric by Randy Newman,True
BEST PICTURE,Atlantic City,"Denis Heroux and John Kemeny, Producers",True
BEST PICTURE,Chariots of Fire,"David Puttnam, Producer",True
BEST PICTURE,On Golden Pond,"Bruce Gilbert, Producer",True
BEST PICTURE,Raiders of the Lost Ark,"Frank Marshall, Producer",True
BEST PICTURE,Reds,"Warren Beatty, Producer",True
SHORT FILM (Animated),Crac,"Frédéric Back, Producer",True
SHORT FILM (Animated),The Creation,"Will Vinton, Producer",True
SHORT FILM (Animated),The Tender Tale of Cinderella Penguin,"Janet Perlman, Producer",True
SHORT FILM (Live Action),Couples and Robbers,"Christine Oestreicher, Producer",True
SHORT FILM (Live Action),First Winter,"John N. Smith, Producer",True
SHORT FILM (Live Action),Violet,"Paul Kemp and Shelley Levinson, Producers",True
SOUND MIXING,On Golden Pond,"Richard Portman, David Ronne",True
SOUND MIXING,Outland,"John K. Wilkinson, Robert W. Glass, Jr., Robert M. Thirlwell, Robin Gregory",True
SOUND MIXING,Pennies from Heaven,"Michael J. Kohut, Jay M. Harding, Richard Tyler, Al Overton",True
SOUND MIXING,Raiders of the Lost Ark,"Bill Varney, Steve Maslow, Gregg Landaker, Roy Charman",True
SOUND MIXING,Reds,"Dick Vorisek, Tom Fleischman, Simon Kaye",True
VISUAL EFFECTS,Dragonslayer,"Dennis Muren, Phil Tippett, Ken Ralston, Brian Johnson",True
VISUAL EFFECTS,Raiders of the Lost Ark,"Richard Edlund, Kit West, Bruce Nicholson, Joe Johnston",True
WRITING (Adapted Screenplay),The French Lieutenant's Woman,Harold Pinter,True
WRITING (Adapted Screenplay),On Golden Pond,Ernest Thompson,True
WRITING (Adapted Screenplay),Pennies from Heaven,Dennis Potter,True
WRITING (Adapted Screenplay),Prince of the City,"Jay Presson Allen, Sidney Lumet",True
WRITING (Adapted Screenplay),Ragtime,Michael Weller,True
WRITING (Original Screenplay),Absence of Malice,Kurt Luedtke,True
WRITING (Original Screenplay),Arthur,Steve Gordon,True
WRITING (Original Screenplay),Atlantic City,John Guare,True
WRITING (Original Screenplay),Chariots of Fire,Colin Welland,True
WRITING (Original Screenplay),Reds,"Warren Beatty, Trevor Griffiths",True
SPECIAL ACHIEVEMENT AWARD (Sound Effects Editing),Raiders of the Lost Ark,"Ben Burtt, Richard L. Anderson",True
ACTOR IN A LEADING ROLE,Tootsie,Dustin Hoffman,True
ACTOR IN A LEADING ROLE,Gandhi,Ben Kingsley,True
ACTOR IN A LEADING ROLE,Missing,Jack Lemmon,True
ACTOR IN A LEADING ROLE,The Verdict,Paul Newman,True
ACTOR IN A LEADING ROLE,My Favorite Year,Peter O'Toole,True
ACTOR IN A SUPPORTING ROLE,The Best Little Whorehouse in Texas,Charles Durning,True
ACTOR IN A SUPPORTING ROLE,An Officer and a Gentleman,"Louis Gossett, Jr.",True
ACTOR IN A SUPPORTING ROLE,The World According to Garp,John Lithgow,True
ACTOR IN A SUPPORTING ROLE,The Verdict,James Mason,True
ACTOR IN A SUPPORTING ROLE,Victor/Victoria,Robert Preston,True
ACTRESS IN A LEADING ROLE,Victor/Victoria,Julie Andrews,True
ACTRESS IN A LEADING ROLE,Frances,Jessica Lange,True
ACTRESS IN A LEADING ROLE,Missing,Sissy Spacek,True
ACTRESS IN A LEADING ROLE,Sophie's Choice,Meryl Streep,True
ACTRESS IN A LEADING ROLE,An Officer and a Gentleman,Debra Winger,True
ACTRESS IN A SUPPORTING ROLE,The World According to Garp,Glenn Close,True
ACTRESS IN A SUPPORTING ROLE,Tootsie,Teri Garr,True
ACTRESS IN A SUPPORTING ROLE,Tootsie,Jessica Lange,True
ACTRESS IN A SUPPORTING ROLE,Frances,Kim Stanley,True
ACTRESS IN A SUPPORTING ROLE,Victor/Victoria,Lesley Ann Warren,True
ART DIRECTION,Annie,Art Direction: Dale Hennesy; Set Decoration: Marvin March,True
ART DIRECTION,Blade Runner,"Art Direction: Lawrence G. Paull, David L. Snyder; Set Decoration: Linda DeScenna",True
ART DIRECTION,Gandhi,"Art Direction: Stuart Craig, Bob Laing; Set Decoration: Michael Seirton",True
ART DIRECTION,La Traviata,Art Direction: Franco Zeffirelli; Set Decoration: Gianni Quaranta,True
ART DIRECTION,Victor/Victoria,"Art Direction: Rodger Maus, Tim Hutchinson, William Craig Smith; Set Decoration: Harry Cordwell",True
CINEMATOGRAPHY,Das Boot,Jost Vacano,True
CINEMATOGRAPHY,E.T. The Extra-Terrestrial,Allen Daviau,True
CINEMATOGRAPHY,Gandhi,"Billy Williams, Ronnie Taylor",True
CINEMATOGRAPHY,Sophie's Choice,Nestor Almendros,True
CINEMATOGRAPHY,Tootsie,Owen Roizman,True
COSTUME DESIGN,Gandhi,"John Mollo, Bhanu Athaiya",True
COSTUME DESIGN,La Traviata,Piero Tosi,True
COSTUME DESIGN,Sophie's Choice,Albert Wolsky,True
COSTUME DESIGN,Tron,"Elois Jenssen, Rosanna Norton",True
COSTUME DESIGN,Victor/Victoria,Patricia Norris,True
DIRECTING,Das Boot,Wolfgang Petersen,True
DIRECTING,E.T. The Extra-Terrestrial,Steven Spielberg,True
DIRECTING,Gandhi,Richard Attenborough,True
DIRECTING,Tootsie,Sydney Pollack,True
DIRECTING,The Verdict,Sidney Lumet,True
DOCUMENTARY (Feature),After the Axe,"Sturla Gunnarsson and Steve Lucas, Producers",True
DOCUMENTARY (Feature),Ben's Mill,"John Karol and Michel Chalufour, Producers",True
DOCUMENTARY (Feature),In Our Water,"Meg Switzgable, Producer",True
DOCUMENTARY (Feature),Just Another Missing Kid,"John Zaritsky, Producer",True
DOCUMENTARY (Feature),A Portrait of Giselle,"Joseph Wishy, Producer",True
DOCUMENTARY (Short Subject),Gods of Metal,"Robert Richter, Producer",True
DOCUMENTARY (Short Subject),If You Love This Planet,"Edward Le Lorrain and Terri Nash, Producers",True
DOCUMENTARY (Short Subject),The Klan: A Legacy of Hate in America,"Charles Guggenheim and Werner Schumann, Producers",True
DOCUMENTARY (Short Subject),To Live or Let Die,"Freida Lee Mock, Producer",True
DOCUMENTARY (Short Subject),Traveling Hopefully,"John G. Avildsen, Producer",True
FILM EDITING,Das Boot,Hannes Nikel,True
FILM EDITING,E.T. The Extra-Terrestrial,Carol Littleton,True
FILM EDITING,Gandhi,John Bloom,True
FILM EDITING,An Officer and a Gentleman,Peter Zinner,True
FILM EDITING,Tootsie,"Fredric Steinkamp, William Steinkamp",True
INTERNATIONAL FEATURE FILM,Alsino and the Condor,Nicaragua,True
INTERNATIONAL FEATURE FILM,Coup de Torchon ('Clean Slate'),France,True
INTERNATIONAL FEATURE FILM,The Flight of the Eagle,Sweden,True
INTERNATIONAL FEATURE FILM,Private Life,Union of Soviet Socialist Republics,True
INTERNATIONAL FEATURE FILM,Volver a Empezar ('To Begin Again'),Spain,True
MAKEUP AND HAIRSTYLING,Gandhi,Tom Smith,True
MAKEUP AND HAIRSTYLING,Quest for Fire,"Sarah Monzani, Michèle Burke",True
MUSIC (Original Score),E.T. The Extra-Terrestrial,John Williams,True
MUSIC (Original Score),Gandhi,"Ravi Shankar, George Fenton",True
MUSIC (Original Score),An Officer and a Gentleman,Jack Nitzsche,True
MUSIC (Original Score),Poltergeist,Jerry Goldsmith,True
MUSIC (Original Score),Sophie's Choice,Marvin Hamlisch,True
MUSIC (Original Song Score or Adaptation Score),Annie,Adaptation Score by Ralph Burns,True
MUSIC (Original Song Score or Adaptation Score),One from the Heart,Song Score by Tom Waits,True
MUSIC (Original Song Score or Adaptation Score),Victor/Victoria,Song Score by Henry Mancini and Leslie Bricusse; Adaptation Score by Henry Mancini,True
MUSIC (Original Song),Rocky III,Music and Lyric by Jim Peterik and Frankie Sullivan III,True
MUSIC (Original Song),Best Friends,Music by Michel Legrand; Lyric by Alan Bergman and Marilyn Bergman,True
MUSIC (Original Song),"Yes, Giorgio",Music by John Williams; Lyric by Alan Bergman and Marilyn Bergman,True
MUSIC (Original Song),Tootsie,Music by Dave Grusin; Lyric by Alan Bergman and Marilyn Bergman,True
MUSIC (Original Song),An Officer and a Gentleman,Music by Jack Nitzsche and Buffy Sainte-Marie; Lyric by Will Jennings,True
BEST PICTURE,E.T. The Extra-Terrestrial,"Steven Spielberg and Kathleen Kennedy, Producers",True
BEST PICTURE,Gandhi,"Richard Attenborough, Producer",True
BEST PICTURE,Missing,"Edward Lewis and Mildred Lewis, Producers",True
BEST PICTURE,Tootsie,"Sydney Pollack and Dick Richards, Producers",True
BEST PICTURE,The Verdict,"Richard D. Zanuck and David Brown, Producers",True
SHORT FILM (Animated),The Great Cognito,"Will Vinton, Producer",True
SHORT FILM (Animated),The Snowman,"John Coates, Producer",True
SHORT FILM (Animated),Tango,"Zbigniew Rybczynski, Producer",True
SHORT FILM (Live Action),Ballet Robotique,"Bob Rogers, Producer",True
SHORT FILM (Live Action),A Shocking Accident,"Christine Oestreicher, Producer",True
SHORT FILM (Live Action),The Silence,"Michael Toshiyuki Uno and Joseph Benson, Producers",True
SHORT FILM (Live Action),Split Cherry Tree,"Jan Saunders, Producer",True
SHORT FILM (Live Action),Sredni Vashtar,"Andrew Birkin, Producer",True
SOUND MIXING,Das Boot,"Milan Bor, Trevor Pyke, Mike Le-Mare",True
SOUND MIXING,E.T. The Extra-Terrestrial,"Robert Knudson, Robert Glass, Don Digirolamo, Gene Cantamessa",True
SOUND MIXING,Gandhi,"Gerry Humphreys, Robin O'Donoghue, Jonathan Bates, Simon Kaye",True
SOUND MIXING,Tootsie,"Arthur Piantadosi, Les Fresholtz, Dick Alexander, Les Lazarowitz",True
SOUND MIXING,Tron,"Michael Minkler, Bob Minkler, Lee Minkler, Jim La Rue",True
SOUND EDITING,Das Boot,Mike Le-Mare,True
SOUND EDITING,E.T. The Extra-Terrestrial,"Charles L. Campbell, Ben Burtt",True
SOUND EDITING,Poltergeist,"Stephen Hunter Flick, Richard L. Anderson",True
VISUAL EFFECTS,Blade Runner,"Douglas Trumbull, Richard Yuricich, David Dryer",True
VISUAL EFFECTS,E.T. The Extra-Terrestrial,"Carlo Rambaldi, Dennis Muren, Kenneth F. Smith",True
VISUAL EFFECTS,Poltergeist,"Richard Edlund, Michael Wood, Bruce Nicholson",True
WRITING (Adapted Screenplay),Das Boot,Wolfgang Petersen,True
WRITING (Adapted Screenplay),Missing,"Costa-Gavras, Donald Stewart",True
WRITING (Adapted Screenplay),Sophie's Choice,Alan J. Pakula,True
WRITING (Adapted Screenplay),The Verdict,David Mamet,True
WRITING (Adapted Screenplay),Victor/Victoria,Blake Edwards,True
WRITING (Original Screenplay),Diner,Barry Levinson,True
WRITING (Original Screenplay),E.T. The Extra-Terrestrial,Melissa Mathison,True
WRITING (Original Screenplay),Gandhi,John Briley,True
WRITING (Original Screenplay),An Officer and a Gentleman,Douglas Day Stewart,True
WRITING (Original Screenplay),Tootsie,"Screenplay by Larry Gelbart, Murray Schisgal; Story by Don McGuire, Larry Gelbart",True
ACTOR IN A LEADING ROLE,Educating Rita,Michael Caine,True
ACTOR IN A LEADING ROLE,"Reuben, Reuben",Tom Conti,True
ACTOR IN A LEADING ROLE,The Dresser,Tom Courtenay,True
ACTOR IN A LEADING ROLE,Tender Mercies,Robert Duvall,True
ACTOR IN A LEADING ROLE,The Dresser,Albert Finney,True
ACTOR IN A SUPPORTING ROLE,To Be or Not to Be,Charles Durning,True
ACTOR IN A SUPPORTING ROLE,Terms of Endearment,John Lithgow,True
ACTOR IN A SUPPORTING ROLE,Terms of Endearment,Jack Nicholson,True
ACTOR IN A SUPPORTING ROLE,The Right Stuff,Sam Shepard,True
ACTOR IN A SUPPORTING ROLE,Cross Creek,Rip Torn,True
ACTRESS IN A LEADING ROLE,Testament,Jane Alexander,True
ACTRESS IN A LEADING ROLE,Terms of Endearment,Shirley MacLaine,True
ACTRESS IN A LEADING ROLE,Silkwood,Meryl Streep,True
ACTRESS IN A LEADING ROLE,Educating Rita,Julie Walters,True
ACTRESS IN A LEADING ROLE,Terms of Endearment,Debra Winger,True
ACTRESS IN A SUPPORTING ROLE,Silkwood,Cher,True
ACTRESS IN A SUPPORTING ROLE,The Big Chill,Glenn Close,True
ACTRESS IN A SUPPORTING ROLE,The Year of Living Dangerously,Linda Hunt,True
ACTRESS IN A SUPPORTING ROLE,Yentl,Amy Irving,True
ACTRESS IN A SUPPORTING ROLE,Cross Creek,Alfre Woodard,True
ART DIRECTION,Fanny & Alexander,Anna Asp,True
ART DIRECTION,Return of the Jedi,"Art Direction: Norman Reynolds, Fred Hole, James Schoppe; Set Decoration: Michael Ford",True
ART DIRECTION,The Right Stuff,"Art Direction: Geoffrey Kirkland, Richard J. Lawrence, W. Stewart Campbell, Peter Romero; Set Decoration: Pat Pending, George R. Nelson",True
ART DIRECTION,Terms of Endearment,"Art Direction: Polly Platt, Harold Michelson; Set Decoration: Tom Pedigo, Anthony Mondello",True
ART DIRECTION,Yentl,"Art Direction: Roy Walker, Leslie Tomkins; Set Decoration: Tessa Davies",True
CINEMATOGRAPHY,Fanny & Alexander,Sven Nykvist,True
CINEMATOGRAPHY,Flashdance,Don Peterman,True
CINEMATOGRAPHY,The Right Stuff,Caleb Deschanel,True
CINEMATOGRAPHY,WarGames,William A. Fraker,True
CINEMATOGRAPHY,Zelig,Gordon Willis,True
COSTUME DESIGN,Cross Creek,Joe I. Tompkins,True
COSTUME DESIGN,Fanny & Alexander,Marik Vos,True
COSTUME DESIGN,Heart Like a Wheel,William Ware Theiss,True
COSTUME DESIGN,The Return of Martin Guerre,Anne-Marie Marchand,True
COSTUME DESIGN,Zelig,Santo Loquasto,True
DIRECTING,The Dresser,Peter Yates,True
DIRECTING,Fanny & Alexander,Ingmar Bergman,True
DIRECTING,Silkwood,Mike Nichols,True
DIRECTING,Tender Mercies,Bruce Beresford,True
DIRECTING,Terms of Endearment,James L. Brooks,True
DOCUMENTARY (Feature),Children of Darkness,"Richard Kotuk and Ara Chekmayan, Producers",True
DOCUMENTARY (Feature),First Contact,"Bob Connolly and Robin Anderson, Producers",True
DOCUMENTARY (Feature),He Makes Me Feel Like Dancin',"Emile Ardolino, Producer",True
DOCUMENTARY (Feature),The Profession of Arms,"Michael Bryans and Tina Viljoen, Producers",True
DOCUMENTARY (Feature),Seeing Red,"James Klein and Julia Reichert, Producers",True
DOCUMENTARY (Short Subject),Flamenco at 5:15,"Cynthia Scott and Adam Symansky, Producers",True
DOCUMENTARY (Short Subject),In the Nuclear Shadow: What Can the Children Tell Us?,"Vivienne Verdon-Roe and Eric Thiermann, Producers",True
DOCUMENTARY (Short Subject),Sewing Woman,"Arthur Dong, Producer",True
DOCUMENTARY (Short Subject),Spaces: The Architecture of Paul Rudolph,"Robert Eisenhardt, Producer",True
DOCUMENTARY (Short Subject),You Are Free (Ihr Zent Frei),"Dea Brokman and Ilene Landis, Producers",True
FILM EDITING,Blue Thunder,"Frank Morriss, Edward Abroms",True
FILM EDITING,Flashdance,"Bud Smith, Walt Mulconery",True
FILM EDITING,The Right Stuff,"Glenn Farr, Lisa Fruchtman, Stephen A. Rotter, Douglas Stewart, Tom Rolf",True
FILM EDITING,Silkwood,Sam O'Steen,True
FILM EDITING,Terms of Endearment,Richard Marks,True
INTERNATIONAL FEATURE FILM,Carmen,Spain,True
INTERNATIONAL FEATURE FILM,Entre Nous,France,True
INTERNATIONAL FEATURE FILM,Fanny & Alexander,Sweden,True
INTERNATIONAL FEATURE FILM,Job's Revolt,Hungary,True
INTERNATIONAL FEATURE FILM,Le Bal,Algeria,True
MUSIC (Original Score),Cross Creek,Leonard Rosenman,True
MUSIC (Original Score),Return of the Jedi,John Williams,True
MUSIC (Original Score),The Right Stuff,Bill Conti,True
MUSIC (Original Score),Terms of Endearment,Michael Gore,True
MUSIC (Original Score),Under Fire,Jerry Goldsmith,True
MUSIC (Original Song Score or Adaptation Score),The Sting II,Adaptation Score by Lalo Schifrin,True
MUSIC (Original Song Score or Adaptation Score),Trading Places,Adaptation Score by Elmer Bernstein,True
MUSIC (Original Song Score or Adaptation Score),Yentl,"Song Score by Michel Legrand, Alan Bergman and Marilyn Bergman",True
MUSIC (Original Song),Flashdance,Music by Giorgio Moroder; Lyric by Keith Forsey and Irene Cara,True
MUSIC (Original Song),Flashdance,Music and Lyric by Michael Sembello and Dennis Matkosky,True
MUSIC (Original Song),Tender Mercies,Music and Lyric by Austin Roberts and Bobby Hart,True
MUSIC (Original Song),Yentl,Music by Michel Legrand; Lyric by Alan Bergman and Marilyn Bergman,True
BEST PICTURE,The Big Chill,"Michael Shamberg, Producer",True
BEST PICTURE,The Dresser,"Peter Yates, Producer",True
BEST PICTURE,The Right Stuff,"Irwin Winkler and Robert Chartoff, Producers",True
BEST PICTURE,Tender Mercies,"Philip S. Hobel, Producer",True
BEST PICTURE,Terms of Endearment,"James L. Brooks, Producer",True
SHORT FILM (Animated),Mickey's Christmas Carol,"Burny Mattinson, Producer",True
SHORT FILM (Animated),Sound of Sunshine - Sound of Rain,"Eda Godel Hallinan, Producer",True
SHORT FILM (Animated),Sundae in New York,"Jimmy Picker, Producer",True
SHORT FILM (Live Action),Boys and Girls,"Janice L. Platt, Producer",True
SHORT FILM (Live Action),Goodie-Two-Shoes,"Ian Emes, Producer",True
SHORT FILM (Live Action),Overnight Sensation,"Jon N. Bloom, Producer",True
SOUND MIXING,Never Cry Wolf,"Alan R. Splet, Todd Boekelheide, Randy Thom, David Parker",True
SOUND MIXING,Return of the Jedi,"Ben Burtt, Gary Summers, Randy Thom, Tony Dawe",True
SOUND MIXING,The Right Stuff,"Mark Berger, Tom Scott, Randy Thom, David MacMillan",True
SOUND MIXING,Terms of Endearment,"Donald O. Mitchell, Rick Kline, Kevin O'Connell, Jim Alexander",True
SOUND MIXING,WarGames,"Michael J. Kohut, Carlos de Larios, Aaron Rochin, Willie D. Burton",True
SOUND EDITING,Return of the Jedi,Ben Burtt,True
SOUND EDITING,The Right Stuff,Jay Boekelheide,True
WRITING (Adapted Screenplay),Betrayal,Harold Pinter,True
WRITING (Adapted Screenplay),The Dresser,Ronald Harwood,True
WRITING (Adapted Screenplay),Educating Rita,Willy Russell,True
WRITING (Adapted Screenplay),"Reuben, Reuben",Julius J. Epstein,True
WRITING (Adapted Screenplay),Terms of Endearment,James L. Brooks,True
WRITING (Original Screenplay),The Big Chill,"Lawrence Kasdan, Barbara Benedek",True
WRITING (Original Screenplay),Fanny & Alexander,Ingmar Bergman,True
WRITING (Original Screenplay),Silkwood,"Nora Ephron, Alice Arlen",True
WRITING (Original Screenplay),Tender Mercies,Horton Foote,True
WRITING (Original Screenplay),WarGames,"Lawrence Lasker, Walter F. Parkes",True
SPECIAL ACHIEVEMENT AWARD (Visual Effects),Return of the Jedi,"Richard Edlund, Dennis Muren, Ken Ralston, Phil Tippett",True
ACTOR IN A LEADING ROLE,Amadeus,F. Murray Abraham,True
ACTOR IN A LEADING ROLE,Starman,Jeff Bridges,True
ACTOR IN A LEADING ROLE,Under the Volcano,Albert Finney,True
ACTOR IN A LEADING ROLE,Amadeus,Tom Hulce,True
ACTOR IN A LEADING ROLE,The Killing Fields,Sam Waterston,True
ACTOR IN A SUPPORTING ROLE,A Soldier's Story,Adolph Caesar,True
ACTOR IN A SUPPORTING ROLE,Places in the Heart,John Malkovich,True
ACTOR IN A SUPPORTING ROLE,The Karate Kid,Noriyuki 'Pat' Morita,True
ACTOR IN A SUPPORTING ROLE,The Killing Fields,Haing S. Ngor,True
ACTOR IN A SUPPORTING ROLE,"Greystoke: The Legend of Tarzan, Lord of the Apes",Ralph Richardson,True
ACTRESS IN A LEADING ROLE,A Passage to India,Judy Davis,True
ACTRESS IN A LEADING ROLE,Places in the Heart,Sally Field,True
ACTRESS IN A LEADING ROLE,Country,Jessica Lange,True
ACTRESS IN A LEADING ROLE,The Bostonians,Vanessa Redgrave,True
ACTRESS IN A LEADING ROLE,The River,Sissy Spacek,True
ACTRESS IN A SUPPORTING ROLE,A Passage to India,Peggy Ashcroft,True
ACTRESS IN A SUPPORTING ROLE,The Natural,Glenn Close,True
ACTRESS IN A SUPPORTING ROLE,Places in the Heart,Lindsay Crouse,True
ACTRESS IN A SUPPORTING ROLE,Swing Shift,Christine Lahti,True
ACTRESS IN A SUPPORTING ROLE,The Pope of Greenwich Village,Geraldine Page,True
ART DIRECTION,Amadeus,Art Direction: Patrizia Von Brandenstein; Set Decoration: Karel Cerny,True
ART DIRECTION,The Cotton Club,"Art Direction: Richard Sylbert; Set Decoration: George Gaines, Les Bloom",True
ART DIRECTION,The Natural,"Art Direction: Angelo Graham, Mel Bourne, James J. Murakami, Speed Hopkins; Set Decoration: Bruce Weintraub",True
ART DIRECTION,A Passage to India,"Art Direction: John Box, Leslie Tomkins; Set Decoration: Hugh Scaife",True
ART DIRECTION,2010,Art Direction: Albert Brenner; Set Decoration: Rick Simpson,True
CINEMATOGRAPHY,Amadeus,Miroslav Ondricek,True
CINEMATOGRAPHY,The Killing Fields,Chris Menges,True
CINEMATOGRAPHY,The Natural,Caleb Deschanel,True
CINEMATOGRAPHY,A Passage to India,Ernest Day,True
CINEMATOGRAPHY,The River,Vilmos Zsigmond,True
COSTUME DESIGN,Amadeus,Theodor Pistek,True
COSTUME DESIGN,The Bostonians,"Jenny Beavan, John Bright",True
COSTUME DESIGN,A Passage to India,Judy Moorcroft,True
COSTUME DESIGN,Places in the Heart,Ann Roth,True
COSTUME DESIGN,2010,Patricia Norris,True
DIRECTING,Amadeus,Milos Forman,True
DIRECTING,Broadway Danny Rose,Woody Allen,True
DIRECTING,The Killing Fields,Roland Joffé,True
DIRECTING,A Passage to India,David Lean,True
DIRECTING,Places in the Heart,Robert Benton,True
DOCUMENTARY (Feature),High Schools,"Charles Guggenheim and Nancy Sloss, Producers",True
DOCUMENTARY (Feature),In the Name of the People,"Alex W. Drehsler and Frank Christopher, Producers",True
DOCUMENTARY (Feature),Marlene,"Karel Dirka and Zev Braun, Producers",True
DOCUMENTARY (Feature),Streetwise,"Cheryl McCall, Producer",True
DOCUMENTARY (Feature),The Times of Harvey Milk,"Robert Epstein and Richard Schmiechen, Producers",True
DOCUMENTARY (Short Subject),The Children of Soong Ching Ling,"Gary Bush and Paul T.K. Lin, Producers",True
DOCUMENTARY (Short Subject),Code Gray: Ethical Dilemmas in Nursing,"Ben Achtenberg and Joan Sawyer, Producers",True
DOCUMENTARY (Short Subject),The Garden of Eden,"Lawrence R. Hott and Roger M. Sherman, Producers",True
DOCUMENTARY (Short Subject),Recollections of Pavlovsk,"Irina Kalinina, Producer",True
DOCUMENTARY (Short Subject),The Stone Carvers,"Marjorie Hunt and Paul Wagner, Producers",True
FILM EDITING,Amadeus,"Nena Danevic, Michael Chandler",True
FILM EDITING,The Cotton Club,"Barry Malkin, Robert Q. Lovett",True
FILM EDITING,The Killing Fields,Jim Clark,True
FILM EDITING,A Passage to India,David Lean,True
FILM EDITING,Romancing the Stone,"Donn Cambern, Frank Morriss",True
INTERNATIONAL FEATURE FILM,Beyond the Walls,Israel,True
INTERNATIONAL FEATURE FILM,Camila,Argentina,True
INTERNATIONAL FEATURE FILM,Dangerous Moves,Switzerland,True
INTERNATIONAL FEATURE FILM,Double Feature,Spain,True
INTERNATIONAL FEATURE FILM,Wartime Romance,Union of Soviet Socialist Republics,True
MAKEUP AND HAIRSTYLING,Amadeus,"Paul LeBlanc, Dick Smith",True
MAKEUP AND HAIRSTYLING,"Greystoke: The Legend of Tarzan, Lord of the Apes","Rick Baker, Paul Engelen",True
MAKEUP AND HAIRSTYLING,2010,Michael Westmore,True
MUSIC (Original Score),Indiana Jones and the Temple of Doom,John Williams,True
MUSIC (Original Score),The Natural,Randy Newman,True
MUSIC (Original Score),A Passage to India,Maurice Jarre,True
MUSIC (Original Score),The River,John Williams,True
MUSIC (Original Score),Under the Volcano,Alex North,True
MUSIC (Original Song Score or Adaptation Score),The Muppets Take Manhattan,Jeff Moss,True
MUSIC (Original Song Score or Adaptation Score),Purple Rain,Prince,True
MUSIC (Original Song Score or Adaptation Score),Songwriter,Kris Kristofferson,True
MUSIC (Original Song),Against All Odds,Music and Lyric by Phil Collins,True
MUSIC (Original Song),Footloose,Music and Lyric by Kenny Loggins and Dean Pitchford,True
MUSIC (Original Song),Ghostbusters,"Music and Lyric by Ray Parker, Jr.",True
MUSIC (Original Song),The Woman in Red,Music and Lyric by Stevie Wonder,True
MUSIC (Original Song),Footloose,Music and Lyric by Tom Snow and Dean Pitchford,True
BEST PICTURE,Amadeus,"Saul Zaentz, Producer",True
BEST PICTURE,The Killing Fields,"David Puttnam, Producer",True
BEST PICTURE,A Passage to India,"John Brabourne and Richard Goodwin, Producers",True
BEST PICTURE,Places in the Heart,"Arlene Donovan, Producer",True
BEST PICTURE,A Soldier's Story,"Norman Jewison, Ronald L. Schwary and Patrick Palmer, Producers",True
SHORT FILM (Animated),Charade,"Jon Minnis, Producer",True
SHORT FILM (Animated),Doctor De Soto,"Morton Schindel and Michael Sporn, Producers",True
SHORT FILM (Animated),Paradise,"Ishu Patel, Producer",True
SHORT FILM (Live Action),The Painted Door,"Michael MacMillan and Janice L. Platt, Producers",True
SHORT FILM (Live Action),Tales of Meeting and Parting,"Sharon Oreck and Lesli Linka Glatter, Producers",True
SHORT FILM (Live Action),Up,"Mike Hoover, Producer",True
SOUND MIXING,Amadeus,"Mark Berger, Tom Scott, Todd Boekelheide, Chris Newman",True
SOUND MIXING,Dune,"Bill Varney, Steve Maslow, Kevin O'Connell, Nelson Stoll",True
SOUND MIXING,A Passage to India,"Graham V. Hartstone, Nicolas Le Messurier, Michael A. Carter, John Mitchell",True
SOUND MIXING,The River,"Nick Alphin, Robert Thirlwell, Richard Portman, David Ronne",True
SOUND MIXING,2010,"Michael J. Kohut, Aaron Rochin, Carlos De Larios, Gene S. Cantamessa",True
VISUAL EFFECTS,Ghostbusters,"Richard Edlund, John Bruno, Mark Vargo, Chuck Gaspar",True
VISUAL EFFECTS,Indiana Jones and the Temple of Doom,"Dennis Muren, Michael McAlister, Lorne Peterson, George Gibbs",True
VISUAL EFFECTS,2010,"Richard Edlund, Neil Krepela, George Jenson, Mark Stetson",True
WRITING (Adapted Screenplay),Amadeus,Peter Shaffer,True
WRITING (Adapted Screenplay),"Greystoke: The Legend of Tarzan, Lord of the Apes","P.H. Vazak, Michael Austin",True
WRITING (Adapted Screenplay),The Killing Fields,Bruce Robinson,True
WRITING (Adapted Screenplay),A Passage to India,David Lean,True
WRITING (Adapted Screenplay),A Soldier's Story,Charles Fuller,True
WRITING (Original Screenplay),Beverly Hills Cop,"Screenplay by Daniel Petrie, Jr.; Story by Danilo Bach, Daniel Petrie, Jr.",True
WRITING (Original Screenplay),Broadway Danny Rose,Woody Allen,True
WRITING (Original Screenplay),El Norte,"Gregory Nava, Anna Thomas",True
WRITING (Original Screenplay),Places in the Heart,Robert Benton,True
WRITING (Original Screenplay),Splash,"Screenplay by Lowell Ganz, Babaloo Mandel, Bruce Jay Friedman; Screen Story by Bruce Jay Friedman; Based on a story by Brian Grazer",True
SPECIAL ACHIEVEMENT AWARD (Sound Effects Editing),The River,Kay Rose,True
ACTOR IN A LEADING ROLE,Witness,Harrison Ford,True
ACTOR IN A LEADING ROLE,Murphy's Romance,James Garner,True
ACTOR IN A LEADING ROLE,Kiss of the Spider Woman,William Hurt,True
ACTOR IN A LEADING ROLE,Prizzi's Honor,Jack Nicholson,True
ACTOR IN A LEADING ROLE,Runaway Train,Jon Voight,True
ACTOR IN A SUPPORTING ROLE,Cocoon,Don Ameche,True
ACTOR IN A SUPPORTING ROLE,Out of Africa,Klaus Maria Brandauer,True
ACTOR IN A SUPPORTING ROLE,Prizzi's Honor,William Hickey,True
ACTOR IN A SUPPORTING ROLE,Jagged Edge,Robert Loggia,True
ACTOR IN A SUPPORTING ROLE,Runaway Train,Eric Roberts,True
ACTRESS IN A LEADING ROLE,Agnes of God,Anne Bancroft,True
ACTRESS IN A LEADING ROLE,The Color Purple,Whoopi Goldberg,True
ACTRESS IN A LEADING ROLE,Sweet Dreams,Jessica Lange,True
ACTRESS IN A LEADING ROLE,The Trip to Bountiful,Geraldine Page,True
ACTRESS IN A LEADING ROLE,Out of Africa,Meryl Streep,True
ACTRESS IN A SUPPORTING ROLE,The Color Purple,Margaret Avery,True
ACTRESS IN A SUPPORTING ROLE,Prizzi's Honor,Anjelica Huston,True
ACTRESS IN A SUPPORTING ROLE,Twice in a Lifetime,Amy Madigan,True
ACTRESS IN A SUPPORTING ROLE,Agnes of God,Meg Tilly,True
ACTRESS IN A SUPPORTING ROLE,The Color Purple,Oprah Winfrey,True
ART DIRECTION,Brazil,Art Direction: Norman Garwood; Set Decoration: Maggie Gray,True
ART DIRECTION,The Color Purple,"Art Direction: J. Michael Riva, Robert W. Welch; Set Decoration: Linda DeScenna",True
ART DIRECTION,Out of Africa,Art Direction: Stephen Grimes; Set Decoration: Josie MacAvin,True
ART DIRECTION,Ran,"Art Direction: Yoshiro Muraki, Shinobu Muraki",True
ART DIRECTION,Witness,Art Direction: Stan Jolley; Set Decoration: John Anderson,True
CINEMATOGRAPHY,The Color Purple,Allen Daviau,True
CINEMATOGRAPHY,Murphy's Romance,William A. Fraker,True
CINEMATOGRAPHY,Out of Africa,David Watkin,True
CINEMATOGRAPHY,Ran,"Takao Saito, Masaharu Ueda, Asakazu Nakai",True
CINEMATOGRAPHY,Witness,John Seale,True
COSTUME DESIGN,The Color Purple,Aggie Guerard Rodgers,True
COSTUME DESIGN,The Journey of Natty Gann,Albert Wolsky,True
COSTUME DESIGN,Out of Africa,Milena Canonero,True
COSTUME DESIGN,Prizzi's Honor,Donfeld,True
COSTUME DESIGN,Ran,Emi Wada,True
DIRECTING,Kiss of the Spider Woman,Hector Babenco,True
DIRECTING,Out of Africa,Sydney Pollack,True
DIRECTING,Prizzi's Honor,John Huston,True
DIRECTING,Ran,Akira Kurosawa,True
DIRECTING,Witness,Peter Weir,True
DOCUMENTARY (Feature),Broken Rainbow,"Maria Florio and Victoria Mudd, Producers",True
DOCUMENTARY (Feature),Las Madres--The Mothers of Plaza de Mayo,"Susana Muñoz and Lourdes Portillo, Producers",True
DOCUMENTARY (Feature),Soldiers in Hiding,"Japhet Asher, Producer",True
DOCUMENTARY (Feature),The Statue of Liberty,"Ken Burns and Buddy Squires, Producers",True
DOCUMENTARY (Feature),Unfinished Business,"Steven Okazaki, Producer",True
DOCUMENTARY (Short Subject),The Courage to Care,"Robert Gardner, Producer",True
DOCUMENTARY (Short Subject),Keats and His Nightingale: A Blind Date,"Michael Crowley and James Wolpaw, Producers",True
DOCUMENTARY (Short Subject),Making Overtures--The Story of a Community Orchestra,"Barbara Willis Sweete, Producer",True
DOCUMENTARY (Short Subject),Witness to War: Dr. Charlie Clements,"David Goodman, Producer",True
DOCUMENTARY (Short Subject),The Wizard of the Strings,"Alan Edelstein, Producer",True
FILM EDITING,A Chorus Line,John Bloom,True
FILM EDITING,Out of Africa,"Fredric Steinkamp, William Steinkamp, Pembroke Herring, Sheldon Kahn",True
FILM EDITING,Prizzi's Honor,"Rudi Fehr, Kaja Fehr",True
FILM EDITING,Runaway Train,Henry Richardson,True
FILM EDITING,Witness,Thom Noble,True
INTERNATIONAL FEATURE FILM,Angry Harvest,Federal Republic of Germany,True
INTERNATIONAL FEATURE FILM,Colonel Redl,Hungary,True
INTERNATIONAL FEATURE FILM,The Official Story,Argentina,True
INTERNATIONAL FEATURE FILM,Three Men and a Cradle,France,True
INTERNATIONAL FEATURE FILM,When Father Was Away on Business,Yugoslavia,True
MAKEUP AND HAIRSTYLING,The Color Purple,Ken Chase,True
MAKEUP AND HAIRSTYLING,Mask,"Michael Westmore, Zoltan Elek",True
MAKEUP AND HAIRSTYLING,Remo Williams: The Adventure Begins,Carl Fullerton,True
MUSIC (Original Score),Agnes of God,Georges Delerue,True
MUSIC (Original Score),The Color Purple,"Quincy Jones, Jeremy Lubbock, Rod Temperton, Caiphus Semenya, Andrae Crouch, Chris Boardman, Jorge Calandrelli, Joel Rosenbaum, Fred Steiner, Jack Hayes, Jerry Hey, Randy Kerber",True
MUSIC (Original Score),Out of Africa,John Barry,True
MUSIC (Original Score),Silverado,Bruce Broughton,True
MUSIC (Original Score),Witness,Maurice Jarre,True
MUSIC (Original Song),The Color Purple,"Music by Quincy Jones and Rod Temperton; Lyric by Quincy Jones, Rod Temperton and Lionel Richie",True
MUSIC (Original Song),Back to the Future,Music by Chris Hayes and Johnny Colla; Lyric by Huey Lewis,True
MUSIC (Original Song),White Nights,Music and Lyric by Lionel Richie,True
MUSIC (Original Song),White Nights,Music and Lyric by Stephen Bishop,True
MUSIC (Original Song),A Chorus Line,Music by Marvin Hamlisch; Lyric by Edward Kleban,True
BEST PICTURE,The Color Purple,"Steven Spielberg, Kathleen Kennedy, Frank Marshall and Quincy Jones, Producers",True
BEST PICTURE,Kiss of the Spider Woman,"David Weisman, Producer",True
BEST PICTURE,Out of Africa,"Sydney Pollack, Producer",True
BEST PICTURE,Prizzi's Honor,"John Foreman, Producer",True
BEST PICTURE,Witness,"Edward S. Feldman, Producer",True
SHORT FILM (Animated),Anna & Bella,"Cilia Van Dijk, Producer",True
SHORT FILM (Animated),The Big Snit,"Richard Condie and Michael Scott, Producers",True
SHORT FILM (Animated),Second Class Mail,"Alison Snowden, Producer",True
SHORT FILM (Live Action),Graffiti,"Dianna Costello, Producer",True
SHORT FILM (Live Action),Molly's Pilgrim,"Jeff Brown and Chris Pelzer, Producers",True
SHORT FILM (Live Action),Rainbow War,"Bob Rogers, Producer",True
SOUND MIXING,Back to the Future,"Bill Varney, B. Tennyson Sebastian II, Robert Thirlwell, William B. Kaplan",True
SOUND MIXING,A Chorus Line,"Donald O. Mitchell, Michael Minkler, Gerry Humphreys, Chris Newman",True
SOUND MIXING,Ladyhawke,"Les Fresholtz, Dick Alexander, Vern Poore, Bud Alper",True
SOUND MIXING,Out of Africa,"Chris Jenkins, Gary Alexander, Larry Stensvold, Peter Handford",True
SOUND MIXING,Silverado,"Donald O. Mitchell, Rick Kline, Kevin O'Connell, David Ronne",True
SOUND EDITING,Back to the Future,"Charles L. Campbell, Robert Rutledge",True
SOUND EDITING,Ladyhawke,"Bob Henderson, Alan Murray",True
SOUND EDITING,Rambo: First Blood Part II,Frederick J. Brown,True
VISUAL EFFECTS,Cocoon,"Ken Ralston, Ralph McQuarrie, Scott Farrar, David Berry",True
VISUAL EFFECTS,Return to Oz,"Will Vinton, Ian Wingrove, Zoran Perisic, Michael Lloyd",True
VISUAL EFFECTS,Young Sherlock Holmes,"Dennis Muren, Kit West, John Ellis, David Allen",True
WRITING (Adapted Screenplay),The Color Purple,Menno Meyjes,True
WRITING (Adapted Screenplay),Kiss of the Spider Woman,Leonard Schrader,True
WRITING (Adapted Screenplay),Out of Africa,Kurt Luedtke,True
WRITING (Adapted Screenplay),Prizzi's Honor,"Richard Condon, Janet Roach",True
WRITING (Adapted Screenplay),The Trip to Bountiful,Horton Foote,True
WRITING (Original Screenplay),Back to the Future,"Robert Zemeckis, Bob Gale",True
WRITING (Original Screenplay),Brazil,"Terry Gilliam, Tom Stoppard, Charles McKeown",True
WRITING (Original Screenplay),The Official Story,"Luis Puenzo, Aida Bortnik",True
WRITING (Original Screenplay),The Purple Rose of Cairo,Woody Allen,True
WRITING (Original Screenplay),Witness,"Screenplay by Earl W. Wallace, William Kelley; Story by William Kelley, Pamela Wallace, Earl W. Wallace",True
ACTOR IN A LEADING ROLE,'Round Midnight,Dexter Gordon,True
ACTOR IN A LEADING ROLE,Mona Lisa,Bob Hoskins,True
ACTOR IN A LEADING ROLE,Children of a Lesser God,William Hurt,True
ACTOR IN A LEADING ROLE,The Color of Money,Paul Newman,True
ACTOR IN A LEADING ROLE,Salvador,James Woods,True
ACTOR IN A SUPPORTING ROLE,Platoon,Tom Berenger,True
ACTOR IN A SUPPORTING ROLE,Hannah and Her Sisters,Michael Caine,True
ACTOR IN A SUPPORTING ROLE,Platoon,Willem Dafoe,True
ACTOR IN A SUPPORTING ROLE,A Room with a View,Denholm Elliott,True
ACTOR IN A SUPPORTING ROLE,Hoosiers,Dennis Hopper,True
ACTRESS IN A LEADING ROLE,The Morning After,Jane Fonda,True
ACTRESS IN A LEADING ROLE,Children of a Lesser God,Marlee Matlin,True
ACTRESS IN A LEADING ROLE,Crimes of the Heart,Sissy Spacek,True
ACTRESS IN A LEADING ROLE,Peggy Sue Got Married,Kathleen Turner,True
ACTRESS IN A LEADING ROLE,Aliens,Sigourney Weaver,True
ACTRESS IN A SUPPORTING ROLE,Crimes of the Heart,Tess Harper,True
ACTRESS IN A SUPPORTING ROLE,Children of a Lesser God,Piper Laurie,True
ACTRESS IN A SUPPORTING ROLE,The Color of Money,Mary Elizabeth Mastrantonio,True
ACTRESS IN A SUPPORTING ROLE,A Room with a View,Maggie Smith,True
ACTRESS IN A SUPPORTING ROLE,Hannah and Her Sisters,Dianne Wiest,True
ART DIRECTION,Aliens,Art Direction: Peter Lamont; Set Decoration: Crispian Sallis,True
ART DIRECTION,The Color of Money,Art Direction: Boris Leven; Set Decoration: Karen A. O'Hara,True
ART DIRECTION,Hannah and Her Sisters,Art Direction: Stuart Wurtzel; Set Decoration: Carol Joffe,True
ART DIRECTION,The Mission,Art Direction: Stuart Craig; Set Decoration: Jack Stephens,True
ART DIRECTION,A Room with a View,"Art Direction: Gianni Quaranta, Brian Ackland-Snow; Set Decoration: Brian Savegar, Elio Altamura",True
CINEMATOGRAPHY,The Mission,Chris Menges,True
CINEMATOGRAPHY,Peggy Sue Got Married,Jordan Cronenweth,True
CINEMATOGRAPHY,Platoon,Robert Richardson,True
CINEMATOGRAPHY,A Room with a View,Tony Pierce-Roberts,True
CINEMATOGRAPHY,Star Trek IV: The Voyage Home,Don Peterman,True
COSTUME DESIGN,The Mission,Enrico Sabbatini,True
COSTUME DESIGN,Otello,"Anna Anni, Maurizio Millenotti",True
COSTUME DESIGN,Peggy Sue Got Married,Theadora Van Runkle,True
COSTUME DESIGN,Pirates,Anthony Powell,True
COSTUME DESIGN,A Room with a View,"Jenny Beavan, John Bright",True
DIRECTING,Blue Velvet,David Lynch,True
DIRECTING,Hannah and Her Sisters,Woody Allen,True
DIRECTING,The Mission,Roland Joffé,True
DIRECTING,Platoon,Oliver Stone,True
DIRECTING,A Room with a View,James Ivory,True
DOCUMENTARY (Feature),Artie Shaw: Time Is All You've Got,"Brigitte Berman, Producer",True
DOCUMENTARY (Feature),Chile: Hasta Cuando?,"David Bradbury, Producer",True
DOCUMENTARY (Feature),Down and Out in America,"Joseph Feury and Milton Justice, Producers",True
DOCUMENTARY (Feature),Isaac in America: A Journey with Isaac Bashevis Singer,"Kirk Simon and Amram Nowak, Producers",True
DOCUMENTARY (Feature),Witness to Apartheid,"Sharon I. Sopher, Producer",True
DOCUMENTARY (Short Subject),Debonair Dancers,"Alison Nigh-Strelich, Producer",True
DOCUMENTARY (Short Subject),The Masters of Disaster,"Sonya Friedman, Producer",True
DOCUMENTARY (Short Subject),Red Grooms: Sunflower in a Hothouse,"Thomas L. Neff and Madeline Bell, Producers",True
DOCUMENTARY (Short Subject),Sam,"Aaron D. Weisblatt, Producer",True
DOCUMENTARY (Short Subject),"Women--for America, for the World","Vivienne Verdon-Roe, Producer",True
FILM EDITING,Aliens,Ray Lovejoy,True
FILM EDITING,Hannah and Her Sisters,Susan E. Morse,True
FILM EDITING,The Mission,Jim Clark,True
FILM EDITING,Platoon,Claire Simpson,True
FILM EDITING,Top Gun,"Billy Weber, Chris Lebenzon",True
INTERNATIONAL FEATURE FILM,The Assault,The Netherlands,True
INTERNATIONAL FEATURE FILM,Betty Blue,France,True
INTERNATIONAL FEATURE FILM,The Decline of the American Empire,Canada,True
INTERNATIONAL FEATURE FILM,My Sweet Little Village,Czechoslovakia,True
INTERNATIONAL FEATURE FILM,'38',Austria,True
MAKEUP AND HAIRSTYLING,The Clan of the Cave Bear,"Michael G. Westmore, Michèle Burke",True
MAKEUP AND HAIRSTYLING,The Fly,"Chris Walas, Stephan Dupuis",True
MAKEUP AND HAIRSTYLING,Legend,"Rob Bottin, Peter Robb-King",True
MUSIC (Original Score),Aliens,James Horner,True
MUSIC (Original Score),Hoosiers,Jerry Goldsmith,True
MUSIC (Original Score),The Mission,Ennio Morricone,True
MUSIC (Original Score),'Round Midnight,Herbie Hancock,True
MUSIC (Original Score),Star Trek IV: The Voyage Home,Leonard Rosenman,True
MUSIC (Original Song),The Karate Kid Part II,Music by Peter Cetera and David Foster; Lyric by Peter Cetera and Diane Nini,True
MUSIC (Original Song),That's Life,Music by Henry Mancini; Lyric by Leslie Bricusse,True
MUSIC (Original Song),Little Shop of Horrors,Music by Alan Menken; Lyric by Howard Ashman,True
MUSIC (Original Song),An American Tail,Music by James Horner and Barry Mann; Lyric by Cynthia Weil,True
MUSIC (Original Song),Top Gun,Music by Giorgio Moroder; Lyric by Tom Whitlock,True
BEST PICTURE,Children of a Lesser God,"Burt Sugarman and Patrick Palmer, Producers",True
BEST PICTURE,Hannah and Her Sisters,"Robert Greenhut, Producer",True
BEST PICTURE,The Mission,"Fernando Ghia and David Puttnam, Producers",True
BEST PICTURE,Platoon,"Arnold Kopelson, Producer",True
BEST PICTURE,A Room with a View,"Ismail Merchant, Producer",True
SHORT FILM (Animated),"The Frog, the Dog and the Devil","Bob Stenhouse, Producer",True
SHORT FILM (Animated),A Greek Tragedy,"Linda Van Tulden and Willem Thijssen, Producers",True
SHORT FILM (Animated),Luxo Jr.,"John Lasseter and William Reeves, Producers",True
SHORT FILM (Live Action),Exit,"Stefano Reali and Pino Quartullo, Producers",True
SHORT FILM (Live Action),Love Struck,"Fredda Weiss, Producer",True
SHORT FILM (Live Action),Precious Images,"Chuck Workman, Producer",True
SOUND MIXING,Aliens,"Graham V. Hartstone, Nicolas Le Messurier, Michael A. Carter, Roy Charman",True
SOUND MIXING,Heartbreak Ridge,"Les Fresholtz, Dick Alexander, Vern Poore, William Nelson",True
SOUND MIXING,Platoon,"John K. Wilkinson, Richard Rogers, Charles 'Bud' Grenzbach, Simon Kaye",True
SOUND MIXING,Star Trek IV: The Voyage Home,"Terry Porter, Dave Hudson, Mel Metcalfe, Gene S. Cantamessa",True
SOUND MIXING,Top Gun,"Donald O. Mitchell, Kevin O'Connell, Rick Kline, William B. Kaplan",True
SOUND EDITING,Aliens,Don Sharpe,True
SOUND EDITING,Star Trek IV: The Voyage Home,Mark Mangini,True
SOUND EDITING,Top Gun,"Cecelia Hall, George Watters II",True
VISUAL EFFECTS,Aliens,"Robert Skotak, Stan Winston, John Richardson, Suzanne Benson",True
VISUAL EFFECTS,Little Shop of Horrors,"Lyle Conway, Bran Ferren, Martin Gutteridge",True
VISUAL EFFECTS,Poltergeist II: The Other Side,"Richard Edlund, John Bruno, Garry Waller, William Neil",True
WRITING (Adapted Screenplay),Children of a Lesser God,"Hesper Anderson, Mark Medoff",True
WRITING (Adapted Screenplay),The Color of Money,Richard Price,True
WRITING (Adapted Screenplay),Crimes of the Heart,Beth Henley,True
WRITING (Adapted Screenplay),A Room with a View,Ruth Prawer Jhabvala,True
WRITING (Adapted Screenplay),Stand by Me,"Raynold Gideon, Bruce A. Evans",True
WRITING (Original Screenplay),'Crocodile' Dundee,"Screenplay by Paul Hogan, Ken Shadie, John Cornell; Story by Paul Hogan",True
WRITING (Original Screenplay),Hannah and Her Sisters,Woody Allen,True
WRITING (Original Screenplay),My Beautiful Laundrette,Hanif Kureishi,True
WRITING (Original Screenplay),Platoon,Oliver Stone,True
WRITING (Original Screenplay),Salvador,"Oliver Stone, Richard Boyle",True
ACTOR IN A LEADING ROLE,Wall Street,Michael Douglas,True
ACTOR IN A LEADING ROLE,Broadcast News,William Hurt,True
ACTOR IN A LEADING ROLE,Dark Eyes,Marcello Mastroianni,True
ACTOR IN A LEADING ROLE,Ironweed,Jack Nicholson,True
ACTOR IN A LEADING ROLE,"Good Morning, Vietnam",Robin Williams,True
ACTOR IN A SUPPORTING ROLE,Broadcast News,Albert Brooks,True
ACTOR IN A SUPPORTING ROLE,The Untouchables,Sean Connery,True
ACTOR IN A SUPPORTING ROLE,Street Smart,Morgan Freeman,True
ACTOR IN A SUPPORTING ROLE,Moonstruck,Vincent Gardenia,True
ACTOR IN A SUPPORTING ROLE,Cry Freedom,Denzel Washington,True
ACTRESS IN A LEADING ROLE,Moonstruck,Cher,True
ACTRESS IN A LEADING ROLE,Fatal Attraction,Glenn Close,True
ACTRESS IN A LEADING ROLE,Broadcast News,Holly Hunter,True
ACTRESS IN A LEADING ROLE,Anna,Sally Kirkland,True
ACTRESS IN A LEADING ROLE,Ironweed,Meryl Streep,True
ACTRESS IN A SUPPORTING ROLE,Gaby - A True Story,Norma Aleandro,True
ACTRESS IN A SUPPORTING ROLE,Fatal Attraction,Anne Archer,True
ACTRESS IN A SUPPORTING ROLE,Moonstruck,Olympia Dukakis,True
ACTRESS IN A SUPPORTING ROLE,Throw Momma from the Train,Anne Ramsey,True
ACTRESS IN A SUPPORTING ROLE,The Whales of August,Ann Sothern,True
ART DIRECTION,Empire of the Sun,Art Direction: Norman Reynolds; Set Decoration: Harry Cordwell,True
ART DIRECTION,Hope and Glory,Art Direction: Anthony Pratt; Set Decoration: Joan Woollard,True
ART DIRECTION,The Last Emperor,"Art Direction: Ferdinando Scarfiotti; Set Decoration: Bruno Cesari, Osvaldo Desideri",True
ART DIRECTION,Radio Days,"Art Direction: Santo Loquasto; Set Decoration: Carol Joffe, Les Bloom, George DeTitta, Jr.",True
ART DIRECTION,The Untouchables,"Art Direction: Patrizia Von Brandenstein, William A. Elliott; Set Decoration: Hal Gausman",True
CINEMATOGRAPHY,Broadcast News,Michael Ballhaus,True
CINEMATOGRAPHY,Empire of the Sun,Allen Daviau,True
CINEMATOGRAPHY,Hope and Glory,Philippe Rousselot,True
CINEMATOGRAPHY,The Last Emperor,Vittorio Storaro,True
CINEMATOGRAPHY,Matewan,Haskell Wexler,True
COSTUME DESIGN,The Dead,Dorothy Jeakins,True
COSTUME DESIGN,Empire of the Sun,Bob Ringwood,True
COSTUME DESIGN,The Last Emperor,James Acheson,True
COSTUME DESIGN,Maurice,"Jenny Beavan, John Bright",True
COSTUME DESIGN,The Untouchables,Marilyn Vance-Straker,True
DIRECTING,Fatal Attraction,Adrian Lyne,True
DIRECTING,Hope and Glory,John Boorman,True
DIRECTING,The Last Emperor,Bernardo Bertolucci,True
DIRECTING,Moonstruck,Norman Jewison,True
DIRECTING,My Life as a Dog,Lasse Hallström,True
DOCUMENTARY (Feature),Eyes on the Prize: America's Civil Rights Years/Bridge to Freedom 1965,"Callie Crossley and James A. DeVinney, Producers",True
DOCUMENTARY (Feature),Hellfire: A Journey from Hiroshima,"John Junkerman and John W. Dower, Producers",True
DOCUMENTARY (Feature),Radio Bikini,"Robert Stone, Producer",True
DOCUMENTARY (Feature),A Stitch for Time,"Barbara Herbich and Cyril Christo, Producers",True
DOCUMENTARY (Feature),The Ten-Year Lunch: The Wit and Legend of the Algonquin Round Table,"Aviva Slesin, Producer",True
DOCUMENTARY (Short Subject),Frances Steloff: Memoirs of a Bookseller,"Deborah Dickson, Producer",True
DOCUMENTARY (Short Subject),In the Wee Wee Hours...,"Dr. Frank Daniel and Izak Ben-Meir, Producers",True
DOCUMENTARY (Short Subject),Language Says It All,"Megan Williams, Producer",True
DOCUMENTARY (Short Subject),Silver into Gold,"Lynn Mueller, Producer",True
DOCUMENTARY (Short Subject),Young at Heart,"Sue Marx and Pamela Conn, Producers",True
FILM EDITING,Broadcast News,Richard Marks,True
FILM EDITING,Empire of the Sun,Michael Kahn,True
FILM EDITING,Fatal Attraction,"Michael Kahn, Peter E. Berger",True
FILM EDITING,The Last Emperor,Gabriella Cristiani,True
FILM EDITING,RoboCop,Frank J. Urioste,True
INTERNATIONAL FEATURE FILM,"Au Revoir Les Enfants (Goodbye, Children)",France,True
INTERNATIONAL FEATURE FILM,Babette's Feast,Denmark,True
INTERNATIONAL FEATURE FILM,Course Completed,Spain,True
INTERNATIONAL FEATURE FILM,The Family,Italy,True
INTERNATIONAL FEATURE FILM,Pathfinder,Norway,True
MAKEUP AND HAIRSTYLING,Happy New Year,Bob Laden,True
MAKEUP AND HAIRSTYLING,Harry and the Hendersons,Rick Baker,True
MUSIC (Original Score),Cry Freedom,"George Fenton, Jonas Gwangwa",True
MUSIC (Original Score),Empire of the Sun,John Williams,True
MUSIC (Original Score),The Last Emperor,"Ryuichi Sakamoto, David Byrne, Cong Su",True
MUSIC (Original Score),The Untouchables,Ennio Morricone,True
MUSIC (Original Score),The Witches of Eastwick,John Williams,True
MUSIC (Original Song),Cry Freedom,Music and Lyric by George Fenton and Jonas Gwangwa,True
MUSIC (Original Song),Dirty Dancing,"Music by Franke Previte, John DeNicola and Donald Markowitz; Lyric by Franke Previte",True
MUSIC (Original Song),Mannequin,Music and Lyric by Albert Hammond and Diane Warren,True
MUSIC (Original Song),Beverly Hills Cop II,"Music by Harold Faltermeyer and Keith Forsey; Lyric by Harold Faltermeyer, Keith Forsey and Bob Seger",True
MUSIC (Original Song),The Princess Bride,Music and Lyric by Willy DeVille,True
BEST PICTURE,Broadcast News,"James L. Brooks, Producer",True
BEST PICTURE,Fatal Attraction,"Stanley R. Jaffe and Sherry Lansing, Producers",True
BEST PICTURE,Hope and Glory,"John Boorman, Producer",True
BEST PICTURE,The Last Emperor,"Jeremy Thomas, Producer",True
BEST PICTURE,Moonstruck,"Patrick Palmer and Norman Jewison, Producers",True
SHORT FILM (Animated),George and Rosemary,"Eunice Macaulay, Producer",True
SHORT FILM (Animated),The Man Who Planted Trees,"Frédéric Back, Producer",True
SHORT FILM (Animated),Your Face,"Bill Plympton, Producer",True
SHORT FILM (Live Action),Making Waves,"Ann Wingate, Producer",True
SHORT FILM (Live Action),Ray's Male Heterosexual Dance Hall,"Jonathan Sanger and Jana Sue Memel, Producers",True
SHORT FILM (Live Action),Shoeshine,"Robert A. Katz, Producer",True
SOUND MIXING,Empire of the Sun,"Robert Knudson, Don Digirolamo, John Boyd, Tony Dawe",True
SOUND MIXING,The Last Emperor,"Bill Rowe, Ivan Sharrock",True
SOUND MIXING,Lethal Weapon,"Les Fresholtz, Dick Alexander, Vern Poore, Bill Nelson",True
SOUND MIXING,RoboCop,"Michael J. Kohut, Carlos de Larios, Aaron Rochin, Robert Wald",True
SOUND MIXING,The Witches of Eastwick,"Wayne Artman, Tom Beckert, Tom Dahl, Art Rochester",True
VISUAL EFFECTS,Innerspace,"Dennis Muren, William George, Harley Jessup, Kenneth Smith",True
VISUAL EFFECTS,Predator,"Joel Hynek, Robert M. Greenberg, Richard Greenberg, Stan Winston",True
WRITING (Adapted Screenplay),The Dead,Tony Huston,True
WRITING (Adapted Screenplay),Fatal Attraction,James Dearden,True
WRITING (Adapted Screenplay),Full Metal Jacket,"Stanley Kubrick, Michael Herr, Gustav Hasford",True
WRITING (Adapted Screenplay),The Last Emperor,"Mark Peploe, Bernardo Bertolucci",True
WRITING (Adapted Screenplay),My Life as a Dog,"Lasse Hallström, Reidar Jönsson, Brasse Brännström, Per Berglund",True
WRITING (Original Screenplay),"Au Revoir Les Enfants (Goodbye, Children)",Louis Malle,True
WRITING (Original Screenplay),Broadcast News,James L. Brooks,True
WRITING (Original Screenplay),Hope and Glory,John Boorman,True
WRITING (Original Screenplay),Moonstruck,John Patrick Shanley,True
WRITING (Original Screenplay),Radio Days,Woody Allen,True
SPECIAL ACHIEVEMENT AWARD (Sound Effects Editing),RoboCop,"Stephen Flick, John Pospisil",True
ACTOR IN A LEADING ROLE,Mississippi Burning,Gene Hackman,True
ACTOR IN A LEADING ROLE,Big,Tom Hanks,True
ACTOR IN A LEADING ROLE,Rain Man,Dustin Hoffman,True
ACTOR IN A LEADING ROLE,Stand and Deliver,Edward James Olmos,True
ACTOR IN A LEADING ROLE,Pelle the Conqueror,Max von Sydow,True
ACTOR IN A SUPPORTING ROLE,Little Dorrit,Alec Guinness,True
ACTOR IN A SUPPORTING ROLE,A Fish Called Wanda,Kevin Kline,True
ACTOR IN A SUPPORTING ROLE,Tucker The Man and His Dream,Martin Landau,True
ACTOR IN A SUPPORTING ROLE,Running on Empty,River Phoenix,True
ACTOR IN A SUPPORTING ROLE,Married to the Mob,Dean Stockwell,True
ACTRESS IN A LEADING ROLE,Dangerous Liaisons,Glenn Close,True
ACTRESS IN A LEADING ROLE,The Accused,Jodie Foster,True
ACTRESS IN A LEADING ROLE,Working Girl,Melanie Griffith,True
ACTRESS IN A LEADING ROLE,A Cry in the Dark,Meryl Streep,True
ACTRESS IN A LEADING ROLE,Gorillas in the Mist,Sigourney Weaver,True
ACTRESS IN A SUPPORTING ROLE,Working Girl,Joan Cusack,True
ACTRESS IN A SUPPORTING ROLE,The Accidental Tourist,Geena Davis,True
ACTRESS IN A SUPPORTING ROLE,Mississippi Burning,Frances McDormand,True
ACTRESS IN A SUPPORTING ROLE,Dangerous Liaisons,Michelle Pfeiffer,True
ACTRESS IN A SUPPORTING ROLE,Working Girl,Sigourney Weaver,True
ART DIRECTION,Beaches,Art Direction: Albert Brenner; Set Decoration: Garrett Lewis,True
ART DIRECTION,Dangerous Liaisons,Art Direction: Stuart Craig; Set Decoration: Gerard James,True
ART DIRECTION,Rain Man,Art Direction: Ida Random; Set Decoration: Linda DeScenna,True
ART DIRECTION,Tucker The Man and His Dream,Art Direction: Dean Tavoularis; Set Decoration: Armin Ganz,True
ART DIRECTION,Who Framed Roger Rabbit,Art Direction: Elliot Scott; Set Decoration: Peter Howitt,True
CINEMATOGRAPHY,Mississippi Burning,Peter Biziou,True
CINEMATOGRAPHY,Rain Man,John Seale,True
CINEMATOGRAPHY,Tequila Sunrise,Conrad L. Hall,True
CINEMATOGRAPHY,The Unbearable Lightness of Being,Sven Nykvist,True
CINEMATOGRAPHY,Who Framed Roger Rabbit,Dean Cundey,True
COSTUME DESIGN,Coming to America,Deborah Nadoolman,True
COSTUME DESIGN,Dangerous Liaisons,James Acheson,True
COSTUME DESIGN,A Handful of Dust,Jane Robinson,True
COSTUME DESIGN,Sunset,Patricia Norris,True
COSTUME DESIGN,Tucker The Man and His Dream,Milena Canonero,True
DIRECTING,A Fish Called Wanda,Charles Crichton,True
DIRECTING,The Last Temptation of Christ,Martin Scorsese,True
DIRECTING,Mississippi Burning,Alan Parker,True
DIRECTING,Rain Man,Barry Levinson,True
DIRECTING,Working Girl,Mike Nichols,True
DOCUMENTARY (Feature),The Cry of Reason - Beyers Naudé: An Afrikaner Speaks Out,"Robert Bilheimer and Ronald Mix, Producers",True
DOCUMENTARY (Feature),Hotel Terminus: The Life and Times of Klaus Barbie,"Marcel Ophuls, Producer",True
DOCUMENTARY (Feature),Let's Get Lost,"Bruce Weber and Nan Bush, Producers",True
DOCUMENTARY (Feature),Promises to Keep,"Ginny Durrin, Producer",True
DOCUMENTARY (Feature),Who Killed Vincent Chin?,"Renee Tajima and Christine Choy, Producers",True
DOCUMENTARY (Short Subject),The Children's Storefront,"Karen Goodman, Producer",True
DOCUMENTARY (Short Subject),Family Gathering,"Lise Yasui and Ann Tegnell, Producers",True
DOCUMENTARY (Short Subject),Gang Cops,"Thomas B. Fleming and Daniel J. Marks, Producers",True
DOCUMENTARY (Short Subject),Portrait of Imogen,"Nancy Hale and Meg Partridge, Producers",True
DOCUMENTARY (Short Subject),You Don't Have to Die,"William Guttentag and Malcolm Clarke, Producers",True
FILM EDITING,Die Hard,"Frank J. Urioste, John F. Link",True
FILM EDITING,Gorillas in the Mist,Stuart Baird,True
FILM EDITING,Mississippi Burning,Gerry Hambling,True
FILM EDITING,Rain Man,Stu Linder,True
FILM EDITING,Who Framed Roger Rabbit,Arthur Schmidt,True
INTERNATIONAL FEATURE FILM,Hanussen,Hungary,True
INTERNATIONAL FEATURE FILM,The Music Teacher,Belgium,True
INTERNATIONAL FEATURE FILM,Pelle the Conqueror,Denmark,True
INTERNATIONAL FEATURE FILM,Salaam Bombay!,India,True
INTERNATIONAL FEATURE FILM,Women on the Verge of a Nervous Breakdown,Spain,True
MAKEUP AND HAIRSTYLING,Beetlejuice,"Ve Neill, Steve La Porte, Robert Short",True
MAKEUP AND HAIRSTYLING,Coming to America,Rick Baker,True
MAKEUP AND HAIRSTYLING,Scrooged,"Tom Burman, Bari Dreiband-Burman",True
MUSIC (Original Score),The Accidental Tourist,John Williams,True
MUSIC (Original Score),Dangerous Liaisons,George Fenton,True
MUSIC (Original Score),Gorillas in the Mist,Maurice Jarre,True
MUSIC (Original Score),The Milagro Beanfield War,Dave Grusin,True
MUSIC (Original Score),Rain Man,Hans Zimmer,True
MUSIC (Original Song),Bagdad Cafe,Music and Lyric by Bob Telson,True
MUSIC (Original Song),Working Girl,Music and Lyric by Carly Simon,True
MUSIC (Original Song),Buster,Music by Lamont Dozier; Lyric by Phil Collins,True
BEST PICTURE,The Accidental Tourist,"Lawrence Kasdan, Charles Okun and Michael Grillo, Producers",True
BEST PICTURE,Dangerous Liaisons,"Norma Heyman and Hank Moonjean, Producers",True
BEST PICTURE,Mississippi Burning,"Frederick Zollo and Robert F. Colesberry, Producers",True
BEST PICTURE,Rain Man,"Mark Johnson, Producer",True
BEST PICTURE,Working Girl,"Douglas Wick, Producer",True
SHORT FILM (Animated),The Cat Came Back,Cordell Barker,True
SHORT FILM (Animated),Technological Threat,"Bill Kroyer, Brian Jennings",True
SHORT FILM (Animated),Tin Toy,"John Lasseter, William Reeves",True
SHORT FILM (Live Action),The Appointments of Dennis Jennings,"Dean Parisot, Steven Wright",True
SHORT FILM (Live Action),Cadillac Dreams,"Matia Karrell, Abbee Goldstein",True
SHORT FILM (Live Action),Gullah Tales,"George deGolian, Gary Moss",True
SOUND MIXING,Bird,"Les Fresholtz, Dick Alexander, Vern Poore, Willie D. Burton",True
SOUND MIXING,Die Hard,"Don Bassman, Kevin F. Cleary, Richard Overton, Al Overton",True
SOUND MIXING,Gorillas in the Mist,"Andy Nelson, Brian Saunders, Peter Handford",True
SOUND MIXING,Mississippi Burning,"Robert Litt, Elliot Tyson, Rick Kline, Danny Michael",True
SOUND MIXING,Who Framed Roger Rabbit,"Robert Knudson, John Boyd, Don Digirolamo, Tony Dawe",True
SOUND EDITING,Die Hard,"Stephen H. Flick, Richard Shorr",True
SOUND EDITING,Who Framed Roger Rabbit,"Charles L. Campbell, Louis L. Edemann",True
SOUND EDITING,Willow,"Ben Burtt, Richard Hymns",True
VISUAL EFFECTS,Die Hard,"Richard Edlund, Al DiSarro, Brent Boates, Thaine Morris",True
VISUAL EFFECTS,Who Framed Roger Rabbit,"Ken Ralston, Richard Williams, Edward Jones, George Gibbs",True
VISUAL EFFECTS,Willow,"Dennis Muren, Michael McAlister, Phil Tippett, Chris Evans",True
WRITING (Adapted Screenplay),The Accidental Tourist,"Frank Galati, Lawrence Kasdan",True
WRITING (Adapted Screenplay),Dangerous Liaisons,Christopher Hampton,True
WRITING (Adapted Screenplay),Gorillas in the Mist,"Screenplay by Anna Hamilton Phelan; Story by Anna Hamilton Phelan, Tab Murphy",True
WRITING (Adapted Screenplay),Little Dorrit,Christine Edzard,True
WRITING (Adapted Screenplay),The Unbearable Lightness of Being,"Jean-Claude Carrière, Philip Kaufman",True
WRITING (Original Screenplay),Big,"Gary Ross, Anne Spielberg",True
WRITING (Original Screenplay),Bull Durham,Ron Shelton,True
WRITING (Original Screenplay),A Fish Called Wanda,"Screenplay by John Cleese; Story by John Cleese, Charles Crichton",True
WRITING (Original Screenplay),Rain Man,"Screenplay by Ronald Bass, Barry Morrow; Story by Barry Morrow",True
WRITING (Original Screenplay),Running on Empty,Naomi Foner,True
SPECIAL ACHIEVEMENT AWARD,Who Framed Roger Rabbit,nan,True
ACTOR IN A LEADING ROLE,Henry V,Kenneth Branagh,True
ACTOR IN A LEADING ROLE,Born on the Fourth of July,Tom Cruise,True
ACTOR IN A LEADING ROLE,My Left Foot,Daniel Day Lewis,True
ACTOR IN A LEADING ROLE,Driving Miss Daisy,Morgan Freeman,True
ACTOR IN A LEADING ROLE,Dead Poets Society,Robin Williams,True
ACTOR IN A SUPPORTING ROLE,Do the Right Thing,Danny Aiello,True
ACTOR IN A SUPPORTING ROLE,Driving Miss Daisy,Dan Aykroyd,True
ACTOR IN A SUPPORTING ROLE,A Dry White Season,Marlon Brando,True
ACTOR IN A SUPPORTING ROLE,Crimes and Misdemeanors,Martin Landau,True
ACTOR IN A SUPPORTING ROLE,Glory,Denzel Washington,True
ACTRESS IN A LEADING ROLE,Camille Claudel,Isabelle Adjani,True
ACTRESS IN A LEADING ROLE,Shirley Valentine,Pauline Collins,True
ACTRESS IN A LEADING ROLE,Music Box,Jessica Lange,True
ACTRESS IN A LEADING ROLE,The Fabulous Baker Boys,Michelle Pfeiffer,True
ACTRESS IN A LEADING ROLE,Driving Miss Daisy,Jessica Tandy,True
ACTRESS IN A SUPPORTING ROLE,My Left Foot,Brenda Fricker,True
ACTRESS IN A SUPPORTING ROLE,"Enemies, A Love Story",Anjelica Huston,True
ACTRESS IN A SUPPORTING ROLE,"Enemies, A Love Story",Lena Olin,True
ACTRESS IN A SUPPORTING ROLE,Steel Magnolias,Julia Roberts,True
ACTRESS IN A SUPPORTING ROLE,Parenthood,Dianne Wiest,True
ART DIRECTION,The Abyss,Art Direction: Leslie Dilley; Set Decoration: Anne Kuljian,True
ART DIRECTION,The Adventures of Baron Munchausen,Art Direction: Dante Ferretti; Set Decoration: Francesca Lo Schiavo,True
ART DIRECTION,Batman,Art Direction: Anton Furst; Set Decoration: Peter Young,True
ART DIRECTION,Driving Miss Daisy,Art Direction: Bruno Rubeo; Set Decoration: Crispian Sallis,True
ART DIRECTION,Glory,Art Direction: Norman Garwood; Set Decoration: Garrett Lewis,True
CINEMATOGRAPHY,The Abyss,Mikael Salomon,True
CINEMATOGRAPHY,Blaze,Haskell Wexler,True
CINEMATOGRAPHY,Born on the Fourth of July,Robert Richardson,True
CINEMATOGRAPHY,The Fabulous Baker Boys,Michael Ballhaus,True
CINEMATOGRAPHY,Glory,Freddie Francis,True
COSTUME DESIGN,The Adventures of Baron Munchausen,Gabriella Pescucci,True
COSTUME DESIGN,Driving Miss Daisy,Elizabeth McBride,True
COSTUME DESIGN,Harlem Nights,Joe I. Tompkins,True
COSTUME DESIGN,Henry V,Phyllis Dalton,True
COSTUME DESIGN,Valmont,Theodor Pistek,True
DIRECTING,Born on the Fourth of July,Oliver Stone,True
DIRECTING,Crimes and Misdemeanors,Woody Allen,True
DIRECTING,Dead Poets Society,Peter Weir,True
DIRECTING,Henry V,Kenneth Branagh,True
DIRECTING,My Left Foot,Jim Sheridan,True
DOCUMENTARY (Feature),Adam Clayton Powell,"Richard Kilberg and Yvonne Smith, Producers",True
DOCUMENTARY (Feature),Common Threads: Stories from the Quilt,"Robert Epstein and Bill Couturié, Producers",True
DOCUMENTARY (Feature),Crack USA: County under Siege,"Vince DiPersio and William Guttentag, Producers",True
DOCUMENTARY (Feature),For All Mankind,"Al Reinert and Betsy Broyles Breier, Producers",True
DOCUMENTARY (Feature),Super Chief: The Life and Legacy of Earl Warren,"Judith Leonard and Bill Jersey, Producers",True
DOCUMENTARY (Short Subject),"Fine Food, Fine Pastries, Open 6 to 9","David Petersen, Producer",True
DOCUMENTARY (Short Subject),The Johnstown Flood,"Charles Guggenheim, Producer",True
DOCUMENTARY (Short Subject),Yad Vashem: Preserving the Past to Ensure the Future,"Ray Errol Fox, Producer",True
FILM EDITING,The Bear,Noëlle Boisson,True
FILM EDITING,Born on the Fourth of July,"David Brenner, Joe Hutshing",True
FILM EDITING,Driving Miss Daisy,Mark Warner,True
FILM EDITING,The Fabulous Baker Boys,William Steinkamp,True
FILM EDITING,Glory,Steven Rosenblum,True
INTERNATIONAL FEATURE FILM,Camille Claudel,France,True
INTERNATIONAL FEATURE FILM,Cinema Paradiso,Italy,True
INTERNATIONAL FEATURE FILM,Jesus of Montreal,Canada,True
INTERNATIONAL FEATURE FILM,Waltzing Regitze,Denmark,True
INTERNATIONAL FEATURE FILM,What Happened to Santiago,Puerto Rico,True
MAKEUP AND HAIRSTYLING,The Adventures of Baron Munchausen,"Maggie Weston, Fabrizio Sforza",True
MAKEUP AND HAIRSTYLING,Dad,"Dick Smith, Ken Diaz, Greg Nelson",True
MAKEUP AND HAIRSTYLING,Driving Miss Daisy,"Manlio Rocchetti, Lynn Barber, Kevin Haney",True
MUSIC (Original Score),Born on the Fourth of July,John Williams,True
MUSIC (Original Score),The Fabulous Baker Boys,David Grusin,True
MUSIC (Original Score),Field of Dreams,James Horner,True
MUSIC (Original Score),Indiana Jones and the Last Crusade,John Williams,True
MUSIC (Original Score),The Little Mermaid,Alan Menken,True
MUSIC (Original Song),Chances Are,Music by Tom Snow; Lyric by Dean Pitchford,True
MUSIC (Original Song),Shirley Valentine,Music by Marvin Hamlisch; Lyric by Alan Bergman and Marilyn Bergman,True
MUSIC (Original Song),Parenthood,Music and Lyric by Randy Newman,True
MUSIC (Original Song),The Little Mermaid,Music by Alan Menken; Lyric by Howard Ashman,True
BEST PICTURE,Born on the Fourth of July,"A. Kitman Ho and Oliver Stone, Producers",True
BEST PICTURE,Dead Poets Society,"Steven Haft, Paul Junger Witt and Tony Thomas, Producers",True
BEST PICTURE,Driving Miss Daisy,"Richard D. Zanuck and Lili Fini Zanuck, Producers",True
BEST PICTURE,Field of Dreams,"Lawrence Gordon and Charles Gordon, Producers",True
BEST PICTURE,My Left Foot,"Noel Pearson, Producer",True
SHORT FILM (Animated),Balance,"Christoph Lauenstein, Wolfgang Lauenstein",True
SHORT FILM (Animated),The Cow,Alexander Petrov,True
SHORT FILM (Animated),The Hill Farm,Mark Baker,True
SHORT FILM (Live Action),Amazon Diary,Robert Nixon,True
SHORT FILM (Live Action),The Childeater,Jonathan Tammuz,True
SHORT FILM (Live Action),Work Experience,James Hendrie,True
SOUND MIXING,The Abyss,"Don Bassman, Kevin F. Cleary, Richard Overton, Lee Orloff",True
SOUND MIXING,Black Rain,"Donald O. Mitchell, Kevin O'Connell, Greg P. Russell, Keith A. Wester",True
SOUND MIXING,Born on the Fourth of July,"Michael Minkler, Gregory H. Watkins, Wylie Stateman, Tod A. Maitland",True
SOUND MIXING,Glory,"Donald O. Mitchell, Gregg C. Rudloff, Elliot Tyson, Russell Williams II",True
SOUND MIXING,Indiana Jones and the Last Crusade,"Ben Burtt, Gary Summers, Shawn Murphy, Tony Dawe",True
SOUND EDITING,Black Rain,"Milton C. Burrow, William L. Manger",True
SOUND EDITING,Indiana Jones and the Last Crusade,"Ben Burtt, Richard Hymns",True
SOUND EDITING,Lethal Weapon 2,"Robert Henderson, Alan Robert Murray",True
VISUAL EFFECTS,The Abyss,"John Bruno, Dennis Muren, Hoyt Yeatman, Dennis Skotak",True
VISUAL EFFECTS,The Adventures of Baron Munchausen,"Richard Conway, Kent Houston",True
VISUAL EFFECTS,Back to the Future Part II,"Ken Ralston, Michael Lantieri, John Bell, Steve Gawley",True
WRITING (Adapted Screenplay),Born on the Fourth of July,"Oliver Stone, Ron Kovic",True
WRITING (Adapted Screenplay),Driving Miss Daisy,Alfred Uhry,True
WRITING (Adapted Screenplay),"Enemies, A Love Story","Roger L. Simon, Paul Mazursky",True
WRITING (Adapted Screenplay),Field of Dreams,Phil Alden Robinson,True
WRITING (Adapted Screenplay),My Left Foot,"Jim Sheridan, Shane Connaughton",True
WRITING (Original Screenplay),Crimes and Misdemeanors,Woody Allen,True
WRITING (Original Screenplay),Dead Poets Society,Tom Schulman,True
WRITING (Original Screenplay),Do the Right Thing,Spike Lee,True
WRITING (Original Screenplay),"sex, lies, and videotape",Steven Soderbergh,True
WRITING (Original Screenplay),When Harry Met Sally...,Nora Ephron,True
ACTOR IN A LEADING ROLE,Dances With Wolves,Kevin Costner,True
ACTOR IN A LEADING ROLE,Awakenings,Robert De Niro,True
ACTOR IN A LEADING ROLE,Cyrano de Bergerac,Gerard Depardieu,True
ACTOR IN A LEADING ROLE,The Field,Richard Harris,True
ACTOR IN A LEADING ROLE,Reversal of Fortune,Jeremy Irons,True
ACTOR IN A SUPPORTING ROLE,Longtime Companion,Bruce Davison,True
ACTOR IN A SUPPORTING ROLE,"The Godfather, Part III",Andy Garcia,True
ACTOR IN A SUPPORTING ROLE,Dances With Wolves,Graham Greene,True
ACTOR IN A SUPPORTING ROLE,Dick Tracy,Al Pacino,True
ACTOR IN A SUPPORTING ROLE,Good Fellas,Joe Pesci,True
ACTRESS IN A LEADING ROLE,Misery,Kathy Bates,True
ACTRESS IN A LEADING ROLE,The Grifters,Anjelica Huston,True
ACTRESS IN A LEADING ROLE,Pretty Woman,Julia Roberts,True
ACTRESS IN A LEADING ROLE,Postcards from the Edge,Meryl Streep,True
ACTRESS IN A LEADING ROLE,Mr. & Mrs. Bridge,Joanne Woodward,True
ACTRESS IN A SUPPORTING ROLE,The Grifters,Annette Bening,True
ACTRESS IN A SUPPORTING ROLE,Good Fellas,Lorraine Bracco,True
ACTRESS IN A SUPPORTING ROLE,Ghost,Whoopi Goldberg,True
ACTRESS IN A SUPPORTING ROLE,Wild at Heart,Diane Ladd,True
ACTRESS IN A SUPPORTING ROLE,Dances With Wolves,Mary McDonnell,True
ART DIRECTION,Cyrano de Bergerac,Art Direction: Ezio Frigerio; Set Decoration: Jacques Rouxel,True
ART DIRECTION,Dances With Wolves,Art Direction: Jeffrey Beecroft; Set Decoration: Lisa Dean,True
ART DIRECTION,Dick Tracy,Art Direction: Richard Sylbert; Set Decoration: Rick Simpson,True
ART DIRECTION,"The Godfather, Part III",Art Direction: Dean Tavoularis; Set Decoration: Gary Fettis,True
ART DIRECTION,Hamlet,Art Direction: Dante Ferretti; Set Decoration: Francesca Lo Schiavo,True
CINEMATOGRAPHY,Avalon,Allen Daviau,True
CINEMATOGRAPHY,Dances With Wolves,Dean Semler,True
CINEMATOGRAPHY,Dick Tracy,Vittorio Storaro,True
CINEMATOGRAPHY,"The Godfather, Part III",Gordon Willis,True
CINEMATOGRAPHY,Henry & June,Philippe Rousselot,True
COSTUME DESIGN,Avalon,Gloria Gresham,True
COSTUME DESIGN,Cyrano de Bergerac,Franca Squarciapino,True
COSTUME DESIGN,Dances With Wolves,Elsa Zamparelli,True
COSTUME DESIGN,Dick Tracy,Milena Canonero,True
COSTUME DESIGN,Hamlet,Maurizio Millenotti,True
DIRECTING,Dances With Wolves,Kevin Costner,True
DIRECTING,"The Godfather, Part III",Francis Ford Coppola,True
DIRECTING,Good Fellas,Martin Scorsese,True
DIRECTING,The Grifters,Stephen Frears,True
DIRECTING,Reversal of Fortune,Barbet Schroeder,True
DOCUMENTARY (Feature),American Dream,"Barbara Kopple and Arthur Cohn, Producers",True
DOCUMENTARY (Feature),Berkeley in the Sixties,"Mark Kitchell, Producer",True
DOCUMENTARY (Feature),Building Bombs,"Mark Mori and Susan Robinson, Producers",True
DOCUMENTARY (Feature),Forever Activists: Stories from the Veterans of the Abraham Lincoln Brigade,"Judith Montell, Producer",True
DOCUMENTARY (Feature),Waldo Salt: A Screenwriter's Journey,"Robert Hillmann and Eugene Corr, Producers",True
DOCUMENTARY (Short Subject),Burning Down Tomorrow,"Kit Thomas, Producer",True
DOCUMENTARY (Short Subject),Chimps: So Like Us,"Karen Goodman and Kirk Simon, Producers",True
DOCUMENTARY (Short Subject),Days of Waiting,"Steven Okazaki, Producer",True
DOCUMENTARY (Short Subject),Journey into Life: The World of the Unborn,"Derek Bromhall, Producer",True
DOCUMENTARY (Short Subject),Rose Kennedy: A Life to Remember,"Freida Lee Mock and Terry Sanders, Producers",True
FILM EDITING,Dances With Wolves,Neil Travis,True
FILM EDITING,Ghost,Walter Murch,True
FILM EDITING,"The Godfather, Part III","Barry Malkin, Lisa Fruchtman, Walter Murch",True
FILM EDITING,Good Fellas,Thelma Schoonmaker,True
FILM EDITING,The Hunt for Red October,"Dennis Virkler, John Wright",True
INTERNATIONAL FEATURE FILM,Cyrano de Bergerac,France,True
INTERNATIONAL FEATURE FILM,Journey of Hope,Switzerland,True
INTERNATIONAL FEATURE FILM,Ju Dou,People's Republic of China,True
INTERNATIONAL FEATURE FILM,The Nasty Girl,Germany,True
INTERNATIONAL FEATURE FILM,Open Doors,Italy,True
MAKEUP AND HAIRSTYLING,Cyrano de Bergerac,"Michèle Burke, Jean-Pierre Eychenne",True
MAKEUP AND HAIRSTYLING,Dick Tracy,"John Caglione, Jr., Doug Drexler",True
MAKEUP AND HAIRSTYLING,Edward Scissorhands,"Ve Neill, Stan Winston",True
MUSIC (Original Score),Avalon,Randy Newman,True
MUSIC (Original Score),Dances With Wolves,John Barry,True
MUSIC (Original Score),Ghost,Maurice Jarre,True
MUSIC (Original Score),Havana,David Grusin,True
MUSIC (Original Score),Home Alone,John Williams,True
MUSIC (Original Song),Young Guns II,Music and Lyric by Jon Bon Jovi,True
MUSIC (Original Song),Postcards from the Edge,Music and Lyric by Shel Silverstein,True
MUSIC (Original Song),"The Godfather, Part III",Music by Carmine Coppola; Lyric by John Bettis,True
MUSIC (Original Song),Home Alone,Music by John Williams; Lyric by Leslie Bricusse,True
MUSIC (Original Song),Dick Tracy,Music and Lyric by Stephen Sondheim,True
BEST PICTURE,Awakenings,"Walter F. Parkes and Lawrence Lasker, Producers",True
BEST PICTURE,Dances With Wolves,"Jim Wilson and Kevin Costner, Producers",True
BEST PICTURE,Ghost,"Lisa Weinstein, Producer",True
BEST PICTURE,"The Godfather, Part III","Francis Ford Coppola, Producer",True
BEST PICTURE,Good Fellas,"Irwin Winkler, Producer",True
SHORT FILM (Animated),Creature Comforts,Nick Park,True
SHORT FILM (Animated),A Grand Day Out,Nick Park,True
SHORT FILM (Animated),Grasshoppers (Cavallette),Bruno Bozzetto,True
SHORT FILM (Live Action),Bronx Cheers,"Raymond De Felitta, Matthew Gross",True
SHORT FILM (Live Action),Dear Rosie,"Peter Cattaneo, Barnaby Thompson",True
SHORT FILM (Live Action),The Lunch Date,Adam Davidson,True
SHORT FILM (Live Action),Senzeni Na? (What Have We Done?),"Bernard Joffa, Anthony E. Nicholas",True
SHORT FILM (Live Action),12:01 PM,"Hillary Ripps, Jonathan Heap",True
SOUND MIXING,Dances With Wolves,"Jeffrey Perkins, Bill W. Benton, Greg Watkins, Russell Williams II",True
SOUND MIXING,Days of Thunder,"Donald O. Mitchell, Rick Kline, Kevin O'Connell, Charles Wilborn",True
SOUND MIXING,Dick Tracy,"Chris Jenkins, David E. Campbell, D. M. Hemphill, Thomas Causey",True
SOUND MIXING,The Hunt for Red October,"Don Bassman, Richard Overton, Kevin F. Cleary, Richard Bryce Goodman",True
SOUND MIXING,Total Recall,"Michael J. Kohut, Carlos de Larios, Aaron Rochin, Nelson Stoll",True
SOUND EDITING,Flatliners,"Charles L. Campbell, Richard Franklin",True
SOUND EDITING,The Hunt for Red October,"Cecelia Hall, George Watters II",True
SOUND EDITING,Total Recall,Stephen H. Flick,True
WRITING (Adapted Screenplay),Awakenings,Steven Zaillian,True
WRITING (Adapted Screenplay),Dances With Wolves,Michael Blake,True
WRITING (Adapted Screenplay),Good Fellas,"Nicholas Pileggi, Martin Scorsese",True
WRITING (Adapted Screenplay),The Grifters,Donald E. Westlake,True
WRITING (Adapted Screenplay),Reversal of Fortune,Nicholas Kazan,True
WRITING (Original Screenplay),Alice,Woody Allen,True
WRITING (Original Screenplay),Avalon,Barry Levinson,True
WRITING (Original Screenplay),Ghost,Bruce Joel Rubin,True
WRITING (Original Screenplay),Green Card,Peter Weir,True
WRITING (Original Screenplay),Metropolitan,Whit Stillman,True
SPECIAL ACHIEVEMENT AWARD (Visual Effects),Total Recall,"Eric Brevig, Rob Bottin, Tim McGovern, Alex Funke",True
ACTOR IN A LEADING ROLE,Bugsy,Warren Beatty,True
ACTOR IN A LEADING ROLE,Cape Fear,Robert De Niro,True
ACTOR IN A LEADING ROLE,The Silence of the Lambs,Anthony Hopkins,True
ACTOR IN A LEADING ROLE,The Prince of Tides,Nick Nolte,True
ACTOR IN A LEADING ROLE,The Fisher King,Robin Williams,True
ACTOR IN A SUPPORTING ROLE,JFK,Tommy Lee Jones,True
ACTOR IN A SUPPORTING ROLE,Bugsy,Harvey Keitel,True
ACTOR IN A SUPPORTING ROLE,Bugsy,Ben Kingsley,True
ACTOR IN A SUPPORTING ROLE,Barton Fink,Michael Lerner,True
ACTOR IN A SUPPORTING ROLE,City Slickers,Jack Palance,True
ACTRESS IN A LEADING ROLE,Thelma & Louise,Geena Davis,True
ACTRESS IN A LEADING ROLE,Rambling Rose,Laura Dern,True
ACTRESS IN A LEADING ROLE,The Silence of the Lambs,Jodie Foster,True
ACTRESS IN A LEADING ROLE,For the Boys,Bette Midler,True
ACTRESS IN A LEADING ROLE,Thelma & Louise,Susan Sarandon,True
ACTRESS IN A SUPPORTING ROLE,Rambling Rose,Diane Ladd,True
ACTRESS IN A SUPPORTING ROLE,Cape Fear,Juliette Lewis,True
ACTRESS IN A SUPPORTING ROLE,The Prince of Tides,Kate Nelligan,True
ACTRESS IN A SUPPORTING ROLE,The Fisher King,Mercedes Ruehl,True
ACTRESS IN A SUPPORTING ROLE,Fried Green Tomatoes,Jessica Tandy,True
ART DIRECTION,Barton Fink,Art Direction: Dennis Gassner; Set Decoration: Nancy Haigh,True
ART DIRECTION,Bugsy,Art Direction: Dennis Gassner; Set Decoration: Nancy Haigh,True
ART DIRECTION,The Fisher King,Art Direction: Mel Bourne; Set Decoration: Cindy Carr,True
ART DIRECTION,Hook,Art Direction: Norman Garwood; Set Decoration: Garrett Lewis,True
ART DIRECTION,The Prince of Tides,Art Direction: Paul Sylbert; Set Decoration: Caryl Heller,True
CINEMATOGRAPHY,Bugsy,Allen Daviau,True
CINEMATOGRAPHY,JFK,Robert Richardson,True
CINEMATOGRAPHY,The Prince of Tides,Stephen Goldblatt,True
CINEMATOGRAPHY,Terminator 2: Judgment Day,Adam Greenberg,True
CINEMATOGRAPHY,Thelma & Louise,Adrian Biddle,True
COSTUME DESIGN,The Addams Family,Ruth Myers,True
COSTUME DESIGN,Barton Fink,Richard Hornung,True
COSTUME DESIGN,Bugsy,Albert Wolsky,True
COSTUME DESIGN,Hook,Anthony Powell,True
COSTUME DESIGN,Madame Bovary,Corinne Jorry,True
DIRECTING,Boyz N the Hood,John Singleton,True
DIRECTING,Bugsy,Barry Levinson,True
DIRECTING,JFK,Oliver Stone,True
DIRECTING,The Silence of the Lambs,Jonathan Demme,True
DIRECTING,Thelma & Louise,Ridley Scott,True
DOCUMENTARY (Feature),Death on the Job,"Vince DiPersio and William Guttentag, Producers",True
DOCUMENTARY (Feature),Doing Time: Life inside the Big House,"Alan Raymond and Susan Raymond, Producers",True
DOCUMENTARY (Feature),In the Shadow of the Stars,"Allie Light and Irving Saraf, Producers",True
DOCUMENTARY (Feature),The Restless Conscience,"Hava Kohav Beller, Producer",True
DOCUMENTARY (Feature),Wild by Law,"Lawrence Hott and Diane Garey, Producers",True
DOCUMENTARY (Short Subject),Birdnesters of Thailand (aka 'Shadow Hunters'),"Eric Valli and Alain Majani, Producers",True
DOCUMENTARY (Short Subject),"Deadly Deception: General Electric, Nuclear Weapons and Our Environment","Debra Chasnoff, Producer",True
DOCUMENTARY (Short Subject),A Little Vicious,"Immy Humes, Producer",True
DOCUMENTARY (Short Subject),The Mark of the Maker,"David McGowan, Producer",True
DOCUMENTARY (Short Subject),Memorial: Letters from American Soldiers,"Bill Couturié and Bernard Edelman, Producers",True
FILM EDITING,The Commitments,Gerry Hambling,True
FILM EDITING,JFK,"Joe Hutshing, Pietro Scalia",True
FILM EDITING,The Silence of the Lambs,Craig McKay,True
FILM EDITING,Terminator 2: Judgment Day,"Conrad Buff, Mark Goldblatt, Richard A. Harris",True
FILM EDITING,Thelma & Louise,Thom Noble,True
INTERNATIONAL FEATURE FILM,Children of Nature,Iceland,True
INTERNATIONAL FEATURE FILM,The Elementary School,Czechoslovakia,True
INTERNATIONAL FEATURE FILM,Mediterraneo,Italy,True
INTERNATIONAL FEATURE FILM,The Ox,Sweden,True
INTERNATIONAL FEATURE FILM,Raise the Red Lantern,Hong Kong,True
MAKEUP AND HAIRSTYLING,Hook,"Christina Smith, Monty Westmore, Greg Cannom",True
MAKEUP AND HAIRSTYLING,Star Trek VI The Undiscovered Country,"Michael Mills, Edward French, Richard Snell",True
MAKEUP AND HAIRSTYLING,Terminator 2: Judgment Day,"Stan Winston, Jeff Dawn",True
MUSIC (Original Score),Beauty and the Beast,Alan Menken,True
MUSIC (Original Score),Bugsy,Ennio Morricone,True
MUSIC (Original Score),The Fisher King,George Fenton,True
MUSIC (Original Score),JFK,John Williams,True
MUSIC (Original Score),The Prince of Tides,James Newton Howard,True
MUSIC (Original Song),Hook,Music by John Williams; Lyric by Leslie Bricusse,True
MUSIC (Original Song),Beauty and the Beast,Music by Alan Menken; Lyric by Howard Ashman,True
MUSIC (Original Song),Robin Hood: Prince of Thieves,Music by Michael Kamen; Lyric by Bryan Adams and Robert John Lange,True
BEST PICTURE,Beauty and the Beast,"Don Hahn, Producer",True
BEST PICTURE,Bugsy,"Mark Johnson, Barry Levinson and Warren Beatty, Producers",True
BEST PICTURE,JFK,"A. Kitman Ho and Oliver Stone, Producers",True
BEST PICTURE,The Prince of Tides,"Barbra Streisand and Andrew Karsch, Producers",True
BEST PICTURE,The Silence of the Lambs,"Edward Saxon, Kenneth Utt and Ron Bozman, Producers",True
SHORT FILM (Animated),Blackfly,Christopher Hinton,True
SHORT FILM (Animated),Manipulation,Daniel Greaves,True
SHORT FILM (Animated),Strings,Wendy Tilby,True
SHORT FILM (Live Action),Birch Street Gym,"Stephen Kessler, Thomas R. Conroy",True
SHORT FILM (Live Action),Last Breeze of Summer,David M. Massey,True
SHORT FILM (Live Action),Session Man,"Seth Winston, Rob Fried",True
SOUND MIXING,Backdraft,"Gary Summers, Randy Thom, Gary Rydstrom, Glenn Williams",True
SOUND MIXING,Beauty and the Beast,"Terry Porter, Mel Metcalfe, David J. Hudson, Doc Kane",True
SOUND MIXING,JFK,"Michael Minkler, Gregg Landaker, Tod A. Maitland",True
SOUND MIXING,The Silence of the Lambs,"Tom Fleischman, Christopher Newman",True
SOUND MIXING,Terminator 2: Judgment Day,"Tom Johnson, Gary Rydstrom, Gary Summers, Lee Orloff",True
SOUND EDITING,Backdraft,"Gary Rydstrom, Richard Hymns",True
SOUND EDITING,Star Trek VI The Undiscovered Country,"George Watters II, F. Hudson Miller",True
SOUND EDITING,Terminator 2: Judgment Day,"Gary Rydstrom, Gloria S. Borders",True
VISUAL EFFECTS,Backdraft,"Mikael Salomon, Allen Hall, Clay Pinney, Scott Farrar",True
VISUAL EFFECTS,Hook,"Eric Brevig, Harley Jessup, Mark Sullivan, Michael Lantieri",True
VISUAL EFFECTS,Terminator 2: Judgment Day,"Dennis Muren, Stan Winston, Gene Warren, Jr., Robert Skotak",True
WRITING (Adapted Screenplay),Europa Europa,Agnieszka Holland,True
WRITING (Adapted Screenplay),Fried Green Tomatoes,"Fannie Flagg, Carol Sobieski",True
WRITING (Adapted Screenplay),JFK,"Oliver Stone, Zachary Sklar",True
WRITING (Adapted Screenplay),The Prince of Tides,"Pat Conroy, Becky Johnston",True
WRITING (Adapted Screenplay),The Silence of the Lambs,Ted Tally,True
WRITING (Original Screenplay),Boyz N the Hood,John Singleton,True
WRITING (Original Screenplay),Bugsy,James Toback,True
WRITING (Original Screenplay),The Fisher King,Richard LaGravenese,True
WRITING (Original Screenplay),Grand Canyon,"Lawrence Kasdan, Meg Kasdan",True
WRITING (Original Screenplay),Thelma & Louise,Callie Khouri,True
ACTOR IN A LEADING ROLE,Chaplin,Robert Downey Jr.,True
ACTOR IN A LEADING ROLE,Unforgiven,Clint Eastwood,True
ACTOR IN A LEADING ROLE,Scent of a Woman,Al Pacino,True
ACTOR IN A LEADING ROLE,The Crying Game,Stephen Rea,True
ACTOR IN A LEADING ROLE,Malcolm X,Denzel Washington,True
ACTOR IN A SUPPORTING ROLE,The Crying Game,Jaye Davidson,True
ACTOR IN A SUPPORTING ROLE,Unforgiven,Gene Hackman,True
ACTOR IN A SUPPORTING ROLE,A Few Good Men,Jack Nicholson,True
ACTOR IN A SUPPORTING ROLE,Glengarry Glen Ross,Al Pacino,True
ACTOR IN A SUPPORTING ROLE,Mr. Saturday Night,David Paymer,True
ACTRESS IN A LEADING ROLE,Indochine,Catherine Deneuve,True
ACTRESS IN A LEADING ROLE,Passion Fish,Mary McDonnell,True
ACTRESS IN A LEADING ROLE,Love Field,Michelle Pfeiffer,True
ACTRESS IN A LEADING ROLE,Lorenzo's Oil,Susan Sarandon,True
ACTRESS IN A LEADING ROLE,Howards End,Emma Thompson,True
ACTRESS IN A SUPPORTING ROLE,Husbands and Wives,Judy Davis,True
ACTRESS IN A SUPPORTING ROLE,Enchanted April,Joan Plowright,True
ACTRESS IN A SUPPORTING ROLE,Howards End,Vanessa Redgrave,True
ACTRESS IN A SUPPORTING ROLE,Damage,Miranda Richardson,True
ACTRESS IN A SUPPORTING ROLE,My Cousin Vinny,Marisa Tomei,True
ART DIRECTION,Bram Stoker's Dracula,Art Direction: Thomas Sanders; Set Decoration: Garrett Lewis,True
ART DIRECTION,Chaplin,Art Direction: Stuart Craig; Set Decoration: Chris A. Butler,True
ART DIRECTION,Howards End,Art Direction: Luciana Arrighi; Set Decoration: Ian Whittaker,True
ART DIRECTION,Toys,Art Direction: Ferdinando Scarfiotti; Set Decoration: Linda DeScenna,True
ART DIRECTION,Unforgiven,Art Direction: Henry Bumstead; Set Decoration: Janice Blackie-Goodine,True
CINEMATOGRAPHY,Hoffa,Stephen H. Burum,True
CINEMATOGRAPHY,Howards End,Tony Pierce-Roberts,True
CINEMATOGRAPHY,The Lover,Robert Fraisse,True
CINEMATOGRAPHY,A River Runs through It,Philippe Rousselot,True
CINEMATOGRAPHY,Unforgiven,Jack N. Green,True
COSTUME DESIGN,Bram Stoker's Dracula,Eiko Ishioka,True
COSTUME DESIGN,Enchanted April,Sheena Napier,True
COSTUME DESIGN,Howards End,"Jenny Beavan, John Bright",True
COSTUME DESIGN,Malcolm X,Ruth Carter,True
COSTUME DESIGN,Toys,Albert Wolsky,True
DIRECTING,The Crying Game,Neil Jordan,True
DIRECTING,Howards End,James Ivory,True
DIRECTING,The Player,Robert Altman,True
DIRECTING,Scent of a Woman,Martin Brest,True
DIRECTING,Unforgiven,Clint Eastwood,True
DOCUMENTARY (Feature),Changing Our Minds: The Story of Dr. Evelyn Hooker,"David Haugland, Producer",True
DOCUMENTARY (Feature),Fires of Kuwait,"Sally Dundas, Producer",True
DOCUMENTARY (Feature),Liberators: Fighting on Two Fronts in World War II,"William Miles and Nina Rosenblum, Producers",True
DOCUMENTARY (Feature),Music for the Movies: Bernard Herrmann,"Margaret Smilow and Roma Baran, Producers",True
DOCUMENTARY (Feature),The Panama Deception,"Barbara Trent and David Kasper, Producers",True
DOCUMENTARY (Short Subject),At the Edge of Conquest: The Journey of Chief Wai-Wai,"Geoffrey O'Connor, Producer",True
DOCUMENTARY (Short Subject),Beyond Imagining: Margaret Anderson and the 'Little Review',"Wendy L. Weinberg, Producer",True
DOCUMENTARY (Short Subject),The Colours of My Father: A Portrait of Sam Borenstein,"Richard Elson and Sally Bochner, Producers",True
DOCUMENTARY (Short Subject),Educating Peter,"Thomas C. Goodwin and Gerardine Wurzburg, Producers",True
DOCUMENTARY (Short Subject),When Abortion Was Illegal: Untold Stories,"Dorothy Fadiman, Producer",True
FILM EDITING,Basic Instinct,Frank J. Urioste,True
FILM EDITING,The Crying Game,Kant Pan,True
FILM EDITING,A Few Good Men,Robert Leighton,True
FILM EDITING,The Player,Geraldine Peroni,True
FILM EDITING,Unforgiven,Joel Cox,True
INTERNATIONAL FEATURE FILM,Close to Eden,Russia,True
INTERNATIONAL FEATURE FILM,Daens,Belgium,True
INTERNATIONAL FEATURE FILM,Indochine,France,True
INTERNATIONAL FEATURE FILM,A Place in the World,Uruguay,True
INTERNATIONAL FEATURE FILM,Schtonk!,Germany,True
MAKEUP AND HAIRSTYLING,Batman Returns,"Ve Neill, Ronnie Specter, Stan Winston",True
MAKEUP AND HAIRSTYLING,Bram Stoker's Dracula,"Greg Cannom, Michèle Burke, Matthew W. Mungle",True
MAKEUP AND HAIRSTYLING,Hoffa,"Ve Neill, Greg Cannom, John Blake",True
MUSIC (Original Score),Aladdin,Alan Menken,True
MUSIC (Original Score),Basic Instinct,Jerry Goldsmith,True
MUSIC (Original Score),Chaplin,John Barry,True
MUSIC (Original Score),Howards End,Richard Robbins,True
MUSIC (Original Score),A River Runs through It,Mark Isham,True
MUSIC (Original Song),The Mambo Kings,Music by Robert Kraft; Lyric by Arne Glimcher,True
MUSIC (Original Song),Aladdin,Music by Alan Menken; Lyric by Howard Ashman,True
MUSIC (Original Song),The Bodyguard,Music by David Foster; Lyric by Linda Thompson,True
MUSIC (Original Song),The Bodyguard,Music by Jud Friedman; Lyric by Allan Rich,True
MUSIC (Original Song),Aladdin,Music by Alan Menken; Lyric by Tim Rice,True
BEST PICTURE,The Crying Game,"Stephen Woolley, Producer",True
BEST PICTURE,A Few Good Men,"David Brown, Rob Reiner and Andrew Scheinman, Producers",True
BEST PICTURE,Howards End,"Ismail Merchant, Producer",True
BEST PICTURE,Scent of a Woman,"Martin Brest, Producer",True
BEST PICTURE,Unforgiven,"Clint Eastwood, Producer",True
SHORT FILM (Animated),Adam,Peter Lord,True
SHORT FILM (Animated),Mona Lisa Descending a Staircase,Joan C. Gratz,True
SHORT FILM (Animated),"Reci, Reci, Reci... (Words, Words, Words)",Michaela Pavlátová,True
SHORT FILM (Animated),The Sandman,Paul Berry,True
SHORT FILM (Animated),Screen Play,Barry J.C. Purves,True
SHORT FILM (Live Action),Contact,"Jonathan Darby, Jana Sue Memel",True
SHORT FILM (Live Action),Cruise Control,Matt Palmieri,True
SHORT FILM (Live Action),The Lady in Waiting,Christian M. Taylor,True
SHORT FILM (Live Action),Omnibus,Sam Karmann,True
SHORT FILM (Live Action),Swan Song,"Kenneth Branagh, David Parfitt",True
SOUND MIXING,Aladdin,"Terry Porter, Mel Metcalfe, David J. Hudson, Doc Kane",True
SOUND MIXING,A Few Good Men,"Kevin O'Connell, Rick Kline, Bob Eber",True
SOUND MIXING,The Last of the Mohicans,"Chris Jenkins, Doug Hemphill, Mark Smith, Simon Kaye",True
SOUND MIXING,Under Siege,"Don Mitchell, Frank A. Montaño, Rick Hart, Scott Smith",True
SOUND MIXING,Unforgiven,"Les Fresholtz, Vern Poore, Dick Alexander, Rob Young",True
SOUND EDITING,Aladdin,Mark Mangini,True
SOUND EDITING,Bram Stoker's Dracula,"Tom C. McCarthy, David E. Stone",True
SOUND EDITING,Under Siege,"John Leveque, Bruce Stambler",True
VISUAL EFFECTS,Alien 3,"Richard Edlund, Alec Gillis, Tom Woodruff, Jr., George Gibbs",True
VISUAL EFFECTS,Batman Returns,"Michael Fink, Craig Barron, John Bruno, Dennis Skotak",True
VISUAL EFFECTS,Death Becomes Her,"Ken Ralston, Doug Chiang, Doug Smythe, Tom Woodruff, Jr.",True
WRITING (Adapted Screenplay),Enchanted April,Peter Barnes,True
WRITING (Adapted Screenplay),Howards End,Ruth Prawer Jhabvala,True
WRITING (Adapted Screenplay),The Player,Michael Tolkin,True
WRITING (Adapted Screenplay),A River Runs through It,Richard Friedenberg,True
WRITING (Adapted Screenplay),Scent of a Woman,Bo Goldman,True
WRITING (Original Screenplay),The Crying Game,Neil Jordan,True
WRITING (Original Screenplay),Husbands and Wives,Woody Allen,True
WRITING (Original Screenplay),Lorenzo's Oil,"George Miller, Nick Enright",True
WRITING (Original Screenplay),Passion Fish,John Sayles,True
WRITING (Original Screenplay),Unforgiven,David Webb Peoples,True
ACTOR IN A LEADING ROLE,In the Name of the Father,Daniel Day-Lewis,True
ACTOR IN A LEADING ROLE,What's Love Got to Do with It,Laurence Fishburne,True
ACTOR IN A LEADING ROLE,Philadelphia,Tom Hanks,True
ACTOR IN A LEADING ROLE,The Remains of the Day,Anthony Hopkins,True
ACTOR IN A LEADING ROLE,Schindler's List,Liam Neeson,True
ACTOR IN A SUPPORTING ROLE,What's Eating Gilbert Grape,Leonardo DiCaprio,True
ACTOR IN A SUPPORTING ROLE,Schindler's List,Ralph Fiennes,True
ACTOR IN A SUPPORTING ROLE,The Fugitive,Tommy Lee Jones,True
ACTOR IN A SUPPORTING ROLE,In the Line of Fire,John Malkovich,True
ACTOR IN A SUPPORTING ROLE,In the Name of the Father,Pete Postlethwaite,True
ACTRESS IN A LEADING ROLE,What's Love Got to Do with It,Angela Bassett,True
ACTRESS IN A LEADING ROLE,Six Degrees of Separation,Stockard Channing,True
ACTRESS IN A LEADING ROLE,The Piano,Holly Hunter,True
ACTRESS IN A LEADING ROLE,The Remains of the Day,Emma Thompson,True
ACTRESS IN A LEADING ROLE,Shadowlands,Debra Winger,True
ACTRESS IN A SUPPORTING ROLE,The Firm,Holly Hunter,True
ACTRESS IN A SUPPORTING ROLE,The Piano,Anna Paquin,True
ACTRESS IN A SUPPORTING ROLE,Fearless,Rosie Perez,True
ACTRESS IN A SUPPORTING ROLE,The Age of Innocence,Winona Ryder,True
ACTRESS IN A SUPPORTING ROLE,In the Name of the Father,Emma Thompson,True
ART DIRECTION,Addams Family Values,Art Direction: Ken Adam; Set Decoration: Marvin March,True
ART DIRECTION,The Age of Innocence,Art Direction: Dante Ferretti; Set Decoration: Robert J. Franco,True
ART DIRECTION,Orlando,"Art Direction: Ben Van Os, Jan Roelfs",True
ART DIRECTION,The Remains of the Day,Art Direction: Luciana Arrighi; Set Decoration: Ian Whittaker,True
ART DIRECTION,Schindler's List,Art Direction: Allan Starski; Set Decoration: Ewa Braun,True
CINEMATOGRAPHY,Farewell My Concubine,Gu Changwei,True
CINEMATOGRAPHY,The Fugitive,Michael Chapman,True
CINEMATOGRAPHY,The Piano,Stuart Dryburgh,True
CINEMATOGRAPHY,Schindler's List,Janusz Kaminski,True
CINEMATOGRAPHY,Searching for Bobby Fischer,Conrad L. Hall,True
COSTUME DESIGN,The Age of Innocence,Gabriella Pescucci,True
COSTUME DESIGN,Orlando,Sandy Powell,True
COSTUME DESIGN,The Piano,Janet Patterson,True
COSTUME DESIGN,The Remains of the Day,"Jenny Beavan, John Bright",True
COSTUME DESIGN,Schindler's List,Anna Biedrzycka-Sheppard,True
DIRECTING,In the Name of the Father,Jim Sheridan,True
DIRECTING,The Piano,Jane Campion,True
DIRECTING,The Remains of the Day,James Ivory,True
DIRECTING,Schindler's List,Steven Spielberg,True
DIRECTING,Short Cuts,Robert Altman,True
DOCUMENTARY (Feature),The Broadcast Tapes of Dr. Peter,"David Paperny, Arthur Ginsberg",True
DOCUMENTARY (Feature),Children of Fate,"Susan Todd, Andrew Young",True
DOCUMENTARY (Feature),For Better or for Worse,"David Collier, Betsy Thompson",True
DOCUMENTARY (Feature),I Am a Promise: The Children of Stanton Elementary School,"Susan Raymond, Alan Raymond",True
DOCUMENTARY (Feature),The War Room,"D.A. Pennebaker, Chris Hegedus",True
DOCUMENTARY (Short Subject),Blood Ties: The Life and Work of Sally Mann,"Steven Cantor, Peter Spirer",True
DOCUMENTARY (Short Subject),Chicks in White Satin,"Elaine Holliman, Jason Schneider",True
DOCUMENTARY (Short Subject),Defending Our Lives,"Margaret Lazarus, Renner Wunderlich",True
FILM EDITING,The Fugitive,"Dennis Virkler, David Finfer, Dean Goodhill, Don Brochu, Richard Nord, Dov Hoenig",True
FILM EDITING,In the Line of Fire,Anne V. Coates,True
FILM EDITING,In the Name of the Father,Gerry Hambling,True
FILM EDITING,The Piano,Veronika Jenet,True
FILM EDITING,Schindler's List,Michael Kahn,True
INTERNATIONAL FEATURE FILM,Belle Epoque,Spain,True
INTERNATIONAL FEATURE FILM,Farewell My Concubine,Hong Kong,True
INTERNATIONAL FEATURE FILM,Hedd Wyn,United Kingdom,True
INTERNATIONAL FEATURE FILM,The Scent of Green Papaya,Vietnam,True
INTERNATIONAL FEATURE FILM,The Wedding Banquet,Taiwan,True
MAKEUP AND HAIRSTYLING,Mrs. Doubtfire,"Greg Cannom, Ve Neill, Yolanda Toussieng",True
MAKEUP AND HAIRSTYLING,Philadelphia,"Carl Fullerton, Alan D'Angerio",True
MAKEUP AND HAIRSTYLING,Schindler's List,"Christina Smith, Matthew Mungle, Judy Alexander Cory",True
MUSIC (Original Score),The Age of Innocence,Elmer Bernstein,True
MUSIC (Original Score),The Firm,Dave Grusin,True
MUSIC (Original Score),The Fugitive,James Newton Howard,True
MUSIC (Original Score),The Remains of the Day,Richard Robbins,True
MUSIC (Original Score),Schindler's List,John Williams,True
MUSIC (Original Song),Poetic Justice,"Music and Lyric by Janet Jackson, James Harris III and Terry Lewis",True
MUSIC (Original Song),Beethoven's 2nd,"Music and Lyric by Carole Bayer Sager, James Ingram and Clif Magness",True
MUSIC (Original Song),Philadelphia,Music and Lyric by Neil Young,True
MUSIC (Original Song),Philadelphia,Music and Lyric by Bruce Springsteen,True
MUSIC (Original Song),Sleepless in Seattle,Music by Marc Shaiman; Lyric by Ramsey McLean,True
BEST PICTURE,The Fugitive,"Arnold Kopelson, Producer",True
BEST PICTURE,In the Name of the Father,"Jim Sheridan, Producer",True
BEST PICTURE,The Piano,"Jan Chapman, Producer",True
BEST PICTURE,The Remains of the Day,"Mike Nichols, John Calley and Ismail Merchant, Producers",True
BEST PICTURE,Schindler's List,"Steven Spielberg, Gerald R. Molen and Branko Lustig, Producers",True
SHORT FILM (Animated),Blindscape,Stephen Palmer,True
SHORT FILM (Animated),The Mighty River,"Frédéric Back, Hubert Tison",True
SHORT FILM (Animated),Small Talk,"Bob Godfrey, Kevin Baldwin",True
SHORT FILM (Animated),The Village,Mark Baker,True
SHORT FILM (Animated),The Wrong Trousers,Nick Park,True
SHORT FILM (Live Action),Black Rider (Schwarzfahrer),Pepe Danquart,True
SHORT FILM (Live Action),Down on the Waterfront,"Stacy Title, Jonathan Penner",True
SHORT FILM (Live Action),The Dutch Master,"Susan Seidelman, Jonathan Brett",True
SHORT FILM (Live Action),Partners,"Peter Weller, Jana Sue Memel",True
SHORT FILM (Live Action),The Screw (La Vis),Didier Flamand,True
SOUND MIXING,Cliffhanger,"Michael Minkler, Bob Beemer, Tim Cooney",True
SOUND MIXING,The Fugitive,"Donald O. Mitchell, Michael Herbick, Frank A. Montaño, Scott D. Smith",True
SOUND MIXING,Geronimo: An American Legend,"Chris Carpenter, D. M. Hemphill, Bill W. Benton, Lee Orloff",True
SOUND MIXING,Jurassic Park,"Gary Summers, Gary Rydstrom, Shawn Murphy, Ron Judkins",True
SOUND MIXING,Schindler's List,"Andy Nelson, Steve Pederson, Scott Millan, Ron Judkins",True
SOUND EDITING,Cliffhanger,"Wylie Stateman, Gregg Baxter",True
SOUND EDITING,The Fugitive,"John Leveque, Bruce Stambler",True
SOUND EDITING,Jurassic Park,"Gary Rydstrom, Richard Hymns",True
VISUAL EFFECTS,Cliffhanger,"Neil Krepela, John Richardson, John Bruno, Pamela Easley",True
VISUAL EFFECTS,Jurassic Park,"Dennis Muren, Stan Winston, Phil Tippett, Michael Lantieri",True
VISUAL EFFECTS,The Nightmare before Christmas,"Pete Kozachik, Eric Leighton, Ariel Velasco Shaw, Gordon Baker",True
WRITING (Adapted Screenplay),The Age of Innocence,"Jay Cocks, Martin Scorsese",True
WRITING (Adapted Screenplay),In the Name of the Father,"Terry George, Jim Sheridan",True
WRITING (Adapted Screenplay),The Remains of the Day,Ruth Prawer Jhabvala,True
WRITING (Adapted Screenplay),Schindler's List,Steven Zaillian,True
WRITING (Adapted Screenplay),Shadowlands,William Nicholson,True
WRITING (Original Screenplay),Dave,Gary Ross,True
WRITING (Original Screenplay),In the Line of Fire,Jeff Maguire,True
WRITING (Original Screenplay),Philadelphia,Ron Nyswaner,True
WRITING (Original Screenplay),The Piano,Jane Campion,True
WRITING (Original Screenplay),Sleepless in Seattle,"Screenplay by Nora Ephron, David S. Ward, Jeff Arch; Story by Jeff Arch",True
ACTOR IN A LEADING ROLE,The Shawshank Redemption,Morgan Freeman,True
ACTOR IN A LEADING ROLE,Forrest Gump,Tom Hanks,True
ACTOR IN A LEADING ROLE,The Madness of King George,Nigel Hawthorne,True
ACTOR IN A LEADING ROLE,Nobody's Fool,Paul Newman,True
ACTOR IN A LEADING ROLE,Pulp Fiction,John Travolta,True
ACTOR IN A SUPPORTING ROLE,Pulp Fiction,Samuel L. Jackson,True
ACTOR IN A SUPPORTING ROLE,Ed Wood,Martin Landau,True
ACTOR IN A SUPPORTING ROLE,Bullets over Broadway,Chazz Palminteri,True
ACTOR IN A SUPPORTING ROLE,Quiz Show,Paul Scofield,True
ACTOR IN A SUPPORTING ROLE,Forrest Gump,Gary Sinise,True
ACTRESS IN A LEADING ROLE,Nell,Jodie Foster,True
ACTRESS IN A LEADING ROLE,Blue Sky,Jessica Lange,True
ACTRESS IN A LEADING ROLE,Tom & Viv,Miranda Richardson,True
ACTRESS IN A LEADING ROLE,Little Women,Winona Ryder,True
ACTRESS IN A LEADING ROLE,The Client,Susan Sarandon,True
ACTRESS IN A SUPPORTING ROLE,Tom & Viv,Rosemary Harris,True
ACTRESS IN A SUPPORTING ROLE,The Madness of King George,Helen Mirren,True
ACTRESS IN A SUPPORTING ROLE,Pulp Fiction,Uma Thurman,True
ACTRESS IN A SUPPORTING ROLE,Bullets over Broadway,Jennifer Tilly,True
ACTRESS IN A SUPPORTING ROLE,Bullets over Broadway,Dianne Wiest,True
ART DIRECTION,Bullets over Broadway,Art Direction: Santo Loquasto; Set Decoration: Susan Bode,True
ART DIRECTION,Forrest Gump,Art Direction: Rick Carter; Set Decoration: Nancy Haigh,True
ART DIRECTION,Interview with the Vampire,Art Direction: Dante Ferretti; Set Decoration: Francesca Lo Schiavo,True
ART DIRECTION,Legends of the Fall,Art Direction: Lilly Kilvert; Set Decoration: Dorree Cooper,True
ART DIRECTION,The Madness of King George,Art Direction: Ken Adam; Set Decoration: Carolyn Scott,True
CINEMATOGRAPHY,Forrest Gump,Don Burgess,True
CINEMATOGRAPHY,Legends of the Fall,John Toll,True
CINEMATOGRAPHY,Red,Piotr Sobocinski,True
CINEMATOGRAPHY,The Shawshank Redemption,Roger Deakins,True
CINEMATOGRAPHY,Wyatt Earp,Owen Roizman,True
COSTUME DESIGN,"The Adventures of Priscilla, Queen of the Desert","Lizzy Gardiner, Tim Chappel",True
COSTUME DESIGN,Bullets over Broadway,Jeffrey Kurland,True
COSTUME DESIGN,Little Women,Colleen Atwood,True
COSTUME DESIGN,Maverick,April Ferry,True
COSTUME DESIGN,Queen Margot,Moidele Bickel,True
DIRECTING,Bullets over Broadway,Woody Allen,True
DIRECTING,Forrest Gump,Robert Zemeckis,True
DIRECTING,Pulp Fiction,Quentin Tarantino,True
DIRECTING,Quiz Show,Robert Redford,True
DIRECTING,Red,Krzysztof Kieslowski,True
DOCUMENTARY (Feature),Complaints of a Dutiful Daughter,Deborah Hoffmann,True
DOCUMENTARY (Feature),D-Day Remembered,Charles Guggenheim,True
DOCUMENTARY (Feature),Freedom on My Mind,"Connie Field, Marilyn Mulford",True
DOCUMENTARY (Feature),A Great Day in Harlem,Jean Bach,True
DOCUMENTARY (Feature),Maya Lin: A Strong Clear Vision,"Freida Lee Mock, Terry Sanders",True
DOCUMENTARY (Short Subject),Blues Highway,"Vince DiPersio, Bill Guttentag",True
DOCUMENTARY (Short Subject),89mm od Europy (89mm from Europe),Marcel Lozinski,True
DOCUMENTARY (Short Subject),School of Assassins,Robert Richter,True
DOCUMENTARY (Short Subject),Straight from the Heart,"Dee Mosbacher, Frances Reid",True
DOCUMENTARY (Short Subject),A Time for Justice,Charles Guggenheim,True
FILM EDITING,Forrest Gump,Arthur Schmidt,True
FILM EDITING,Hoop Dreams,"Frederick Marx, Steve James, Bill Haugse",True
FILM EDITING,Pulp Fiction,Sally Menke,True
FILM EDITING,The Shawshank Redemption,Richard Francis-Bruce,True
FILM EDITING,Speed,John Wright,True
INTERNATIONAL FEATURE FILM,Before the Rain,The Former Yugoslav Republic of Macedonia,True
INTERNATIONAL FEATURE FILM,Burnt by the Sun,Russia,True
INTERNATIONAL FEATURE FILM,Eat Drink Man Woman,Taiwan,True
INTERNATIONAL FEATURE FILM,Farinelli: Il Castrato,Belgium,True
INTERNATIONAL FEATURE FILM,Strawberry and Chocolate,Cuba,True
MAKEUP AND HAIRSTYLING,Ed Wood,"Rick Baker, Ve Neill, Yolanda Toussieng",True
MAKEUP AND HAIRSTYLING,Forrest Gump,"Daniel C. Striepeke, Hallie D'Amore, Judith A. Cory",True
MAKEUP AND HAIRSTYLING,Mary Shelley's Frankenstein,"Daniel Parker, Paul Engelen, Carol Hemming",True
MUSIC (Original Score),Forrest Gump,Alan Silvestri,True
MUSIC (Original Score),Interview with the Vampire,Elliot Goldenthal,True
MUSIC (Original Score),The Lion King,Hans Zimmer,True
MUSIC (Original Score),Little Women,Thomas Newman,True
MUSIC (Original Score),The Shawshank Redemption,Thomas Newman,True
MUSIC (Original Song),The Lion King,Music by Elton John; Lyric by Tim Rice,True
MUSIC (Original Song),Junior,"Music and Lyric by Carole Bayer Sager, James Newton Howard, James Ingram and Patty Smyth",True
MUSIC (Original Song),The Paper,Music and Lyric by Randy Newman,True
BEST PICTURE,Forrest Gump,"Wendy Finerman, Steve Tisch and Steve Starkey, Producers",True
BEST PICTURE,Four Weddings and a Funeral,"Duncan Kenworthy, Producer",True
BEST PICTURE,Pulp Fiction,"Lawrence Bender, Producer",True
BEST PICTURE,Quiz Show,"Robert Redford, Michael Jacobs, Julian Krainin and Michael Nozik, Producers",True
BEST PICTURE,The Shawshank Redemption,"Niki Marvin, Producer",True
SHORT FILM (Animated),The Big Story,"Tim Watts, David Stoten",True
SHORT FILM (Animated),Bob's Birthday,"Alison Snowden, David Fine",True
SHORT FILM (Animated),The Janitor,Vanessa Schwartz,True
SHORT FILM (Animated),The Monk and the Fish,Michael Dudok de Wit,True
SHORT FILM (Animated),Triangle,Erica Russell,True
SHORT FILM (Live Action),Franz Kafka's It's a Wonderful Life,"Peter Capaldi, Ruth Kenley-Letts",True
SHORT FILM (Live Action),Kangaroo Court,"Sean Astin, Christine Astin",True
SHORT FILM (Live Action),On Hope,"JoBeth Williams, Michele McGuire",True
SHORT FILM (Live Action),Syrup,"Paul Unwin, Nick Vivian",True
SHORT FILM (Live Action),Trevor,"Peggy Rajski, Randy Stone",True
SOUND MIXING,Clear and Present Danger,"Donald O. Mitchell, Michael Herbick, Frank A. Montaño, Arthur Rochester",True
SOUND MIXING,Forrest Gump,"Randy Thom, Tom Johnson, Dennis Sands, William B. Kaplan",True
SOUND MIXING,Legends of the Fall,"Paul Massey, David Campbell, Christopher David, Douglas Ganton",True
SOUND MIXING,The Shawshank Redemption,"Robert J. Litt, Elliot Tyson, Michael Herbick, Willie Burton",True
SOUND MIXING,Speed,"Gregg Landaker, Steve Maslow, Bob Beemer, David R. B. MacMillan",True
SOUND EDITING,Clear and Present Danger,"Bruce Stambler, John Leveque",True
SOUND EDITING,Forrest Gump,"Gloria S. Borders, Randy Thom",True
SOUND EDITING,Speed,Stephen Hunter Flick,True
VISUAL EFFECTS,Forrest Gump,"Ken Ralston, George Murphy, Stephen Rosenbaum, Allen Hall",True
VISUAL EFFECTS,The Mask,"Scott Squires, Steve Williams, Tom Bertino, Jon Farhat",True
VISUAL EFFECTS,True Lies,"John Bruno, Thomas L. Fisher, Jacques Stroweis, Patrick McClung",True
WRITING (Adapted Screenplay),Forrest Gump,Eric Roth,True
WRITING (Adapted Screenplay),The Madness of King George,Alan Bennett,True
WRITING (Adapted Screenplay),Nobody's Fool,Robert Benton,True
WRITING (Adapted Screenplay),Quiz Show,Paul Attanasio,True
WRITING (Adapted Screenplay),The Shawshank Redemption,Frank Darabont,True
WRITING (Original Screenplay),Bullets over Broadway,"Woody Allen, Douglas McGrath",True
WRITING (Original Screenplay),Four Weddings and a Funeral,Richard Curtis,True
WRITING (Original Screenplay),Heavenly Creatures,"Frances Walsh, Peter Jackson",True
WRITING (Original Screenplay),Pulp Fiction,Screenplay by Quentin Tarantino; Stories by Quentin Tarantino & Roger Avary,True
WRITING (Original Screenplay),Red,"Krzysztof Piesiewicz, Krzysztof Kieslowski",True
ACTOR IN A LEADING ROLE,Leaving Las Vegas,Nicolas Cage,True
ACTOR IN A LEADING ROLE,Mr. Holland's Opus,Richard Dreyfuss,True
ACTOR IN A LEADING ROLE,Nixon,Anthony Hopkins,True
ACTOR IN A LEADING ROLE,Dead Man Walking,Sean Penn,True
ACTOR IN A LEADING ROLE,The Postman (Il Postino),Massimo Troisi,True
ACTOR IN A SUPPORTING ROLE,Babe,James Cromwell,True
ACTOR IN A SUPPORTING ROLE,Apollo 13,Ed Harris,True
ACTOR IN A SUPPORTING ROLE,12 Monkeys,Brad Pitt,True
ACTOR IN A SUPPORTING ROLE,Rob Roy,Tim Roth,True
ACTOR IN A SUPPORTING ROLE,The Usual Suspects,Kevin Spacey,True
ACTRESS IN A LEADING ROLE,Dead Man Walking,Susan Sarandon,True
ACTRESS IN A LEADING ROLE,Leaving Las Vegas,Elisabeth Shue,True
ACTRESS IN A LEADING ROLE,Casino,Sharon Stone,True
ACTRESS IN A LEADING ROLE,The Bridges of Madison County,Meryl Streep,True
ACTRESS IN A LEADING ROLE,Sense and Sensibility,Emma Thompson,True
ACTRESS IN A SUPPORTING ROLE,Nixon,Joan Allen,True
ACTRESS IN A SUPPORTING ROLE,Apollo 13,Kathleen Quinlan,True
ACTRESS IN A SUPPORTING ROLE,Mighty Aphrodite,Mira Sorvino,True
ACTRESS IN A SUPPORTING ROLE,Georgia,Mare Winningham,True
ACTRESS IN A SUPPORTING ROLE,Sense and Sensibility,Kate Winslet,True
ART DIRECTION,Apollo 13,Art Direction: Michael Corenblith; Set Decoration: Merideth Boswell,True
ART DIRECTION,Babe,Art Direction: Roger Ford; Set Decoration: Kerrie Brown,True
ART DIRECTION,A Little Princess,Art Direction: Bo Welch; Set Decoration: Cheryl Carasik,True
ART DIRECTION,Restoration,Eugenio Zanetti,True
ART DIRECTION,Richard III,Tony Burrough,True
CINEMATOGRAPHY,Batman Forever,Stephen Goldblatt,True
CINEMATOGRAPHY,Braveheart,John Toll,True
CINEMATOGRAPHY,A Little Princess,Emmanuel Lubezki,True
CINEMATOGRAPHY,Sense and Sensibility,Michael Coulter,True
CINEMATOGRAPHY,Shanghai Triad,Lu Yue,True
COSTUME DESIGN,Braveheart,Charles Knode,True
COSTUME DESIGN,Restoration,James Acheson,True
COSTUME DESIGN,Richard III,Shuna Harwood,True
COSTUME DESIGN,Sense and Sensibility,"Jenny Beavan, John Bright",True
COSTUME DESIGN,12 Monkeys,Julie Weiss,True
DIRECTING,Babe,Chris Noonan,True
DIRECTING,Braveheart,Mel Gibson,True
DIRECTING,Dead Man Walking,Tim Robbins,True
DIRECTING,Leaving Las Vegas,Mike Figgis,True
DIRECTING,The Postman (Il Postino),Michael Radford,True
DOCUMENTARY (Feature),Anne Frank Remembered,Jon Blair,True
DOCUMENTARY (Feature),The Battle over Citizen Kane,"Thomas Lennon, Michael Epstein",True
DOCUMENTARY (Feature),Fiddlefest--Roberta Tzavaras and Her East Harlem Violin Program,"Allan Miller, Walter Scheuer",True
DOCUMENTARY (Feature),Hank Aaron: Chasing the Dream,"Mike Tollin, Fredric Golding",True
DOCUMENTARY (Feature),Troublesome Creek: A Midwestern,"Jeanne Jordan, Steven Ascher",True
DOCUMENTARY (Short Subject),Jim Dine: A Self-Portrait on the Walls,"Nancy Dine, Richard Stilwell",True
DOCUMENTARY (Short Subject),The Living Sea,"Greg MacGillivray, Alec Lorimore",True
DOCUMENTARY (Short Subject),Never Give Up: The 20th Century Odyssey of Herbert Zipper,"Terry Sanders, Freida Lee Mock",True
DOCUMENTARY (Short Subject),One Survivor Remembers,Kary Antholis,True
DOCUMENTARY (Short Subject),The Shadow of Hate,Charles Guggenheim,True
FILM EDITING,Apollo 13,"Mike Hill, Dan Hanley",True
FILM EDITING,Babe,"Marcus D'Arcy, Jay Friedkin",True
FILM EDITING,Braveheart,Steven Rosenblum,True
FILM EDITING,Crimson Tide,Chris Lebenzon,True
FILM EDITING,Seven,Richard Francis-Bruce,True
INTERNATIONAL FEATURE FILM,All Things Fair,Sweden,True
INTERNATIONAL FEATURE FILM,Antonia's Line,The Netherlands,True
INTERNATIONAL FEATURE FILM,Dust of Life,Algeria,True
INTERNATIONAL FEATURE FILM,O Quatrilho,Brazil,True
INTERNATIONAL FEATURE FILM,The Star Maker,Italy,True
MAKEUP AND HAIRSTYLING,Braveheart,"Peter Frampton, Paul Pattison, Lois Burwell",True
MAKEUP AND HAIRSTYLING,"My Family, Mi Familia","Ken Diaz, Mark Sanchez",True
MAKEUP AND HAIRSTYLING,Roommates,"Greg Cannom, Bob Laden, Colleen Callaghan",True
MUSIC (Original Score),Apollo 13,James Horner,True
MUSIC (Original Score),Braveheart,James Horner,True
MUSIC (Original Score),Nixon,John Williams,True
MUSIC (Original Score),The Postman (Il Postino),Luis Enrique Bacalov,True
MUSIC (Original Score),Sense and Sensibility,Patrick Doyle,True
MUSIC (Original Song Score or Adaptation Score),The American President,Marc Shaiman,True
MUSIC (Original Song Score or Adaptation Score),Pocahontas,Music by Alan Menken; Lyrics by Stephen Schwartz; Orchestral Score by Alan Menken,True
MUSIC (Original Song Score or Adaptation Score),Sabrina,John Williams,True
MUSIC (Original Song Score or Adaptation Score),Toy Story,Randy Newman,True
MUSIC (Original Song Score or Adaptation Score),Unstrung Heroes,Thomas Newman,True
MUSIC (Original Song),Pocahontas,Music by Alan Menken; Lyric by Stephen Schwartz,True
MUSIC (Original Song),Dead Man Walking,Music and Lyric by Bruce Springsteen,True
MUSIC (Original Song),Don Juan DeMarco,"Music and Lyric by Michael Kamen, Bryan Adams and Robert John Lange",True
MUSIC (Original Song),Sabrina,Music by John Williams; Lyric by Alan Bergman and Marilyn Bergman,True
MUSIC (Original Song),Toy Story,Music and Lyric by Randy Newman,True
BEST PICTURE,Apollo 13,"Brian Grazer, Producer",True
BEST PICTURE,Babe,"George Miller, Doug Mitchell and Bill Miller, Producers",True
BEST PICTURE,Braveheart,"Mel Gibson, Alan Ladd, Jr. and Bruce Davey, Producers",True
BEST PICTURE,The Postman (Il Postino),"Mario Cecchi Gori, Vittorio Cecchi Gori and Gaetano Daniele, Producers",True
BEST PICTURE,Sense and Sensibility,"Lindsay Doran, Producer",True
SHORT FILM (Animated),The Chicken from Outer Space,John R. Dilworth,True
SHORT FILM (Animated),A Close Shave,Nick Park,True
SHORT FILM (Animated),the end,"Chris Landreth, Robin Bargar",True
SHORT FILM (Animated),Gagarin,Alexij Kharitidi,True
SHORT FILM (Animated),Runaway Brain,Chris Bailey,True
SHORT FILM (Live Action),Brooms,"Luke Cresswell, Steve McNicholas",True
SHORT FILM (Live Action),Duke of Groove,"Griffin Dunne, Thom Colwell",True
SHORT FILM (Live Action),Lieberman in Love,"Christine Lahti, Jana Sue Memel",True
SHORT FILM (Live Action),Little Surprises,"Jeff Goldblum, Tikki Goldberg",True
SHORT FILM (Live Action),Tuesday Morning Ride,"Dianne Houston, Joy Ryan",True
SOUND MIXING,Apollo 13,"Rick Dior, Steve Pederson, Scott Millan, David MacMillan",True
SOUND MIXING,Batman Forever,"Donald O. Mitchell, Frank A. Montaño, Michael Herbick, Petur Hliddal",True
SOUND MIXING,Braveheart,"Andy Nelson, Scott Millan, Anna Behlmer, Brian Simmons",True
SOUND MIXING,Crimson Tide,"Kevin O'Connell, Rick Kline, Gregory H. Watkins, William B. Kaplan",True
SOUND MIXING,Waterworld,"Steve Maslow, Gregg Landaker, Keith A. Wester",True
SOUND EDITING,Batman Forever,"John Leveque, Bruce Stambler",True
SOUND EDITING,Braveheart,"Lon Bender, Per Hallberg",True
SOUND EDITING,Crimson Tide,George Watters II,True
VISUAL EFFECTS,Apollo 13,"Robert Legato, Michael Kanfer, Leslie Ekker, Matt Sweeney",True
VISUAL EFFECTS,Babe,"Scott E. Anderson, Charles Gibson, Neal Scanlan, John Cox",True
WRITING (Adapted Screenplay),Apollo 13,"William Broyles, Jr., Al Reinert",True
WRITING (Adapted Screenplay),Babe,"George Miller, Chris Noonan",True
WRITING (Adapted Screenplay),Leaving Las Vegas,Mike Figgis,True
WRITING (Adapted Screenplay),The Postman (Il Postino),"Anna Pavignano, Michael Radford, Furio Scarpelli, Giacomo Scarpelli, Massimo Troisi",True
WRITING (Adapted Screenplay),Sense and Sensibility,Emma Thompson,True
WRITING (Original Screenplay),Braveheart,Randall Wallace,True
WRITING (Original Screenplay),Mighty Aphrodite,Woody Allen,True
WRITING (Original Screenplay),Nixon,"Stephen J. Rivele, Christopher Wilkinson, Oliver Stone",True
WRITING (Original Screenplay),Toy Story,"Screenplay by Joss Whedon, Andrew Stanton, Joel Cohen, Alec Sokolow; Story by John Lasseter, Peter Docter, Andrew Stanton, Joe Ranft",True
WRITING (Original Screenplay),The Usual Suspects,Christopher McQuarrie,True
SPECIAL ACHIEVEMENT AWARD,Toy Story,nan,True
ACTOR IN A LEADING ROLE,Jerry Maguire,Tom Cruise,True
ACTOR IN A LEADING ROLE,The English Patient,Ralph Fiennes,True
ACTOR IN A LEADING ROLE,The People vs. Larry Flynt,Woody Harrelson,True
ACTOR IN A LEADING ROLE,Shine,Geoffrey Rush,True
ACTOR IN A LEADING ROLE,Sling Blade,Billy Bob Thornton,True
ACTOR IN A SUPPORTING ROLE,Jerry Maguire,"Cuba Gooding, Jr.",True
ACTOR IN A SUPPORTING ROLE,Fargo,William H. Macy,True
ACTOR IN A SUPPORTING ROLE,Shine,Armin Mueller-Stahl,True
ACTOR IN A SUPPORTING ROLE,Primal Fear,Edward Norton,True
ACTOR IN A SUPPORTING ROLE,Ghosts of Mississippi,James Woods,True
ACTRESS IN A LEADING ROLE,Secrets & Lies,Brenda Blethyn,True
ACTRESS IN A LEADING ROLE,Marvin's Room,Diane Keaton,True
ACTRESS IN A LEADING ROLE,Fargo,Frances McDormand,True
ACTRESS IN A LEADING ROLE,The English Patient,Kristin Scott Thomas,True
ACTRESS IN A LEADING ROLE,Breaking the Waves,Emily Watson,True
ACTRESS IN A SUPPORTING ROLE,The Crucible,Joan Allen,True
ACTRESS IN A SUPPORTING ROLE,The Mirror Has Two Faces,Lauren Bacall,True
ACTRESS IN A SUPPORTING ROLE,The English Patient,Juliette Binoche,True
ACTRESS IN A SUPPORTING ROLE,The Portrait of a Lady,Barbara Hershey,True
ACTRESS IN A SUPPORTING ROLE,Secrets & Lies,Marianne Jean-Baptiste,True
ART DIRECTION,The Birdcage,Art Direction: Bo Welch; Set Decoration: Cheryl Carasik,True
ART DIRECTION,The English Patient,Art Direction: Stuart Craig; Set Decoration: Stephenie McMillan,True
ART DIRECTION,Evita,Art Direction: Brian Morris; Set Decoration: Philippe Turlure,True
ART DIRECTION,Hamlet,Tim Harvey,True
ART DIRECTION,William Shakespeare's Romeo & Juliet,Art Direction: Catherine Martin; Set Decoration: Brigitte Broch,True
CINEMATOGRAPHY,The English Patient,John Seale,True
CINEMATOGRAPHY,Evita,Darius Khondji,True
CINEMATOGRAPHY,Fargo,Roger Deakins,True
CINEMATOGRAPHY,Fly Away Home,Caleb Deschanel,True
CINEMATOGRAPHY,Michael Collins,Chris Menges,True
COSTUME DESIGN,Angels and Insects,Paul Brown,True
COSTUME DESIGN,Emma,Ruth Myers,True
COSTUME DESIGN,The English Patient,Ann Roth,True
COSTUME DESIGN,Hamlet,Alex Byrne,True
COSTUME DESIGN,The Portrait of a Lady,Janet Patterson,True
DIRECTING,The English Patient,Anthony Minghella,True
DIRECTING,Fargo,Joel Coen,True
DIRECTING,The People vs. Larry Flynt,Milos Forman,True
DIRECTING,Secrets & Lies,Mike Leigh,True
DIRECTING,Shine,Scott Hicks,True
DOCUMENTARY (Feature),The Line King: The Al Hirschfeld Story,Susan W. Dryfoos,True
DOCUMENTARY (Feature),Mandela,"Jo Menell, Angus Gibson",True
DOCUMENTARY (Feature),Suzanne Farrell: Elusive Muse,"Anne Belle, Deborah Dickson",True
DOCUMENTARY (Feature),Tell the Truth and Run: George Seldes and the American Press,Rick Goldsmith,True
DOCUMENTARY (Feature),When We Were Kings,"Leon Gast, David Sonenberg",True
DOCUMENTARY (Short Subject),Breathing Lessons: The Life and Work of Mark O'Brien,Jessica Yu,True
DOCUMENTARY (Short Subject),Cosmic Voyage,"Jeffrey Marvin, Bayley Silleck",True
DOCUMENTARY (Short Subject),An Essay on Matisse,Perry Wolff,True
DOCUMENTARY (Short Subject),Special Effects,"Susanne Simpson, Ben Burtt",True
DOCUMENTARY (Short Subject),The Wild Bunch: An Album in Montage,"Paul Seydor, Nick Redman",True
FILM EDITING,The English Patient,Walter Murch,True
FILM EDITING,Evita,Gerry Hambling,True
FILM EDITING,Fargo,Roderick Jaynes,True
FILM EDITING,Jerry Maguire,Joe Hutshing,True
FILM EDITING,Shine,Pip Karmel,True
INTERNATIONAL FEATURE FILM,A Chef in Love,Georgia,True
INTERNATIONAL FEATURE FILM,Kolya,Czech Republic,True
INTERNATIONAL FEATURE FILM,The Other Side of Sunday,Norway,True
INTERNATIONAL FEATURE FILM,Prisoner of the Mountains,Russia,True
INTERNATIONAL FEATURE FILM,Ridicule,France,True
MAKEUP AND HAIRSTYLING,Ghosts of Mississippi,"Matthew W. Mungle, Deborah La Mia Denaver",True
MAKEUP AND HAIRSTYLING,The Nutty Professor,"Rick Baker, David LeRoy Anderson",True
MAKEUP AND HAIRSTYLING,Star Trek: First Contact,"Michael Westmore, Scott Wheeler, Jake Garber",True
MUSIC (Original Score),The English Patient,Gabriel Yared,True
MUSIC (Original Score),Hamlet,Patrick Doyle,True
MUSIC (Original Score),Michael Collins,Elliot Goldenthal,True
MUSIC (Original Score),Shine,David Hirschfelder,True
MUSIC (Original Score),Sleepers,John Williams,True
MUSIC (Original Song Score or Adaptation Score),Emma,Rachel Portman,True
MUSIC (Original Song Score or Adaptation Score),The First Wives Club,Marc Shaiman,True
MUSIC (Original Song Score or Adaptation Score),The Hunchback of Notre Dame,Music by Alan Menken; Lyrics by Stephen Schwartz; Orchestral Score by Alan Menken,True
MUSIC (Original Song Score or Adaptation Score),James and the Giant Peach,Randy Newman,True
MUSIC (Original Song Score or Adaptation Score),The Preacher's Wife,Hans Zimmer,True
MUSIC (Original Song),Up Close and Personal,Music and Lyric by Diane Warren,True
MUSIC (Original Song),One Fine Day,"Music and Lyric by James Newton Howard, Jud J. Friedman and Allan Dennis Rich",True
MUSIC (Original Song),The Mirror Has Two Faces,"Music and Lyric by Barbra Streisand, Marvin Hamlisch, Bryan Adams and Robert 'Mutt' Lange",True
MUSIC (Original Song),That Thing You Do!,Music and Lyric by Adam Schlesinger,True
MUSIC (Original Song),Evita,Music by Andrew Lloyd Webber; Lyric by Tim Rice,True
BEST PICTURE,The English Patient,"Saul Zaentz, Producer",True
BEST PICTURE,Fargo,"Ethan Coen, Producer",True
BEST PICTURE,Jerry Maguire,"James L. Brooks, Laurence Mark, Richard Sakai and Cameron Crowe, Producers",True
BEST PICTURE,Secrets & Lies,"Simon Channing-Williams, Producer",True
BEST PICTURE,Shine,"Jane Scott, Producer",True
SHORT FILM (Animated),Canhead,"Timothy Hittle, Chris Peterson",True
SHORT FILM (Animated),La Salla,Richard Condie,True
SHORT FILM (Animated),Quest,"Tyron Montgomery, Thomas Stellmach",True
SHORT FILM (Animated),Wat's Pig,Peter Lord,True
SHORT FILM (Live Action),"De Tripas, Corazon",Antonio Urrutia,True
SHORT FILM (Live Action),Dear Diary,"David Frankel, Barry Jossen",True
SHORT FILM (Live Action),Ernst & Lyset,"Kim Magnusson, Anders Thomas Jensen",True
SHORT FILM (Live Action),Esposados,Juan Carlos Fresnadillo,True
SHORT FILM (Live Action),Wordless,"Bernadette Carranza, Antonello De Leo",True
SOUND MIXING,The English Patient,"Walter Murch, Mark Berger, David Parker, Chris Newman",True
SOUND MIXING,Evita,"Andy Nelson, Anna Behlmer, Ken Weston",True
SOUND MIXING,Independence Day,"Chris Carpenter, Bill W. Benton, Bob Beemer, Jeff Wexler",True
SOUND MIXING,The Rock,"Kevin O'Connell, Greg P. Russell, Keith A. Wester",True
SOUND MIXING,Twister,"Steve Maslow, Gregg Landaker, Kevin O'Connell, Geoffrey Patterson",True
SOUND EDITING,Daylight,"Richard L. Anderson, David A. Whittaker",True
SOUND EDITING,Eraser,"Alan Robert Murray, Bub Asman",True
SOUND EDITING,The Ghost and the Darkness,Bruce Stambler,True
VISUAL EFFECTS,Dragonheart,"Scott Squires, Phil Tippett, James Straus, Kit West",True
VISUAL EFFECTS,Independence Day,"Volker Engel, Douglas Smith, Clay Pinney, Joseph Viskocil",True
VISUAL EFFECTS,Twister,"Stefen Fangmeier, John Frazier, Habib Zargarpour, Henry La Bounta",True
WRITING (Adapted Screenplay),The Crucible,Arthur Miller,True
WRITING (Adapted Screenplay),The English Patient,Anthony Minghella,True
WRITING (Adapted Screenplay),Hamlet,Kenneth Branagh,True
WRITING (Adapted Screenplay),Sling Blade,Billy Bob Thornton,True
WRITING (Adapted Screenplay),Trainspotting,John Hodge,True
WRITING (Original Screenplay),Fargo,"Ethan Coen, Joel Coen",True
WRITING (Original Screenplay),Jerry Maguire,Cameron Crowe,True
WRITING (Original Screenplay),Lone Star,John Sayles,True
WRITING (Original Screenplay),Secrets & Lies,Mike Leigh,True
WRITING (Original Screenplay),Shine,Screenplay by Jan Sardi; Story by Scott Hicks,True
ACTOR IN A LEADING ROLE,Good Will Hunting,Matt Damon,True
ACTOR IN A LEADING ROLE,The Apostle,Robert Duvall,True
ACTOR IN A LEADING ROLE,Ulee's Gold,Peter Fonda,True
ACTOR IN A LEADING ROLE,Wag the Dog,Dustin Hoffman,True
ACTOR IN A LEADING ROLE,As Good as It Gets,Jack Nicholson,True
ACTOR IN A SUPPORTING ROLE,Jackie Brown,Robert Forster,True
ACTOR IN A SUPPORTING ROLE,Amistad,Anthony Hopkins,True
ACTOR IN A SUPPORTING ROLE,As Good as It Gets,Greg Kinnear,True
ACTOR IN A SUPPORTING ROLE,Boogie Nights,Burt Reynolds,True
ACTOR IN A SUPPORTING ROLE,Good Will Hunting,Robin Williams,True
ACTRESS IN A LEADING ROLE,The Wings of the Dove,Helena Bonham Carter,True
ACTRESS IN A LEADING ROLE,Afterglow,Julie Christie,True
ACTRESS IN A LEADING ROLE,Mrs. Brown,Judi Dench,True
ACTRESS IN A LEADING ROLE,As Good as It Gets,Helen Hunt,True
ACTRESS IN A LEADING ROLE,Titanic,Kate Winslet,True
ACTRESS IN A SUPPORTING ROLE,L.A. Confidential,Kim Basinger,True
ACTRESS IN A SUPPORTING ROLE,In & Out,Joan Cusack,True
ACTRESS IN A SUPPORTING ROLE,Good Will Hunting,Minnie Driver,True
ACTRESS IN A SUPPORTING ROLE,Boogie Nights,Julianne Moore,True
ACTRESS IN A SUPPORTING ROLE,Titanic,Gloria Stuart,True
ART DIRECTION,Gattaca,Art Direction: Jan Roelfs; Set Decoration: Nancy Nye,True
ART DIRECTION,Kundun,Art Direction: Dante Ferretti; Set Decoration: Francesca Lo Schiavo,True
ART DIRECTION,L.A. Confidential,Art Direction: Jeannine Oppewall; Set Decoration: Jay R. Hart,True
ART DIRECTION,Men in Black,Art Direction: Bo Welch; Set Decoration: Cheryl Carasik,True
ART DIRECTION,Titanic,Art Direction: Peter Lamont; Set Decoration: Michael Ford,True
CINEMATOGRAPHY,Amistad,Janusz Kaminski,True
CINEMATOGRAPHY,Kundun,Roger Deakins,True
CINEMATOGRAPHY,L.A. Confidential,Dante Spinotti,True
CINEMATOGRAPHY,Titanic,Russell Carpenter,True
CINEMATOGRAPHY,The Wings of the Dove,Eduardo Serra,True
COSTUME DESIGN,Amistad,Ruth E. Carter,True
COSTUME DESIGN,Kundun,Dante Ferretti,True
COSTUME DESIGN,Oscar and Lucinda,Janet Patterson,True
COSTUME DESIGN,Titanic,Deborah L. Scott,True
COSTUME DESIGN,The Wings of the Dove,Sandy Powell,True
DIRECTING,The Full Monty,Peter Cattaneo,True
DIRECTING,Good Will Hunting,Gus Van Sant,True
DIRECTING,L.A. Confidential,Curtis Hanson,True
DIRECTING,The Sweet Hereafter,Atom Egoyan,True
DIRECTING,Titanic,James Cameron,True
DOCUMENTARY (Feature),Ayn Rand: A Sense of Life,Michael Paxton,True
DOCUMENTARY (Feature),Colors Straight Up,"Michèle Ohayon, Julia Schachter",True
DOCUMENTARY (Feature),4 Little Girls,"Spike Lee, Sam Pollard",True
DOCUMENTARY (Feature),The Long Way Home,"Rabbi Marvin Hier, Richard Trank",True
DOCUMENTARY (Feature),Waco: The Rules of Engagement,"Dan Gifford, William Gazecki",True
DOCUMENTARY (Short Subject),Alaska: Spirit of the Wild,"George Casey, Paul Novros",True
DOCUMENTARY (Short Subject),Amazon,"Kieth Merrill, Jonathan Stern",True
DOCUMENTARY (Short Subject),Daughter of the Bride,Terri Randall,True
DOCUMENTARY (Short Subject),Still Kicking: The Fabulous Palm Springs Follies,"Mel Damski, Andrea Blaugrund",True
DOCUMENTARY (Short Subject),A Story of Healing,"Donna Dewey, Carol Pasternak",True
FILM EDITING,Air Force One,Richard Francis-Bruce,True
FILM EDITING,As Good as It Gets,Richard Marks,True
FILM EDITING,Good Will Hunting,Pietro Scalia,True
FILM EDITING,L.A. Confidential,Peter Honess,True
FILM EDITING,Titanic,"Conrad Buff, James Cameron, Richard A. Harris",True
INTERNATIONAL FEATURE FILM,Beyond Silence,Germany,True
INTERNATIONAL FEATURE FILM,Character,The Netherlands,True
INTERNATIONAL FEATURE FILM,Four Days in September,Brazil,True
INTERNATIONAL FEATURE FILM,Secrets of the Heart,Spain,True
INTERNATIONAL FEATURE FILM,The Thief,Russia,True
MAKEUP AND HAIRSTYLING,Men in Black,"Rick Baker, David LeRoy Anderson",True
MAKEUP AND HAIRSTYLING,Mrs. Brown,"Lisa Westcott, Veronica Brebner, Beverley Binda",True
MAKEUP AND HAIRSTYLING,Titanic,"Tina Earnshaw, Greg Cannom, Simon Thompson",True
MUSIC (Original Score),Amistad,John Williams,True
MUSIC (Original Score),Good Will Hunting,Danny Elfman,True
MUSIC (Original Score),Kundun,Philip Glass,True
MUSIC (Original Score),L.A. Confidential,Jerry Goldsmith,True
MUSIC (Original Score),Titanic,James Horner,True
MUSIC (Original Song Score or Adaptation Score),Anastasia,Music by Stephen Flaherty; Lyrics by Lynn Ahrens; Orchestral Score by David Newman,True
MUSIC (Original Song Score or Adaptation Score),As Good as It Gets,Hans Zimmer,True
MUSIC (Original Song Score or Adaptation Score),The Full Monty,Anne Dudley,True
MUSIC (Original Song Score or Adaptation Score),Men in Black,Danny Elfman,True
MUSIC (Original Song Score or Adaptation Score),My Best Friend's Wedding,James Newton Howard,True
MUSIC (Original Song),Hercules,Music by Alan Menken; Lyric by David Zippel,True
MUSIC (Original Song),Con Air,Music and Lyric by Diane Warren,True
MUSIC (Original Song),Anastasia,Music by Stephen Flaherty; Lyric by Lynn Ahrens,True
MUSIC (Original Song),Good Will Hunting,Music and Lyric by Elliott Smith,True
MUSIC (Original Song),Titanic,Music by James Horner; Lyric by Will Jennings,True
BEST PICTURE,As Good as It Gets,"James L. Brooks, Bridget Johnson and Kristi Zea, Producers",True
BEST PICTURE,The Full Monty,"Uberto Pasolini, Producer",True
BEST PICTURE,Good Will Hunting,"Lawrence Bender, Producer",True
BEST PICTURE,L.A. Confidential,"Arnon Milchan, Curtis Hanson and Michael Nathanson, Producers",True
BEST PICTURE,Titanic,"James Cameron and Jon Landau, Producers",True
SHORT FILM (Animated),Famous Fred,Joanna Quinn,True
SHORT FILM (Animated),Geri's Game,Jan Pinkava,True
SHORT FILM (Animated),La Vieille Dame et les Pigeons (The Old Lady and the Pigeons),Sylvain Chomet,True
SHORT FILM (Animated),The Mermaid,Alexander Petrov,True
SHORT FILM (Animated),Redux Riding Hood,"Steve Moore, Dan O'Shannon",True
SHORT FILM (Live Action),Dance Lexie Dance,"Pearse Moore, Tim Loane",True
SHORT FILM (Live Action),It's Good to Talk,"Roger Goldby, Barney Reisz",True
SHORT FILM (Live Action),Sweethearts?,"Birger Larsen, Thomas Lydholm",True
SHORT FILM (Live Action),Visas and Virtue,"Chris Tashima, Chris Donahue",True
SHORT FILM (Live Action),Wolfgang,"Kim Magnusson, Anders Thomas Jensen",True
SOUND MIXING,Air Force One,"Paul Massey, Rick Kline, D. M. Hemphill, Keith A. Wester",True
SOUND MIXING,Con Air,"Kevin O'Connell, Greg P. Russell, Arthur Rochester",True
SOUND MIXING,Contact,"Randy Thom, Tom Johnson, Dennis Sands, William B. Kaplan",True
SOUND MIXING,L.A. Confidential,"Andy Nelson, Anna Behlmer, Kirk Francis",True
SOUND MIXING,Titanic,"Gary Rydstrom, Tom Johnson, Gary Summers, Mark Ulano",True
SOUND EDITING,Face/Off,"Mark P. Stoeckinger, Per Hallberg",True
SOUND EDITING,The Fifth Element,Mark Mangini,True
SOUND EDITING,Titanic,"Tom Bellfort, Christopher Boyes",True
VISUAL EFFECTS,The Lost World: Jurassic Park,"Dennis Muren, Stan Winston, Randal M. Dutra, Michael Lantieri",True
VISUAL EFFECTS,Starship Troopers,"Phil Tippett, Scott E. Anderson, Alec Gillis, John Richardson",True
VISUAL EFFECTS,Titanic,"Robert Legato, Mark Lasoff, Thomas L. Fisher, Michael Kanfer",True
WRITING (Adapted Screenplay),Donnie Brasco,Paul Attanasio,True
WRITING (Adapted Screenplay),L.A. Confidential,"Brian Helgeland, Curtis Hanson",True
WRITING (Adapted Screenplay),The Sweet Hereafter,Atom Egoyan,True
WRITING (Adapted Screenplay),Wag the Dog,"Hilary Henkin, David Mamet",True
WRITING (Adapted Screenplay),The Wings of the Dove,Hossein Amini,True
WRITING (Original Screenplay),As Good as It Gets,"Screenplay by Mark Andrus, James L. Brooks; Story by Mark Andrus",True
WRITING (Original Screenplay),Boogie Nights,Paul Thomas Anderson,True
WRITING (Original Screenplay),Deconstructing Harry,Woody Allen,True
WRITING (Original Screenplay),The Full Monty,Simon Beaufoy,True
WRITING (Original Screenplay),Good Will Hunting,"Ben Affleck, Matt Damon",True
ACTOR IN A LEADING ROLE,Life Is Beautiful,Roberto Benigni,True
ACTOR IN A LEADING ROLE,Saving Private Ryan,Tom Hanks,True
ACTOR IN A LEADING ROLE,Gods and Monsters,Ian McKellen,True
ACTOR IN A LEADING ROLE,Affliction,Nick Nolte,True
ACTOR IN A LEADING ROLE,American History X,Edward Norton,True
ACTOR IN A SUPPORTING ROLE,Affliction,James Coburn,True
ACTOR IN A SUPPORTING ROLE,A Civil Action,Robert Duvall,True
ACTOR IN A SUPPORTING ROLE,The Truman Show,Ed Harris,True
ACTOR IN A SUPPORTING ROLE,Shakespeare in Love,Geoffrey Rush,True
ACTOR IN A SUPPORTING ROLE,A Simple Plan,Billy Bob Thornton,True
ACTRESS IN A LEADING ROLE,Elizabeth,Cate Blanchett,True
ACTRESS IN A LEADING ROLE,Central Station,Fernanda Montenegro,True
ACTRESS IN A LEADING ROLE,Shakespeare in Love,Gwyneth Paltrow,True
ACTRESS IN A LEADING ROLE,One True Thing,Meryl Streep,True
ACTRESS IN A LEADING ROLE,Hilary and Jackie,Emily Watson,True
ACTRESS IN A SUPPORTING ROLE,Primary Colors,Kathy Bates,True
ACTRESS IN A SUPPORTING ROLE,Little Voice,Brenda Blethyn,True
ACTRESS IN A SUPPORTING ROLE,Shakespeare in Love,Judi Dench,True
ACTRESS IN A SUPPORTING ROLE,Hilary and Jackie,Rachel Griffiths,True
ACTRESS IN A SUPPORTING ROLE,Gods and Monsters,Lynn Redgrave,True
ART DIRECTION,Elizabeth,Art Direction: John Myhre; Set Decoration: Peter Howitt,True
ART DIRECTION,Pleasantville,Art Direction: Jeannine Oppewall; Set Decoration: Jay Hart,True
ART DIRECTION,Saving Private Ryan,Art Direction: Tom Sanders; Set Decoration: Lisa Dean Kavanaugh,True
ART DIRECTION,Shakespeare in Love,Art Direction: Martin Childs; Set Decoration: Jill Quertier,True
ART DIRECTION,What Dreams May Come,Art Direction: Eugenio Zanetti; Set Decoration: Cindy Carr,True
CINEMATOGRAPHY,A Civil Action,Conrad L. Hall,True
CINEMATOGRAPHY,Elizabeth,Remi Adefarasin,True
CINEMATOGRAPHY,Saving Private Ryan,Janusz Kaminski,True
CINEMATOGRAPHY,Shakespeare in Love,Richard Greatrex,True
CINEMATOGRAPHY,The Thin Red Line,John Toll,True
COSTUME DESIGN,Beloved,Colleen Atwood,True
COSTUME DESIGN,Elizabeth,Alexandra Byrne,True
COSTUME DESIGN,Pleasantville,Judianna Makovsky,True
COSTUME DESIGN,Shakespeare in Love,Sandy Powell,True
COSTUME DESIGN,Velvet Goldmine,Sandy Powell,True
DIRECTING,Life Is Beautiful,Roberto Benigni,True
DIRECTING,Saving Private Ryan,Steven Spielberg,True
DIRECTING,Shakespeare in Love,John Madden,True
DIRECTING,The Thin Red Line,Terrence Malick,True
DIRECTING,The Truman Show,Peter Weir,True
DOCUMENTARY (Feature),Dancemaker,"Matthew Diamond, Jerry Kupfer",True
DOCUMENTARY (Feature),"The Farm: Angola, U.S.A.","Jonathan Stack, Liz Garbus",True
DOCUMENTARY (Feature),The Last Days,"James Moll, Ken Lipper",True
DOCUMENTARY (Feature),Lenny Bruce: Swear to Tell the Truth,Robert B. Weide,True
DOCUMENTARY (Feature),Regret to Inform,"Barbara Sonneborn, Janet Cole",True
DOCUMENTARY (Short Subject),The Personals: Improvisations on Romance in the Golden Years,Keiko Ibi,True
DOCUMENTARY (Short Subject),A Place in the Land,Charles Guggenheim,True
DOCUMENTARY (Short Subject),Sunrise over Tiananmen Square,"Shui-Bo Wang, Donald McWilliams",True
FILM EDITING,Life Is Beautiful,Simona Paggi,True
FILM EDITING,Out of Sight,Anne V. Coates,True
FILM EDITING,Saving Private Ryan,Michael Kahn,True
FILM EDITING,Shakespeare in Love,David Gamble,True
FILM EDITING,The Thin Red Line,"Billy Weber, Leslie Jones, Saar Klein",True
INTERNATIONAL FEATURE FILM,Central Station,Brazil,True
INTERNATIONAL FEATURE FILM,Children of Heaven,Iran,True
INTERNATIONAL FEATURE FILM,The Grandfather,Spain,True
INTERNATIONAL FEATURE FILM,Life Is Beautiful,Italy,True
INTERNATIONAL FEATURE FILM,Tango,Argentina,True
MAKEUP AND HAIRSTYLING,Elizabeth,Jenny Shircore,True
MAKEUP AND HAIRSTYLING,Saving Private Ryan,"Lois Burwell, Conor O'Sullivan, Daniel C. Striepeke",True
MAKEUP AND HAIRSTYLING,Shakespeare in Love,"Lisa Westcott, Veronica Brebner",True
MUSIC (Original Score),Elizabeth,David Hirschfelder,True
MUSIC (Original Score),Life Is Beautiful,Nicola Piovani,True
MUSIC (Original Score),Pleasantville,Randy Newman,True
MUSIC (Original Score),Saving Private Ryan,John Williams,True
MUSIC (Original Score),The Thin Red Line,Hans Zimmer,True
MUSIC (Original Song Score or Adaptation Score),A Bug's Life,Randy Newman,True
MUSIC (Original Song Score or Adaptation Score),Mulan,Music by Matthew Wilder; Lyrics by David Zippel; Orchestral Score by Jerry Goldsmith,True
MUSIC (Original Song Score or Adaptation Score),Patch Adams,Marc Shaiman,True
MUSIC (Original Song Score or Adaptation Score),The Prince of Egypt,Music and Lyrics by Stephen Schwartz; Orchestral Score by Hans Zimmer,True
MUSIC (Original Song Score or Adaptation Score),Shakespeare in Love,Stephen Warbeck,True
MUSIC (Original Song),Armageddon,Music and Lyric by Diane Warren,True
MUSIC (Original Song),Quest for Camelot,"Music by Carole Bayer Sager and David Foster; Lyric by Carole Bayer Sager, David Foster, Tony Renis and Alberto Testa",True
MUSIC (Original Song),The Horse Whisperer,Music and Lyric by Allison Moorer and Gwil Owen,True
MUSIC (Original Song),Babe: Pig in the City,Music and Lyric by Randy Newman,True
MUSIC (Original Song),The Prince of Egypt,Music and Lyric by Stephen Schwartz,True
BEST PICTURE,Elizabeth,"Alison Owen, Eric Fellner and Tim Bevan, Producers",True
BEST PICTURE,Life Is Beautiful,"Elda Ferri and Gianluigi Braschi, Producers",True
BEST PICTURE,Saving Private Ryan,"Steven Spielberg, Ian Bryce, Mark Gordon and Gary Levinsohn, Producers",True
BEST PICTURE,Shakespeare in Love,"David Parfitt, Donna Gigliotti, Harvey Weinstein, Edward Zwick and Marc Norman, Producers",True
BEST PICTURE,The Thin Red Line,"Robert Michael Geisler, John Roberdeau and Grant Hill, Producers",True
SHORT FILM (Animated),Bunny,Chris Wedge,True
SHORT FILM (Animated),The Canterbury Tales,"Christopher Grace, Jonathan Myerson",True
SHORT FILM (Animated),Jolly Roger,Mark Baker,True
SHORT FILM (Animated),More,"Mark Osborne, Steve Kalafer",True
SHORT FILM (Animated),When Life Departs,"Karsten Kiilerich, Stefan Fjeldmark",True
SHORT FILM (Live Action),Culture,"Will Speck, Josh Gordon",True
SHORT FILM (Live Action),Election Night (Valgaften),"Kim Magnusson, Anders Thomas Jensen",True
SHORT FILM (Live Action),Holiday Romance,"Alexander Jovy, JJ Keith",True
SHORT FILM (Live Action),La Carte Postale (The Postcard),Vivian Goffette,True
SHORT FILM (Live Action),Victor,"Simon Sandquist, Joel Bergvall",True
SOUND MIXING,Armageddon,"Kevin O'Connell, Greg P. Russell, Keith A. Wester",True
SOUND MIXING,The Mask of Zorro,"Kevin O'Connell, Greg P. Russell, Pud Cusack",True
SOUND MIXING,Saving Private Ryan,"Gary Rydstrom, Gary Summers, Andy Nelson, Ronald Judkins",True
SOUND MIXING,Shakespeare in Love,"Robin O'Donoghue, Dominic Lester, Peter Glossop",True
SOUND MIXING,The Thin Red Line,"Andy Nelson, Anna Behlmer, Paul Brincat",True
SOUND EDITING,Armageddon,George Watters II,True
SOUND EDITING,The Mask of Zorro,David McMoyler,True
SOUND EDITING,Saving Private Ryan,"Gary Rydstrom, Richard Hymns",True
VISUAL EFFECTS,Armageddon,"Richard R. Hoover, Pat McClung, John Frazier",True
VISUAL EFFECTS,Mighty Joe Young,"Rick Baker, Hoyt Yeatman, Allen Hall, Jim Mitchell",True
VISUAL EFFECTS,What Dreams May Come,"Joel Hynek, Nicholas Brooks, Stuart Robertson, Kevin Mack",True
WRITING (Adapted Screenplay),Gods and Monsters,Bill Condon,True
WRITING (Adapted Screenplay),Out of Sight,Scott Frank,True
WRITING (Adapted Screenplay),Primary Colors,Elaine May,True
WRITING (Adapted Screenplay),A Simple Plan,Scott B. Smith,True
WRITING (Adapted Screenplay),The Thin Red Line,Terrence Malick,True
WRITING (Original Screenplay),Bulworth,"Screenplay by Warren Beatty, Jeremy Pikser; Story by Warren Beatty",True
WRITING (Original Screenplay),Life Is Beautiful,"Vincenzo Cerami, Roberto Benigni",True
WRITING (Original Screenplay),Saving Private Ryan,Robert Rodat,True
WRITING (Original Screenplay),Shakespeare in Love,"Marc Norman, Tom Stoppard",True
WRITING (Original Screenplay),The Truman Show,Andrew Niccol,True
ACTOR IN A LEADING ROLE,The Insider,Russell Crowe,True
ACTOR IN A LEADING ROLE,The Straight Story,Richard Farnsworth,True
ACTOR IN A LEADING ROLE,Sweet and Lowdown,Sean Penn,True
ACTOR IN A LEADING ROLE,American Beauty,Kevin Spacey,True
ACTOR IN A LEADING ROLE,The Hurricane,Denzel Washington,True
ACTOR IN A SUPPORTING ROLE,The Cider House Rules,Michael Caine,True
ACTOR IN A SUPPORTING ROLE,Magnolia,Tom Cruise,True
ACTOR IN A SUPPORTING ROLE,The Green Mile,Michael Clarke Duncan,True
ACTOR IN A SUPPORTING ROLE,The Talented Mr. Ripley,Jude Law,True
ACTOR IN A SUPPORTING ROLE,The Sixth Sense,Haley Joel Osment,True
ACTRESS IN A LEADING ROLE,American Beauty,Annette Bening,True
ACTRESS IN A LEADING ROLE,Tumbleweeds,Janet McTeer,True
ACTRESS IN A LEADING ROLE,The End of the Affair,Julianne Moore,True
ACTRESS IN A LEADING ROLE,Music of the Heart,Meryl Streep,True
ACTRESS IN A LEADING ROLE,Boys Don't Cry,Hilary Swank,True
ACTRESS IN A SUPPORTING ROLE,The Sixth Sense,Toni Collette,True
ACTRESS IN A SUPPORTING ROLE,"Girl, Interrupted",Angelina Jolie,True
ACTRESS IN A SUPPORTING ROLE,Being John Malkovich,Catherine Keener,True
ACTRESS IN A SUPPORTING ROLE,Sweet and Lowdown,Samantha Morton,True
ACTRESS IN A SUPPORTING ROLE,Boys Don't Cry,Chloë Sevigny,True
ART DIRECTION,Anna and the King,Art Direction: Luciana Arrighi; Set Decoration: Ian Whittaker,True
ART DIRECTION,The Cider House Rules,Art Direction: David Gropman; Set Decoration: Beth Rubino,True
ART DIRECTION,Sleepy Hollow,Art Direction: Rick Heinrichs; Set Decoration: Peter Young,True
ART DIRECTION,The Talented Mr. Ripley,Art Direction: Roy Walker; Set Decoration: Bruno Cesari,True
ART DIRECTION,Topsy-Turvy,"Art Direction: Eve Stewart; Set Decoration: Eve Stewart, John Bush",True
CINEMATOGRAPHY,American Beauty,Conrad L. Hall,True
CINEMATOGRAPHY,The End of the Affair,Roger Pratt,True
CINEMATOGRAPHY,The Insider,Dante Spinotti,True
CINEMATOGRAPHY,Sleepy Hollow,Emmanuel Lubezki,True
CINEMATOGRAPHY,Snow Falling on Cedars,Robert Richardson,True
COSTUME DESIGN,Anna and the King,Jenny Beavan,True
COSTUME DESIGN,Sleepy Hollow,Colleen Atwood,True
COSTUME DESIGN,The Talented Mr. Ripley,"Ann Roth, Gary Jones",True
COSTUME DESIGN,Titus,Milena Canonero,True
COSTUME DESIGN,Topsy-Turvy,Lindy Hemming,True
DIRECTING,American Beauty,Sam Mendes,True
DIRECTING,Being John Malkovich,Spike Jonze,True
DIRECTING,The Cider House Rules,Lasse Hallström,True
DIRECTING,The Insider,Michael Mann,True
DIRECTING,The Sixth Sense,M. Night Shyamalan,True
DOCUMENTARY (Feature),Buena Vista Social Club,"Wim Wenders, Ulrich Felsberg",True
DOCUMENTARY (Feature),Genghis Blues,"Roko Belic, Adrian Belic",True
DOCUMENTARY (Feature),On the Ropes,"Nanette Burstein, Brett Morgen",True
DOCUMENTARY (Feature),One Day in September,"Arthur Cohn, Kevin Macdonald",True
DOCUMENTARY (Feature),Speaking in Strings,"Paola di Florio, Lilibet Foster",True
DOCUMENTARY (Short Subject),Eyewitness,Bert Van Bork,True
DOCUMENTARY (Short Subject),King Gimp,"Susan Hannah Hadary, William A. Whiteford",True
DOCUMENTARY (Short Subject),The Wildest Show in the South: The Angola Prison Rodeo,"Simeon Soffer, Jonathan Stack",True
FILM EDITING,American Beauty,"Tariq Anwar, Christopher Greenbury",True
FILM EDITING,The Cider House Rules,Lisa Zeno Churgin,True
FILM EDITING,The Insider,"William Goldenberg, Paul Rubell, David Rosenbloom",True
FILM EDITING,The Matrix,Zach Staenberg,True
FILM EDITING,The Sixth Sense,Andrew Mondshein,True
INTERNATIONAL FEATURE FILM,All about My Mother,Spain,True
INTERNATIONAL FEATURE FILM,Caravan,Nepal,True
INTERNATIONAL FEATURE FILM,East-West,France,True
INTERNATIONAL FEATURE FILM,Solomon and Gaenor,United Kingdom,True
INTERNATIONAL FEATURE FILM,Under the Sun,Sweden,True
MAKEUP AND HAIRSTYLING,Austin Powers: The Spy Who Shagged Me,"Michèle Burke, Mike Smithson",True
MAKEUP AND HAIRSTYLING,Bicentennial Man,Greg Cannom,True
MAKEUP AND HAIRSTYLING,Life,Rick Baker,True
MAKEUP AND HAIRSTYLING,Topsy-Turvy,"Christine Blundell, Trefor Proud",True
MUSIC (Original Score),American Beauty,Thomas Newman,True
MUSIC (Original Score),Angela's Ashes,John Williams,True
MUSIC (Original Score),The Cider House Rules,Rachel Portman,True
MUSIC (Original Score),The Red Violin,John Corigliano,True
MUSIC (Original Score),The Talented Mr. Ripley,Gabriel Yared,True
MUSIC (Original Song),"South Park: Bigger, Longer & Uncut",Music and Lyric by Trey Parker and Marc Shaiman,True
MUSIC (Original Song),Music of the Heart,Music and Lyric by Diane Warren,True
MUSIC (Original Song),Magnolia,Music and Lyric by Aimee Mann,True
MUSIC (Original Song),Toy Story 2,Music and Lyric by Randy Newman,True
MUSIC (Original Song),Tarzan,Music and Lyric by Phil Collins,True
BEST PICTURE,American Beauty,"Bruce Cohen and Dan Jinks, Producers",True
BEST PICTURE,The Cider House Rules,"Richard N. Gladstein, Producer",True
BEST PICTURE,The Green Mile,"David Valdes and Frank Darabont, Producers",True
BEST PICTURE,The Insider,"Michael Mann and Pieter Jan Brugge, Producers",True
BEST PICTURE,The Sixth Sense,"Frank Marshall, Kathleen Kennedy and Barry Mendel, Producers",True
SHORT FILM (Animated),Humdrum,Peter Peake,True
SHORT FILM (Animated),My Grandmother Ironed the King's Shirts,Torill Kove,True
SHORT FILM (Animated),The Old Man and the Sea,Alexander Petrov,True
SHORT FILM (Animated),3 Misses,Paul Driessen,True
SHORT FILM (Animated),When the Day Breaks,"Wendy Tilby, Amanda Forbis",True
SHORT FILM (Live Action),"Bror, Min Bror (Teis and Nico)","Henrik Ruben Genz, Michael W. Horsten",True
SHORT FILM (Live Action),Killing Joe,"Mehdi Norowzian, Steve Wax",True
SHORT FILM (Live Action),Kleingeld (Small Change),"Marc-Andreas Bochert, Gabriele Lins",True
SHORT FILM (Live Action),Major and Minor Miracles,Marcus Olsson,True
SHORT FILM (Live Action),My Mother Dreams the Satan's Disciples in New York,"Barbara Schock, Tammy Tiehel",True
SOUND MIXING,The Green Mile,"Robert J. Litt, Elliot Tyson, Michael Herbick, Willie D. Burton",True
SOUND MIXING,The Insider,"Andy Nelson, Doug Hemphill, Lee Orloff",True
SOUND MIXING,The Matrix,"John Reitz, Gregg Rudloff, David Campbell, David Lee",True
SOUND MIXING,The Mummy,"Leslie Shatz, Chris Carpenter, Rick Kline, Chris Munro",True
SOUND MIXING,Star Wars Episode I: The Phantom Menace,"Gary Rydstrom, Tom Johnson, Shawn Murphy, John Midgley",True
SOUND EDITING,Fight Club,"Ren Klyce, Richard Hymns",True
SOUND EDITING,The Matrix,Dane A. Davis,True
SOUND EDITING,Star Wars Episode I: The Phantom Menace,"Ben Burtt, Tom Bellfort",True
VISUAL EFFECTS,The Matrix,"John Gaeta, Janek Sirrs, Steve Courtley, Jon Thum",True
VISUAL EFFECTS,Star Wars Episode I: The Phantom Menace,"John Knoll, Dennis Muren, Scott Squires, Rob Coleman",True
VISUAL EFFECTS,Stuart Little,"John Dykstra, Jerome Chen, Henry F. Anderson III, Eric Allard",True
WRITING (Adapted Screenplay),The Cider House Rules,John Irving,True
WRITING (Adapted Screenplay),Election,"Alexander Payne, Jim Taylor",True
WRITING (Adapted Screenplay),The Green Mile,Frank Darabont,True
WRITING (Adapted Screenplay),The Insider,"Eric Roth, Michael Mann",True
WRITING (Adapted Screenplay),The Talented Mr. Ripley,Anthony Minghella,True
WRITING (Original Screenplay),American Beauty,Alan Ball,True
WRITING (Original Screenplay),Being John Malkovich,Charlie Kaufman,True
WRITING (Original Screenplay),Magnolia,Paul Thomas Anderson,True
WRITING (Original Screenplay),The Sixth Sense,M. Night Shyamalan,True
WRITING (Original Screenplay),Topsy-Turvy,Mike Leigh,True
ACTOR IN A LEADING ROLE,Before Night Falls,Javier Bardem,True
ACTOR IN A LEADING ROLE,Gladiator,Russell Crowe,True
ACTOR IN A LEADING ROLE,Cast Away,Tom Hanks,True
ACTOR IN A LEADING ROLE,Pollock,Ed Harris,True
ACTOR IN A LEADING ROLE,Quills,Geoffrey Rush,True
ACTOR IN A SUPPORTING ROLE,The Contender,Jeff Bridges,True
ACTOR IN A SUPPORTING ROLE,Shadow of the Vampire,Willem Dafoe,True
ACTOR IN A SUPPORTING ROLE,Traffic,Benicio Del Toro,True
ACTOR IN A SUPPORTING ROLE,Erin Brockovich,Albert Finney,True
ACTOR IN A SUPPORTING ROLE,Gladiator,Joaquin Phoenix,True
ACTRESS IN A LEADING ROLE,The Contender,Joan Allen,True
ACTRESS IN A LEADING ROLE,Chocolat,Juliette Binoche,True
ACTRESS IN A LEADING ROLE,Requiem for a Dream,Ellen Burstyn,True
ACTRESS IN A LEADING ROLE,You Can Count on Me,Laura Linney,True
ACTRESS IN A LEADING ROLE,Erin Brockovich,Julia Roberts,True
ACTRESS IN A SUPPORTING ROLE,Chocolat,Judi Dench,True
ACTRESS IN A SUPPORTING ROLE,Pollock,Marcia Gay Harden,True
ACTRESS IN A SUPPORTING ROLE,Almost Famous,Kate Hudson,True
ACTRESS IN A SUPPORTING ROLE,Almost Famous,Frances McDormand,True
ACTRESS IN A SUPPORTING ROLE,Billy Elliot,Julie Walters,True
ART DIRECTION,"Crouching Tiger, Hidden Dragon",Tim Yip,True
ART DIRECTION,Dr. Seuss' How the Grinch Stole Christmas,Art Direction: Michael Corenblith; Set Decoration: Merideth Boswell,True
ART DIRECTION,Gladiator,Art Direction: Arthur Max; Set Decoration: Crispian Sallis,True
ART DIRECTION,Quills,Art Direction: Martin Childs; Set Decoration: Jill Quertier,True
ART DIRECTION,Vatel,Art Direction: Jean Rabasse; Set Decoration: Françoise Benoît-Fresco,True
CINEMATOGRAPHY,"Crouching Tiger, Hidden Dragon",Peter Pau,True
CINEMATOGRAPHY,Gladiator,John Mathieson,True
CINEMATOGRAPHY,Malèna,Lajos Koltai,True
CINEMATOGRAPHY,"O Brother, Where Art Thou?",Roger Deakins,True
CINEMATOGRAPHY,The Patriot,Caleb Deschanel,True
COSTUME DESIGN,"Crouching Tiger, Hidden Dragon",Tim Yip,True
COSTUME DESIGN,Dr. Seuss' How the Grinch Stole Christmas,Rita Ryack,True
COSTUME DESIGN,Gladiator,Janty Yates,True
COSTUME DESIGN,102 Dalmatians,Anthony Powell,True
COSTUME DESIGN,Quills,Jacqueline West,True
DIRECTING,Billy Elliot,Stephen Daldry,True
DIRECTING,"Crouching Tiger, Hidden Dragon",Ang Lee,True
DIRECTING,Erin Brockovich,Steven Soderbergh,True
DIRECTING,Gladiator,Ridley Scott,True
DIRECTING,Traffic,Steven Soderbergh,True
DOCUMENTARY (Feature),Into the Arms of Strangers: Stories of the Kindertransport,"Mark Jonathan Harris, Deborah Oppenheimer",True
DOCUMENTARY (Feature),Legacy,Tod Lending,True
DOCUMENTARY (Feature),Long Night's Journey into Day,"Frances Reid, Deborah Hoffmann",True
DOCUMENTARY (Feature),Scottsboro: An American Tragedy,"Barak Goodman, Daniel Anker",True
DOCUMENTARY (Feature),Sound and Fury,"Josh Aronson, Roger Weisberg",True
DOCUMENTARY (Short Subject),Big Mama,Tracy Seretean,True
DOCUMENTARY (Short Subject),Curtain Call,"Chuck Braverman, Steve Kalafer",True
DOCUMENTARY (Short Subject),Dolphins,"Greg MacGillivray, Alec Lorimore",True
DOCUMENTARY (Short Subject),The Man on Lincoln's Nose,Daniel Raim,True
DOCUMENTARY (Short Subject),On Tiptoe: Gentle Steps to Freedom,"Eric Simonson, Leelai Demoz",True
FILM EDITING,Almost Famous,"Joe Hutshing, Saar Klein",True
FILM EDITING,"Crouching Tiger, Hidden Dragon",Tim Squyres,True
FILM EDITING,Gladiator,Pietro Scalia,True
FILM EDITING,Traffic,Stephen Mirrione,True
FILM EDITING,Wonder Boys,Dede Allen,True
INTERNATIONAL FEATURE FILM,Amores Perros,Mexico,True
INTERNATIONAL FEATURE FILM,"Crouching Tiger, Hidden Dragon",Taiwan,True
INTERNATIONAL FEATURE FILM,Divided We Fall,Czech Republic,True
INTERNATIONAL FEATURE FILM,Everybody Famous!,Belgium,True
INTERNATIONAL FEATURE FILM,The Taste of Others,France,True
MAKEUP AND HAIRSTYLING,The Cell,"Michèle Burke, Edouard Henriques",True
MAKEUP AND HAIRSTYLING,Dr. Seuss' How the Grinch Stole Christmas,"Rick Baker, Gail Ryan",True
MAKEUP AND HAIRSTYLING,Shadow of the Vampire,"Ann Buchanan, Amber Sibley",True
MUSIC (Original Score),Chocolat,Rachel Portman,True
MUSIC (Original Score),"Crouching Tiger, Hidden Dragon",Tan Dun,True
MUSIC (Original Score),Gladiator,Hans Zimmer,True
MUSIC (Original Score),Malèna,Ennio Morricone,True
MUSIC (Original Score),The Patriot,John Williams,True
MUSIC (Original Song),Meet the Parents,Music and Lyric by Randy Newman,True
MUSIC (Original Song),Dancer in the Dark,Music by Björk; Lyric by Lars von Trier and Sjon Sigurdsson,True
MUSIC (Original Song),"Crouching Tiger, Hidden Dragon",Music by Jorge Calandrelli and Tan Dun; Lyric by James Schamus,True
MUSIC (Original Song),The Emperor's New Groove,Music by Sting and David Hartley; Lyric by Sting,True
MUSIC (Original Song),Wonder Boys,Music and Lyric by Bob Dylan,True
BEST PICTURE,Chocolat,"David Brown, Kit Golden and Leslie Holleran, Producers",True
BEST PICTURE,"Crouching Tiger, Hidden Dragon","Bill Kong, Hsu Li Kong and Ang Lee, Producers",True
BEST PICTURE,Erin Brockovich,"Danny DeVito, Michael Shamberg and Stacey Sher, Producers",True
BEST PICTURE,Gladiator,"Douglas Wick, David Franzoni and Branko Lustig, Producers",True
BEST PICTURE,Traffic,"Edward Zwick, Marshall Herskovitz and Laura Bickford, Producers",True
SHORT FILM (Animated),Father and Daughter,Michael Dudok de Wit,True
SHORT FILM (Animated),The Periwig-Maker,"Steffen Schäffler, Annette Schäffler",True
SHORT FILM (Animated),Rejected,Don Hertzfeldt,True
SHORT FILM (Live Action),By Courier,"Peter Riegert, Ericka Frederick",True
SHORT FILM (Live Action),One Day Crossing,"Joan Stein, Christina Lazaridi",True
SHORT FILM (Live Action),Quiero Ser (I want to be...),Florian Gallenberger,True
SHORT FILM (Live Action),Seraglio,"Gail Lerner, Colin Campbell",True
SHORT FILM (Live Action),A Soccer Story (Uma Historia de Futebol),Paulo Machline,True
SOUND MIXING,Cast Away,"Randy Thom, Tom Johnson, Dennis Sands, William B. Kaplan",True
SOUND MIXING,Gladiator,"Scott Millan, Bob Beemer, Ken Weston",True
SOUND MIXING,The Patriot,"Kevin O'Connell, Greg P. Russell, Lee Orloff",True
SOUND MIXING,The Perfect Storm,"John Reitz, Gregg Rudloff, David Campbell, Keith A. Wester",True
SOUND MIXING,U-571,"Steve Maslow, Gregg Landaker, Rick Kline, Ivan Sharrock",True
SOUND EDITING,Space Cowboys,"Alan Robert Murray, Bub Asman",True
SOUND EDITING,U-571,Jon Johnson,True
VISUAL EFFECTS,Gladiator,"John Nelson, Neil Corbould, Tim Burke, Rob Harvey",True
VISUAL EFFECTS,Hollow Man,"Scott E. Anderson, Craig Hayes, Scott Stokdyk, Stan Parks",True
VISUAL EFFECTS,The Perfect Storm,"Stefen Fangmeier, Habib Zargarpour, John Frazier, Walt Conti",True
WRITING (Adapted Screenplay),Chocolat,Screenplay by Robert Nelson Jacobs,True
WRITING (Adapted Screenplay),"Crouching Tiger, Hidden Dragon",Written by Wang Hui Ling and James Schamus and Tsai Kuo Jung,True
WRITING (Adapted Screenplay),"O Brother, Where Art Thou?",Written by Ethan Coen & Joel Coen,True
WRITING (Adapted Screenplay),Traffic,Screenplay by Stephen Gaghan,True
WRITING (Adapted Screenplay),Wonder Boys,Screenplay by Steve Kloves,True
WRITING (Original Screenplay),Almost Famous,Written by Cameron Crowe,True
WRITING (Original Screenplay),Billy Elliot,Written by Lee Hall,True
WRITING (Original Screenplay),Erin Brockovich,Written by Susannah Grant,True
WRITING (Original Screenplay),Gladiator,Screenplay by David Franzoni and John Logan and William Nicholson; Story by David Franzoni,True
WRITING (Original Screenplay),You Can Count on Me,Written by Kenneth Lonergan,True
ACTOR IN A LEADING ROLE,A Beautiful Mind,Russell Crowe,True
ACTOR IN A LEADING ROLE,I Am Sam,Sean Penn,True
ACTOR IN A LEADING ROLE,Ali,Will Smith,True
ACTOR IN A LEADING ROLE,Training Day,Denzel Washington,True
ACTOR IN A LEADING ROLE,In the Bedroom,Tom Wilkinson,True
ACTOR IN A SUPPORTING ROLE,Iris,Jim Broadbent,True
ACTOR IN A SUPPORTING ROLE,Training Day,Ethan Hawke,True
ACTOR IN A SUPPORTING ROLE,Sexy Beast,Ben Kingsley,True
ACTOR IN A SUPPORTING ROLE,The Lord of the Rings: The Fellowship of the Ring,Ian McKellen,True
ACTOR IN A SUPPORTING ROLE,Ali,Jon Voight,True
ACTRESS IN A LEADING ROLE,Monster's Ball,Halle Berry,True
ACTRESS IN A LEADING ROLE,Iris,Judi Dench,True
ACTRESS IN A LEADING ROLE,Moulin Rouge,Nicole Kidman,True
ACTRESS IN A LEADING ROLE,In the Bedroom,Sissy Spacek,True
ACTRESS IN A LEADING ROLE,Bridget Jones's Diary,Renée Zellweger,True
ACTRESS IN A SUPPORTING ROLE,A Beautiful Mind,Jennifer Connelly,True
ACTRESS IN A SUPPORTING ROLE,Gosford Park,Helen Mirren,True
ACTRESS IN A SUPPORTING ROLE,Gosford Park,Maggie Smith,True
ACTRESS IN A SUPPORTING ROLE,In the Bedroom,Marisa Tomei,True
ACTRESS IN A SUPPORTING ROLE,Iris,Kate Winslet,True
ANIMATED FEATURE FILM,Jimmy Neutron: Boy Genius,"Steve Oedekerk, John A. Davis",True
ANIMATED FEATURE FILM,"Monsters, Inc.","Pete Docter, John Lasseter",True
ANIMATED FEATURE FILM,Shrek,Aron Warner,True
ART DIRECTION,Amélie,Art Direction: Aline Bonetto; Set Decoration: Marie-Laure Valla,True
ART DIRECTION,Gosford Park,Art Direction: Stephen Altman; Set Decoration: Anna Pinnock,True
ART DIRECTION,Harry Potter and the Sorcerer's Stone,Art Direction: Stuart Craig; Set Decoration: Stephenie McMillan,True
ART DIRECTION,The Lord of the Rings: The Fellowship of the Ring,Art Direction: Grant Major; Set Decoration: Dan Hennah,True
ART DIRECTION,Moulin Rouge,Art Direction: Catherine Martin; Set Decoration: Brigitte Broch,True
CINEMATOGRAPHY,Amélie,Bruno Delbonnel,True
CINEMATOGRAPHY,Black Hawk Down,Slawomir Idziak,True
CINEMATOGRAPHY,The Lord of the Rings: The Fellowship of the Ring,Andrew Lesnie,True
CINEMATOGRAPHY,The Man Who Wasn't There,Roger Deakins,True
CINEMATOGRAPHY,Moulin Rouge,Donald M. McAlpine,True
COSTUME DESIGN,The Affair of the Necklace,Milena Canonero,True
COSTUME DESIGN,Gosford Park,Jenny Beavan,True
COSTUME DESIGN,Harry Potter and the Sorcerer's Stone,Judianna Makovsky,True
COSTUME DESIGN,The Lord of the Rings: The Fellowship of the Ring,"Ngila Dickson, Richard Taylor",True
COSTUME DESIGN,Moulin Rouge,"Catherine Martin, Angus Strathie",True
DIRECTING,A Beautiful Mind,Ron Howard,True
DIRECTING,Black Hawk Down,Ridley Scott,True
DIRECTING,Gosford Park,Robert Altman,True
DIRECTING,The Lord of the Rings: The Fellowship of the Ring,Peter Jackson,True
DIRECTING,Mulholland Drive,David Lynch,True
DOCUMENTARY (Feature),Children Underground,Edet Belzberg,True
DOCUMENTARY (Feature),LaLee's Kin: The Legacy of Cotton,"Susan Froemke, Deborah Dickson",True
DOCUMENTARY (Feature),Murder on a Sunday Morning,"Jean-Xavier de Lestrade, Denis Poncet",True
DOCUMENTARY (Feature),Promises,"Justine Shapiro, B.Z. Goldberg",True
DOCUMENTARY (Feature),War Photographer,Christian Frei,True
DOCUMENTARY (Short Subject),Artists and Orphans: A True Drama,Lianne Klapper McNally,True
DOCUMENTARY (Short Subject),Sing!,"Freida Lee Mock, Jessica Sanders",True
DOCUMENTARY (Short Subject),Thoth,"Sarah Kernochan, Lynn Appelle",True
FILM EDITING,A Beautiful Mind,"Mike Hill, Dan Hanley",True
FILM EDITING,Black Hawk Down,Pietro Scalia,True
FILM EDITING,The Lord of the Rings: The Fellowship of the Ring,John Gilbert,True
FILM EDITING,Memento,Dody Dorn,True
FILM EDITING,Moulin Rouge,Jill Bilcock,True
INTERNATIONAL FEATURE FILM,Amélie,France,True
INTERNATIONAL FEATURE FILM,Elling,Norway,True
INTERNATIONAL FEATURE FILM,Lagaan,India,True
INTERNATIONAL FEATURE FILM,No Man's Land,Bosnia & Herzegovina,True
INTERNATIONAL FEATURE FILM,Son of the Bride,Argentina,True
MAKEUP AND HAIRSTYLING,A Beautiful Mind,"Greg Cannom, Colleen Callaghan",True
MAKEUP AND HAIRSTYLING,The Lord of the Rings: The Fellowship of the Ring,"Peter Owen, Richard Taylor",True
MAKEUP AND HAIRSTYLING,Moulin Rouge,"Maurizio Silvi, Aldo Signoretti",True
MUSIC (Original Score),A.I. Artificial Intelligence,John Williams,True
MUSIC (Original Score),A Beautiful Mind,James Horner,True
MUSIC (Original Score),Harry Potter and the Sorcerer's Stone,John Williams,True
MUSIC (Original Score),The Lord of the Rings: The Fellowship of the Ring,Howard Shore,True
MUSIC (Original Score),"Monsters, Inc.",Randy Newman,True
MUSIC (Original Song),"Monsters, Inc.",Music and Lyric by Randy Newman,True
MUSIC (Original Song),The Lord of the Rings: The Fellowship of the Ring,"Music and Lyric by Enya, Nicky Ryan and Roma Ryan",True
MUSIC (Original Song),Pearl Harbor,Music and Lyric by Diane Warren,True
MUSIC (Original Song),Kate & Leopold,Music and Lyric by Sting,True
MUSIC (Original Song),Vanilla Sky,Music and Lyric by Paul McCartney,True
BEST PICTURE,A Beautiful Mind,"Brian Grazer and Ron Howard, Producers",True
BEST PICTURE,Gosford Park,"Robert Altman, Bob Balaban and David Levy, Producers",True
BEST PICTURE,In the Bedroom,"Graham Leader, Ross Katz and Todd Field, Producers",True
BEST PICTURE,The Lord of the Rings: The Fellowship of the Ring,"Peter Jackson, Fran Walsh and Barrie M. Osborne, Producers",True
BEST PICTURE,Moulin Rouge,"Martin Brown, Baz Luhrmann and Fred Baron, Producers",True
SHORT FILM (Animated),Fifty Percent Grey,"Ruairi Robinson, Seamus Byrne",True
SHORT FILM (Animated),For the Birds,Ralph Eggleston,True
SHORT FILM (Animated),Give Up Yer Aul Sins,"Cathal Gaffney, Darragh O'Connell",True
SHORT FILM (Animated),Strange Invaders,Cordell Barker,True
SHORT FILM (Animated),Stubble Trouble,Joseph E. Merideth,True
SHORT FILM (Live Action),the accountant,"Ray McKinnon, Lisa Blount",True
SHORT FILM (Live Action),Copy Shop,Virgil Widrich,True
SHORT FILM (Live Action),Gregor's Greatest Invention,Johannes Kiefer,True
SHORT FILM (Live Action),A Man Thing (Meska Sprawa),"Slawomir Fabicki, Bogumil Godfrejow",True
SHORT FILM (Live Action),Speed for Thespians,"Kalman Apple, Shameela Bakhsh",True
SOUND MIXING,Amélie,"Vincent Arnardi, Guillaume Leriche, Jean Umansky",True
SOUND MIXING,Black Hawk Down,"Michael Minkler, Myron Nettinga, Chris Munro",True
SOUND MIXING,The Lord of the Rings: The Fellowship of the Ring,"Christopher Boyes, Michael Semanick, Gethin Creagh, Hammond Peek",True
SOUND MIXING,Moulin Rouge,"Andy Nelson, Anna Behlmer, Roger Savage, Guntis Sics",True
SOUND MIXING,Pearl Harbor,"Kevin O'Connell, Greg P. Russell, Peter J. Devlin",True
SOUND EDITING,"Monsters, Inc.","Gary Rydstrom, Michael Silvers",True
SOUND EDITING,Pearl Harbor,"George Watters II, Christopher Boyes",True
VISUAL EFFECTS,A.I. Artificial Intelligence,"Dennis Muren, Scott Farrar, Stan Winston, Michael Lantieri",True
VISUAL EFFECTS,The Lord of the Rings: The Fellowship of the Ring,"Jim Rygiel, Randall William Cook, Richard Taylor, Mark Stetson",True
VISUAL EFFECTS,Pearl Harbor,"Eric Brevig, John Frazier, Ed Hirsh, Ben Snow",True
WRITING (Adapted Screenplay),A Beautiful Mind,Written by Akiva Goldsman,True
WRITING (Adapted Screenplay),Ghost World,Written by Daniel Clowes & Terry Zwigoff,True
WRITING (Adapted Screenplay),In the Bedroom,Screenplay by Rob Festinger and Todd Field,True
WRITING (Adapted Screenplay),The Lord of the Rings: The Fellowship of the Ring,"Screenplay by Fran Walsh, Philippa Boyens, Peter Jackson",True
WRITING (Adapted Screenplay),Shrek,Written by Ted Elliott & Terry Rossio and Joe Stillman and Roger S.H. Schulman,True
WRITING (Original Screenplay),Amélie,Screenplay by Guillaume Laurant and Jean-Pierre Jeunet; Dialogue by Guillaume Laurant,True
WRITING (Original Screenplay),Gosford Park,Written by Julian Fellowes,True
WRITING (Original Screenplay),Memento,Screenplay by Christopher Nolan; Story by Jonathan Nolan,True
WRITING (Original Screenplay),Monster's Ball,Written by Milo Addica & Will Rokos,True
WRITING (Original Screenplay),The Royal Tenenbaums,Written by Wes Anderson & Owen Wilson,True
ACTOR IN A LEADING ROLE,The Pianist,Adrien Brody,True
ACTOR IN A LEADING ROLE,Adaptation,Nicolas Cage,True
ACTOR IN A LEADING ROLE,The Quiet American,Michael Caine,True
ACTOR IN A LEADING ROLE,Gangs of New York,Daniel Day-Lewis,True
ACTOR IN A LEADING ROLE,About Schmidt,Jack Nicholson,True
ACTOR IN A SUPPORTING ROLE,Adaptation,Chris Cooper,True
ACTOR IN A SUPPORTING ROLE,The Hours,Ed Harris,True
ACTOR IN A SUPPORTING ROLE,Road to Perdition,Paul Newman,True
ACTOR IN A SUPPORTING ROLE,Chicago,John C. Reilly,True
ACTOR IN A SUPPORTING ROLE,Catch Me If You Can,Christopher Walken,True
ACTRESS IN A LEADING ROLE,Frida,Salma Hayek,True
ACTRESS IN A LEADING ROLE,The Hours,Nicole Kidman,True
ACTRESS IN A LEADING ROLE,Unfaithful,Diane Lane,True
ACTRESS IN A LEADING ROLE,Far from Heaven,Julianne Moore,True
ACTRESS IN A LEADING ROLE,Chicago,Renée Zellweger,True
ACTRESS IN A SUPPORTING ROLE,About Schmidt,Kathy Bates,True
ACTRESS IN A SUPPORTING ROLE,The Hours,Julianne Moore,True
ACTRESS IN A SUPPORTING ROLE,Chicago,Queen Latifah,True
ACTRESS IN A SUPPORTING ROLE,Adaptation,Meryl Streep,True
ACTRESS IN A SUPPORTING ROLE,Chicago,Catherine Zeta-Jones,True
ANIMATED FEATURE FILM,Ice Age,Chris Wedge,True
ANIMATED FEATURE FILM,Lilo & Stitch,Chris Sanders,True
ANIMATED FEATURE FILM,Spirit: Stallion of the Cimarron,Jeffrey Katzenberg,True
ANIMATED FEATURE FILM,Spirited Away,Hayao Miyazaki,True
ANIMATED FEATURE FILM,Treasure Planet,Ron Clements,True
ART DIRECTION,Chicago,Art Direction: John Myhre; Set Decoration: Gordon Sim,True
ART DIRECTION,Frida,Art Direction: Felipe Fernandez del Paso; Set Decoration: Hania Robledo,True
ART DIRECTION,Gangs of New York,Art Direction: Dante Ferretti; Set Decoration: Francesca Lo Schiavo,True
ART DIRECTION,The Lord of the Rings: The Two Towers,Art Direction: Grant Major; Set Decoration: Dan Hennah and Alan Lee,True
ART DIRECTION,Road to Perdition,Art Direction: Dennis Gassner; Set Decoration: Nancy Haigh,True
CINEMATOGRAPHY,Chicago,Dion Beebe,True
CINEMATOGRAPHY,Far from Heaven,Edward Lachman,True
CINEMATOGRAPHY,Gangs of New York,Michael Ballhaus,True
CINEMATOGRAPHY,The Pianist,Pawel Edelman,True
CINEMATOGRAPHY,Road to Perdition,Conrad L. Hall,True
COSTUME DESIGN,Chicago,Colleen Atwood,True
COSTUME DESIGN,Frida,Julie Weiss,True
COSTUME DESIGN,Gangs of New York,Sandy Powell,True
COSTUME DESIGN,The Hours,Ann Roth,True
COSTUME DESIGN,The Pianist,Anna Sheppard,True
DIRECTING,Chicago,Rob Marshall,True
DIRECTING,Gangs of New York,Martin Scorsese,True
DIRECTING,The Hours,Stephen Daldry,True
DIRECTING,The Pianist,Roman Polanski,True
DIRECTING,Talk to Her,Pedro Almodóvar,True
DOCUMENTARY (Feature),Bowling for Columbine,"Michael Moore, Michael Donovan",True
DOCUMENTARY (Feature),Daughter from Danang,"Gail Dolgin, Vicente Franco",True
DOCUMENTARY (Feature),Prisoner of Paradise,"Malcolm Clarke, Stuart Sender",True
DOCUMENTARY (Feature),Spellbound,"Jeffrey Blitz, Sean Welch",True
DOCUMENTARY (Feature),Winged Migration,Jacques Perrin,True
DOCUMENTARY (Short Subject),The Collector of Bedford Street,Alice Elliott,True
DOCUMENTARY (Short Subject),Mighty Times: The Legacy of Rosa Parks,"Robert Hudson, Bobby Houston",True
DOCUMENTARY (Short Subject),Twin Towers,"Bill Guttentag, Robert David Port",True
DOCUMENTARY (Short Subject),Why Can't We Be a Family Again?,"Roger Weisberg, Murray Nossel",True
FILM EDITING,Chicago,Martin Walsh,True
FILM EDITING,Gangs of New York,Thelma Schoonmaker,True
FILM EDITING,The Hours,Peter Boyle,True
FILM EDITING,The Lord of the Rings: The Two Towers,Michael Horton,True
FILM EDITING,The Pianist,Hervé de Luze,True
INTERNATIONAL FEATURE FILM,El Crimen del Padre Amaro,Mexico,True
INTERNATIONAL FEATURE FILM,Hero,People's Republic of China,True
INTERNATIONAL FEATURE FILM,The Man without a Past,Finland,True
INTERNATIONAL FEATURE FILM,Nowhere in Africa,Germany,True
INTERNATIONAL FEATURE FILM,Zus & Zo,The Netherlands,True
MAKEUP AND HAIRSTYLING,Frida,"John Jackson, Beatrice De Alba",True
MAKEUP AND HAIRSTYLING,The Time Machine,"John M. Elliott, Jr., Barbara Lorenz",True
MUSIC (Original Score),Catch Me If You Can,John Williams,True
MUSIC (Original Score),Far from Heaven,Elmer Bernstein,True
MUSIC (Original Score),Frida,Elliot Goldenthal,True
MUSIC (Original Score),The Hours,Philip Glass,True
MUSIC (Original Score),Road to Perdition,Thomas Newman,True
MUSIC (Original Song),Frida,Music by Elliot Goldenthal; Lyric by Julie Taymor,True
MUSIC (Original Song),The Wild Thornberrys Movie,Music and Lyric by Paul Simon,True
MUSIC (Original Song),Gangs of New York,"Music and Lyric by Bono, The Edge, Adam Clayton and Larry Mullen",True
MUSIC (Original Song),Chicago,Music by John Kander; Lyric by Fred Ebb,True
MUSIC (Original Song),8 Mile,"Music by Eminem, Jeff Bass and Luis Resto; Lyric by Eminem",True
BEST PICTURE,Chicago,"Martin Richards, Producer",True
BEST PICTURE,Gangs of New York,"Alberto Grimaldi and Harvey Weinstein, Producers",True
BEST PICTURE,The Hours,"Scott Rudin and Robert Fox, Producers",True
BEST PICTURE,The Lord of the Rings: The Two Towers,"Barrie M. Osborne, Fran Walsh and Peter Jackson, Producers",True
BEST PICTURE,The Pianist,"Roman Polanski, Robert Benmussa and Alain Sarde, Producers",True
SHORT FILM (Animated),The Cathedral,Tomek Baginski,True
SHORT FILM (Animated),The ChubbChubbs!,Eric Armstrong,True
SHORT FILM (Animated),Das Rad,"Chris Stenner, Heidi Wittlinger",True
SHORT FILM (Animated),Mike's New Car,"Pete Docter, Roger Gould",True
SHORT FILM (Animated),Mt. Head,Koji Yamamura,True
SHORT FILM (Live Action),Fait D'Hiver,"Dirk Beliën, Anja Daelemans",True
SHORT FILM (Live Action),I'll Wait for the Next One... (J'Attendrai Le Suivant...),"Philippe Orreindy, Thomas Gaudin",True
SHORT FILM (Live Action),Inja (Dog),"Steven Pasvolsky, Joe Weatherstone",True
SHORT FILM (Live Action),Johnny Flynton,"Lexi Alexander, Alexander Buono",True
SHORT FILM (Live Action),This Charming Man (Der Er En Yndig Mand),"Martin Strange-Hansen, Mie Andreasen",True
SOUND MIXING,Chicago,"Michael Minkler, Dominick Tavella, David Lee",True
SOUND MIXING,Gangs of New York,"Tom Fleischman, Eugene Gearty, Ivan Sharrock",True
SOUND MIXING,The Lord of the Rings: The Two Towers,"Christopher Boyes, Michael Semanick, Michael Hedges, Hammond Peek",True
SOUND MIXING,Road to Perdition,"Scott Millan, Bob Beemer, John Patrick Pritchett",True
SOUND MIXING,Spider-Man,"Kevin O'Connell, Greg P. Russell, Ed Novick",True
SOUND EDITING,The Lord of the Rings: The Two Towers,"Ethan Van der Ryn, Michael Hopkins",True
SOUND EDITING,Minority Report,"Richard Hymns, Gary Rydstrom",True
SOUND EDITING,Road to Perdition,Scott A. Hecker,True
VISUAL EFFECTS,The Lord of the Rings: The Two Towers,"Jim Rygiel, Joe Letteri, Randall William Cook, Alex Funke",True
VISUAL EFFECTS,Spider-Man,"John Dykstra, Scott Stokdyk, Anthony LaMolinara, John Frazier",True
VISUAL EFFECTS,Star Wars Episode II Attack of the Clones,"Rob Coleman, Pablo Helman, John Knoll, Ben Snow",True
WRITING (Adapted Screenplay),About a Boy,Screenplay by Peter Hedges and Chris Weitz & Paul Weitz,True
WRITING (Adapted Screenplay),Adaptation,Screenplay by Charlie Kaufman and Donald Kaufman,True
WRITING (Adapted Screenplay),Chicago,Screenplay by Bill Condon,True
WRITING (Adapted Screenplay),The Hours,Screenplay by David Hare,True
WRITING (Adapted Screenplay),The Pianist,Screenplay by Ronald Harwood,True
WRITING (Original Screenplay),Far from Heaven,Written by Todd Haynes,True
WRITING (Original Screenplay),Gangs of New York,Screenplay by Jay Cocks and Steve Zaillian and Kenneth Lonergan; Story by Jay Cocks,True
WRITING (Original Screenplay),My Big Fat Greek Wedding,Written by Nia Vardalos,True
WRITING (Original Screenplay),Talk to Her,Written by Pedro Almodóvar,True
WRITING (Original Screenplay),Y Tu Mamá También,Written by Carlos Cuarón and Alfonso Cuarón,True
ACTOR IN A LEADING ROLE,Pirates of the Caribbean: The Curse of the Black Pearl,Johnny Depp,True
ACTOR IN A LEADING ROLE,House of Sand and Fog,Ben Kingsley,True
ACTOR IN A LEADING ROLE,Cold Mountain,Jude Law,True
ACTOR IN A LEADING ROLE,Lost in Translation,Bill Murray,True
ACTOR IN A LEADING ROLE,Mystic River,Sean Penn,True
ACTOR IN A SUPPORTING ROLE,The Cooler,Alec Baldwin,True
ACTOR IN A SUPPORTING ROLE,21 Grams,Benicio Del Toro,True
ACTOR IN A SUPPORTING ROLE,In America,Djimon Hounsou,True
ACTOR IN A SUPPORTING ROLE,Mystic River,Tim Robbins,True
ACTOR IN A SUPPORTING ROLE,The Last Samurai,Ken Watanabe,True
ACTRESS IN A LEADING ROLE,Whale Rider,Keisha Castle-Hughes,True
ACTRESS IN A LEADING ROLE,Something's Gotta Give,Diane Keaton,True
ACTRESS IN A LEADING ROLE,In America,Samantha Morton,True
ACTRESS IN A LEADING ROLE,Monster,Charlize Theron,True
ACTRESS IN A LEADING ROLE,21 Grams,Naomi Watts,True
ACTRESS IN A SUPPORTING ROLE,House of Sand and Fog,Shohreh Aghdashloo,True
ACTRESS IN A SUPPORTING ROLE,Pieces of April,Patricia Clarkson,True
ACTRESS IN A SUPPORTING ROLE,Mystic River,Marcia Gay Harden,True
ACTRESS IN A SUPPORTING ROLE,Thirteen,Holly Hunter,True
ACTRESS IN A SUPPORTING ROLE,Cold Mountain,Renée Zellweger,True
ANIMATED FEATURE FILM,Brother Bear,Aaron Blaise and Robert Walker,True
ANIMATED FEATURE FILM,Finding Nemo,Andrew Stanton,True
ANIMATED FEATURE FILM,The Triplets of Belleville,Sylvain Chomet,True
ART DIRECTION,Girl with a Pearl Earring,Art Direction: Ben Van Os; Set Decoration: Cecile Heideman,True
ART DIRECTION,The Last Samurai,Art Direction: Lilly Kilvert; Set Decoration: Gretchen Rau,True
ART DIRECTION,The Lord of the Rings: The Return of the King,Art Direction: Grant Major; Set Decoration: Dan Hennah and Alan Lee,True
ART DIRECTION,Master and Commander: The Far Side of the World,Art Direction: William Sandell; Set Decoration: Robert Gould,True
ART DIRECTION,Seabiscuit,Art Direction: Jeannine Oppewall; Set Decoration: Leslie Pope,True
CINEMATOGRAPHY,City of God,Cesar Charlone,True
CINEMATOGRAPHY,Cold Mountain,John Seale,True
CINEMATOGRAPHY,Girl with a Pearl Earring,Eduardo Serra,True
CINEMATOGRAPHY,Master and Commander: The Far Side of the World,Russell Boyd,True
CINEMATOGRAPHY,Seabiscuit,John Schwartzman,True
COSTUME DESIGN,Girl with a Pearl Earring,Dien van Straalen,True
COSTUME DESIGN,The Last Samurai,Ngila Dickson,True
COSTUME DESIGN,The Lord of the Rings: The Return of the King,Ngila Dickson and Richard Taylor,True
COSTUME DESIGN,Master and Commander: The Far Side of the World,Wendy Stites,True
COSTUME DESIGN,Seabiscuit,Judianna Makovsky,True
DIRECTING,City of God,Fernando Meirelles,True
DIRECTING,The Lord of the Rings: The Return of the King,Peter Jackson,True
DIRECTING,Lost in Translation,Sofia Coppola,True
DIRECTING,Master and Commander: The Far Side of the World,Peter Weir,True
DIRECTING,Mystic River,Clint Eastwood,True
DOCUMENTARY (Feature),Balseros,Carlos Bosch and Josep Maria Domenech,True
DOCUMENTARY (Feature),Capturing the Friedmans,Andrew Jarecki and Marc Smerling,True
DOCUMENTARY (Feature),The Fog of War,Errol Morris and Michael Williams,True
DOCUMENTARY (Feature),My Architect,Nathaniel Kahn and Susan R. Behr,True
DOCUMENTARY (Feature),The Weather Underground,Sam Green and Bill Siegel,True
DOCUMENTARY (Short Subject),Asylum,Sandy McLeod and Gini Reticker,True
DOCUMENTARY (Short Subject),Chernobyl Heart,Maryann DeLeo,True
DOCUMENTARY (Short Subject),Ferry Tales,Katja Esson,True
FILM EDITING,City of God,Daniel Rezende,True
FILM EDITING,Cold Mountain,Walter Murch,True
FILM EDITING,The Lord of the Rings: The Return of the King,Jamie Selkirk,True
FILM EDITING,Master and Commander: The Far Side of the World,Lee Smith,True
FILM EDITING,Seabiscuit,William Goldenberg,True
INTERNATIONAL FEATURE FILM,The Barbarian Invasions,Canada,True
INTERNATIONAL FEATURE FILM,Evil,Sweden,True
INTERNATIONAL FEATURE FILM,The Twilight Samurai,Japan,True
INTERNATIONAL FEATURE FILM,Twin Sisters,The Netherlands,True
INTERNATIONAL FEATURE FILM,Zelary,Czech Republic,True
MAKEUP AND HAIRSTYLING,The Lord of the Rings: The Return of the King,Richard Taylor and Peter King,True
MAKEUP AND HAIRSTYLING,Master and Commander: The Far Side of the World,Edouard Henriques III and Yolanda Toussieng,True
MAKEUP AND HAIRSTYLING,Pirates of the Caribbean: The Curse of the Black Pearl,Ve Neill and Martin Samuel,True
MUSIC (Original Score),Big Fish,Danny Elfman,True
MUSIC (Original Score),Cold Mountain,Gabriel Yared,True
MUSIC (Original Score),Finding Nemo,Thomas Newman,True
MUSIC (Original Score),House of Sand and Fog,James Horner,True
MUSIC (Original Score),The Lord of the Rings: The Return of the King,Howard Shore,True
MUSIC (Original Song),The Triplets of Belleville,Music by Benoît Charest; Lyric by Sylvain Chomet,True
MUSIC (Original Song),The Lord of the Rings: The Return of the King,Music and Lyric by Fran Walsh and Howard Shore and Annie Lennox,True
MUSIC (Original Song),A Mighty Wind,Music and Lyric by Michael McKean and Annette O'Toole,True
MUSIC (Original Song),Cold Mountain,Music and Lyric by T Bone Burnett and Elvis Costello,True
MUSIC (Original Song),Cold Mountain,Music and Lyric by Sting,True
BEST PICTURE,The Lord of the Rings: The Return of the King,"Barrie M. Osborne, Peter Jackson and Fran Walsh, Producers",True
BEST PICTURE,Lost in Translation,"Ross Katz and Sofia Coppola, Producers",True
BEST PICTURE,Master and Commander: The Far Side of the World,"Samuel Goldwyn, Jr., Peter Weir and Duncan Henderson, Producers",True
BEST PICTURE,Mystic River,"Robert Lorenz, Judie G. Hoyt and Clint Eastwood, Producers",True
BEST PICTURE,Seabiscuit,"Kathleen Kennedy, Frank Marshall and Gary Ross, Producers",True
SHORT FILM (Animated),Boundin',Bud Luckey,True
SHORT FILM (Animated),Destino,Dominique Monfery and Roy Edward Disney,True
SHORT FILM (Animated),Gone Nutty,Carlos Saldanha and John C. Donkin,True
SHORT FILM (Animated),Harvie Krumpet,Adam Elliot,True
SHORT FILM (Animated),Nibbles,Chris Hinton,True
SHORT FILM (Live Action),Die Rote Jacke (The Red Jacket),Florian Baxmeyer,True
SHORT FILM (Live Action),Most (The Bridge),Bobby Garabedian and William Zabka,True
SHORT FILM (Live Action),Squash,Lionel Bailliu,True
SHORT FILM (Live Action),(A) Torzija [(A) Torsion],Stefan Arsenijevi¿,True
SHORT FILM (Live Action),Two Soldiers,Aaron Schneider and Andrew J. Sacks,True
SOUND EDITING,Finding Nemo,Gary Rydstrom and Michael Silvers,True
SOUND EDITING,Master and Commander: The Far Side of the World,Richard King,True
SOUND EDITING,Pirates of the Caribbean: The Curse of the Black Pearl,Christopher Boyes and George Watters II,True
SOUND MIXING,The Last Samurai,"Andy Nelson, Anna Behlmer and Jeff Wexler",True
SOUND MIXING,The Lord of the Rings: The Return of the King,"Christopher Boyes, Michael Semanick, Michael Hedges and Hammond Peek",True
SOUND MIXING,Master and Commander: The Far Side of the World,"Paul Massey, D.M. Hemphill and Arthur Rochester",True
SOUND MIXING,Pirates of the Caribbean: The Curse of the Black Pearl,"Christopher Boyes, David Parker, David Campbell and Lee Orloff",True
SOUND MIXING,Seabiscuit,"Andy Nelson, Anna Behlmer and Tod A. Maitland",True
VISUAL EFFECTS,The Lord of the Rings: The Return of the King,"Jim Rygiel, Joe Letteri, Randall William Cook and Alex Funke",True
VISUAL EFFECTS,Master and Commander: The Far Side of the World,"Dan Sudick, Stefen Fangmeier, Nathan McGuinness and Robert Stromberg",True
VISUAL EFFECTS,Pirates of the Caribbean: The Curse of the Black Pearl,"John Knoll, Hal Hickel, Charles Gibson and Terry Frazee",True
WRITING (Adapted Screenplay),American Splendor,Written by Robert Pulcini & Shari Springer Berman,True
WRITING (Adapted Screenplay),City of God,Screenplay by Braulio Mantovani,True
WRITING (Adapted Screenplay),The Lord of the Rings: The Return of the King,"Screenplay by Fran Walsh, Philippa Boyens & Peter Jackson",True
WRITING (Adapted Screenplay),Mystic River,Screenplay by Brian Helgeland,True
WRITING (Adapted Screenplay),Seabiscuit,Written for the Screen by Gary Ross,True
WRITING (Original Screenplay),The Barbarian Invasions,Written by Denys Arcand,True
WRITING (Original Screenplay),Dirty Pretty Things,Written by Steven Knight,True
WRITING (Original Screenplay),Finding Nemo,"Screenplay by Andrew Stanton, Bob Peterson and David Reynolds; Original Story by Andrew Stanton",True
WRITING (Original Screenplay),In America,Written by Jim Sheridan & Naomi Sheridan & Kirsten Sheridan,True
WRITING (Original Screenplay),Lost in Translation,Written by Sofia Coppola,True
ACTOR IN A LEADING ROLE,Hotel Rwanda,Don Cheadle,True
ACTOR IN A LEADING ROLE,Finding Neverland,Johnny Depp,True
ACTOR IN A LEADING ROLE,The Aviator,Leonardo DiCaprio,True
ACTOR IN A LEADING ROLE,Million Dollar Baby,Clint Eastwood,True
ACTOR IN A LEADING ROLE,Ray,Jamie Foxx,True
ACTOR IN A SUPPORTING ROLE,The Aviator,Alan Alda,True
ACTOR IN A SUPPORTING ROLE,Sideways,Thomas Haden Church,True
ACTOR IN A SUPPORTING ROLE,Collateral,Jamie Foxx,True
ACTOR IN A SUPPORTING ROLE,Million Dollar Baby,Morgan Freeman,True
ACTOR IN A SUPPORTING ROLE,Closer,Clive Owen,True
ACTRESS IN A LEADING ROLE,Being Julia,Annette Bening,True
ACTRESS IN A LEADING ROLE,Maria Full of Grace,Catalina Sandino Moreno,True
ACTRESS IN A LEADING ROLE,Vera Drake,Imelda Staunton,True
ACTRESS IN A LEADING ROLE,Million Dollar Baby,Hilary Swank,True
ACTRESS IN A LEADING ROLE,Eternal Sunshine of the Spotless Mind,Kate Winslet,True
ACTRESS IN A SUPPORTING ROLE,The Aviator,Cate Blanchett,True
ACTRESS IN A SUPPORTING ROLE,Kinsey,Laura Linney,True
ACTRESS IN A SUPPORTING ROLE,Sideways,Virginia Madsen,True
ACTRESS IN A SUPPORTING ROLE,Hotel Rwanda,Sophie Okonedo,True
ACTRESS IN A SUPPORTING ROLE,Closer,Natalie Portman,True
ANIMATED FEATURE FILM,The Incredibles,Brad Bird,True
ANIMATED FEATURE FILM,Shark Tale,Bill Damaschke,True
ANIMATED FEATURE FILM,Shrek 2,Andrew Adamson,True
ART DIRECTION,The Aviator,Art Direction: Dante Ferretti; Set Decoration: Francesca Lo Schiavo,True
ART DIRECTION,Finding Neverland,Art Direction: Gemma Jackson; Set Decoration: Trisha Edwards,True
ART DIRECTION,Lemony Snicket's A Series of Unfortunate Events,Art Direction: Rick Heinrichs; Set Decoration: Cheryl Carasik,True
ART DIRECTION,The Phantom of the Opera,Art Direction: Anthony Pratt; Set Decoration: Celia Bobak,True
ART DIRECTION,A Very Long Engagement,Art Direction: Aline Bonetto,True
CINEMATOGRAPHY,The Aviator,Robert Richardson,True
CINEMATOGRAPHY,House of Flying Daggers,Zhao Xiaoding,True
CINEMATOGRAPHY,The Passion of the Christ,Caleb Deschanel,True
CINEMATOGRAPHY,The Phantom of the Opera,John Mathieson,True
CINEMATOGRAPHY,A Very Long Engagement,Bruno Delbonnel,True
COSTUME DESIGN,The Aviator,Sandy Powell,True
COSTUME DESIGN,Finding Neverland,Alexandra Byrne,True
COSTUME DESIGN,Lemony Snicket's A Series of Unfortunate Events,Colleen Atwood,True
COSTUME DESIGN,Ray,Sharen Davis,True
COSTUME DESIGN,Troy,Bob Ringwood,True
DIRECTING,The Aviator,Martin Scorsese,True
DIRECTING,Million Dollar Baby,Clint Eastwood,True
DIRECTING,Ray,Taylor Hackford,True
DIRECTING,Sideways,Alexander Payne,True
DIRECTING,Vera Drake,Mike Leigh,True
DOCUMENTARY (Feature),Born into Brothels,Ross Kauffman and Zana Briski,True
DOCUMENTARY (Feature),The Story of the Weeping Camel,Luigi Falorni and Byambasuren Davaa,True
DOCUMENTARY (Feature),Super Size Me,Morgan Spurlock,True
DOCUMENTARY (Feature),Tupac: Resurrection,Lauren Lazin and Karolyn Ali,True
DOCUMENTARY (Feature),Twist of Faith,Kirby Dick and Eddie Schmidt,True
DOCUMENTARY (Short Subject),Autism Is a World,Gerardine Wurzburg,True
DOCUMENTARY (Short Subject),The Children of Leningradsky,Hanna Polak and Andrzej Celinski,True
DOCUMENTARY (Short Subject),Hardwood,Hubert Davis and Erin Faith Young,True
DOCUMENTARY (Short Subject),Mighty Times: The Children's March,Robert Hudson and Bobby Houston,True
DOCUMENTARY (Short Subject),Sister Rose's Passion,Oren Jacoby and Steve Kalafer,True
FILM EDITING,The Aviator,Thelma Schoonmaker,True
FILM EDITING,Collateral,Jim Miller and Paul Rubell,True
FILM EDITING,Finding Neverland,Matt Chesse,True
FILM EDITING,Million Dollar Baby,Joel Cox,True
FILM EDITING,Ray,Paul Hirsch,True
INTERNATIONAL FEATURE FILM,As It Is in Heaven,Sweden,True
INTERNATIONAL FEATURE FILM,The Chorus (Les Choristes),France,True
INTERNATIONAL FEATURE FILM,Downfall,Germany,True
INTERNATIONAL FEATURE FILM,The Sea Inside,Spain,True
INTERNATIONAL FEATURE FILM,Yesterday,South Africa,True
MAKEUP AND HAIRSTYLING,Lemony Snicket's A Series of Unfortunate Events,Valli O'Reilly and Bill Corso,True
MAKEUP AND HAIRSTYLING,The Passion of the Christ,Keith Vanderlaan and Christien Tinsley,True
MAKEUP AND HAIRSTYLING,The Sea Inside,Jo Allen and Manuel García,True
MUSIC (Original Score),Finding Neverland,Jan A.P. Kaczmarek,True
MUSIC (Original Score),Harry Potter and the Prisoner of Azkaban,John Williams,True
MUSIC (Original Score),Lemony Snicket's A Series of Unfortunate Events,Thomas Newman,True
MUSIC (Original Score),The Passion of the Christ,John Debney,True
MUSIC (Original Score),The Village,James Newton Howard,True
MUSIC (Original Song),Shrek 2,"Music by Adam Duritz, Charles Gillingham, Jim Bogios, David Immergluck, Matthew Malley and David Bryson; Lyric by Adam Duritz and Daniel Vickrey",True
MUSIC (Original Song),The Motorcycle Diaries,Music and Lyric by Jorge Drexler,True
MUSIC (Original Song),The Polar Express,Music and Lyric by Glen Ballard and Alan Silvestri,True
MUSIC (Original Song),The Phantom of the Opera,Music by Andrew Lloyd Webber; Lyric by Charles Hart,True
MUSIC (Original Song),The Chorus (Les Choristes),Music by Bruno Coulais; Lyric by Christophe Barratier,True
BEST PICTURE,The Aviator,"Michael Mann and Graham King, Producers",True
BEST PICTURE,Finding Neverland,"Richard N. Gladstein and Nellie Bellflower, Producers",True
BEST PICTURE,Million Dollar Baby,"Clint Eastwood, Albert S. Ruddy and Tom Rosenberg, Producers",True
BEST PICTURE,Ray,"Taylor Hackford, Stuart Benjamin and Howard Baldwin, Producers",True
BEST PICTURE,Sideways,"Michael London, Producer",True
SHORT FILM (Animated),Birthday Boy,Sejong Park and Andrew Gregory,True
SHORT FILM (Animated),Gopher Broke,Jeff Fowler and Tim Miller,True
SHORT FILM (Animated),Guard Dog,Bill Plympton,True
SHORT FILM (Animated),Lorenzo,Mike Gabriel and Baker Bloodworth,True
SHORT FILM (Animated),Ryan,Chris Landreth,True
SHORT FILM (Live Action),Everything in This Country Must,Gary McKendry,True
SHORT FILM (Live Action),Little Terrorist,Ashvin Kumar,True
SHORT FILM (Live Action),7:35 in the Morning (7:35 de la Mañana),Nacho Vigalondo,True
SHORT FILM (Live Action),"Two Cars, One Night",Taika Waititi and Ainsley Gardiner,True
SHORT FILM (Live Action),Wasp,Andrea Arnold,True
SOUND EDITING,The Incredibles,Michael Silvers and Randy Thom,True
SOUND EDITING,The Polar Express,Randy Thom and Dennis Leonard,True
SOUND EDITING,Spider-Man 2,Paul N.J. Ottosson,True
SOUND MIXING,The Aviator,Tom Fleischman and Petur Hliddal,True
SOUND MIXING,The Incredibles,"Randy Thom, Gary A. Rizzo and Doc Kane",True
SOUND MIXING,The Polar Express,"Randy Thom, Tom Johnson, Dennis Sands and William B. Kaplan",True
SOUND MIXING,Ray,"Scott Millan, Greg Orloff, Bob Beemer and Steve Cantamessa",True
SOUND MIXING,Spider-Man 2,"Kevin O'Connell, Greg P. Russell, Jeffrey J. Haboush and Joseph Geisinger",True
VISUAL EFFECTS,Harry Potter and the Prisoner of Azkaban,"Roger Guyett, Tim Burke, John Richardson and Bill George",True
VISUAL EFFECTS,"I, Robot","John Nelson, Andrew R. Jones, Erik Nash and Joe Letteri",True
VISUAL EFFECTS,Spider-Man 2,"John Dykstra, Scott Stokdyk, Anthony LaMolinara and John Frazier",True
WRITING (Adapted Screenplay),Before Sunset,Screenplay by Richard Linklater & Julie Delpy & Ethan Hawke; Story by Richard Linklater & Kim Krizan,True
WRITING (Adapted Screenplay),Finding Neverland,Screenplay by David Magee,True
WRITING (Adapted Screenplay),Million Dollar Baby,Screenplay by Paul Haggis,True
WRITING (Adapted Screenplay),The Motorcycle Diaries,Screenplay by José Rivera,True
WRITING (Adapted Screenplay),Sideways,Screenplay by Alexander Payne & Jim Taylor,True
WRITING (Original Screenplay),The Aviator,Written by John Logan,True
WRITING (Original Screenplay),Eternal Sunshine of the Spotless Mind,Screenplay by Charlie Kaufman; Story by Charlie Kaufman & Michel Gondry & Pierre Bismuth,True
WRITING (Original Screenplay),Hotel Rwanda,Written by Keir Pearson & Terry George,True
WRITING (Original Screenplay),The Incredibles,Written by Brad Bird,True
WRITING (Original Screenplay),Vera Drake,Written by Mike Leigh,True
ACTOR IN A LEADING ROLE,Capote,Philip Seymour Hoffman,True
ACTOR IN A LEADING ROLE,Hustle & Flow,Terrence Howard,True
ACTOR IN A LEADING ROLE,Brokeback Mountain,Heath Ledger,True
ACTOR IN A LEADING ROLE,Walk the Line,Joaquin Phoenix,True
ACTOR IN A LEADING ROLE,"Good Night, and Good Luck.",David Strathairn,True
ACTOR IN A SUPPORTING ROLE,Syriana,George Clooney,True
ACTOR IN A SUPPORTING ROLE,Crash,Matt Dillon,True
ACTOR IN A SUPPORTING ROLE,Cinderella Man,Paul Giamatti,True
ACTOR IN A SUPPORTING ROLE,Brokeback Mountain,Jake Gyllenhaal,True
ACTOR IN A SUPPORTING ROLE,A History of Violence,William Hurt,True
ACTRESS IN A LEADING ROLE,Mrs. Henderson Presents,Judi Dench,True
ACTRESS IN A LEADING ROLE,Transamerica,Felicity Huffman,True
ACTRESS IN A LEADING ROLE,Pride & Prejudice,Keira Knightley,True
ACTRESS IN A LEADING ROLE,North Country,Charlize Theron,True
ACTRESS IN A LEADING ROLE,Walk the Line,Reese Witherspoon,True
ACTRESS IN A SUPPORTING ROLE,Junebug,Amy Adams,True
ACTRESS IN A SUPPORTING ROLE,Capote,Catherine Keener,True
ACTRESS IN A SUPPORTING ROLE,North Country,Frances McDormand,True
ACTRESS IN A SUPPORTING ROLE,The Constant Gardener,Rachel Weisz,True
ACTRESS IN A SUPPORTING ROLE,Brokeback Mountain,Michelle Williams,True
ANIMATED FEATURE FILM,Howl's Moving Castle,Hayao Miyazaki,True
ANIMATED FEATURE FILM,Tim Burton's Corpse Bride,Mike Johnson and Tim Burton,True
ANIMATED FEATURE FILM,Wallace & Gromit in The Curse of the Were-Rabbit,Nick Park and Steve Box,True
ART DIRECTION,"Good Night, and Good Luck.",Art Direction: Jim Bissell; Set Decoration: Jan Pascale,True
ART DIRECTION,Harry Potter and the Goblet of Fire,Art Direction: Stuart Craig; Set Decoration: Stephenie McMillan,True
ART DIRECTION,King Kong,Art Direction: Grant Major; Set Decoration: Dan Hennah and Simon Bright,True
ART DIRECTION,Memoirs of a Geisha,Art Direction: John Myhre; Set Decoration: Gretchen Rau,True
ART DIRECTION,Pride & Prejudice,Art Direction: Sarah Greenwood; Set Decoration: Katie Spencer,True
CINEMATOGRAPHY,Batman Begins,Wally Pfister,True
CINEMATOGRAPHY,Brokeback Mountain,Rodrigo Prieto,True
CINEMATOGRAPHY,"Good Night, and Good Luck.",Robert Elswit,True
CINEMATOGRAPHY,Memoirs of a Geisha,Dion Beebe,True
CINEMATOGRAPHY,The New World,Emmanuel Lubezki,True
COSTUME DESIGN,Charlie and the Chocolate Factory,Gabriella Pescucci,True
COSTUME DESIGN,Memoirs of a Geisha,Colleen Atwood,True
COSTUME DESIGN,Mrs. Henderson Presents,Sandy Powell,True
COSTUME DESIGN,Pride & Prejudice,Jacqueline Durran,True
COSTUME DESIGN,Walk the Line,Arianne Phillips,True
DIRECTING,Brokeback Mountain,Ang Lee,True
DIRECTING,Capote,Bennett Miller,True
DIRECTING,Crash,Paul Haggis,True
DIRECTING,"Good Night, and Good Luck.",George Clooney,True
DIRECTING,Munich,Steven Spielberg,True
DOCUMENTARY (Feature),Darwin's Nightmare,Hubert Sauper,True
DOCUMENTARY (Feature),Enron: The Smartest Guys in the Room,Alex Gibney and Jason Kliot,True
DOCUMENTARY (Feature),March of the Penguins,Luc Jacquet and Yves Darondeau,True
DOCUMENTARY (Feature),Murderball,Henry-Alex Rubin and Dana Adam Shapiro,True
DOCUMENTARY (Feature),Street Fight,Marshall Curry,True
DOCUMENTARY (Short Subject),The Death of Kevin Carter: Casualty of the Bang Bang Club,Dan Krauss,True
DOCUMENTARY (Short Subject),God Sleeps in Rwanda,Kimberlee Acquaro and Stacy Sherman,True
DOCUMENTARY (Short Subject),The Mushroom Club,Steven Okazaki,True
DOCUMENTARY (Short Subject),A Note of Triumph: The Golden Age of Norman Corwin,Corinne Marrinan and Eric Simonson,True
FILM EDITING,Cinderella Man,Mike Hill and Dan Hanley,True
FILM EDITING,The Constant Gardener,Claire Simpson,True
FILM EDITING,Crash,Hughes Winborne,True
FILM EDITING,Munich,Michael Kahn,True
FILM EDITING,Walk the Line,Michael McCusker,True
INTERNATIONAL FEATURE FILM,Don't Tell,Italy,True
INTERNATIONAL FEATURE FILM,Joyeux Noël,France,True
INTERNATIONAL FEATURE FILM,Paradise Now,The Palestinian Territories,True
INTERNATIONAL FEATURE FILM,Sophie Scholl - The Final Days,Germany,True
INTERNATIONAL FEATURE FILM,Tsotsi,South Africa,True
MAKEUP AND HAIRSTYLING,"The Chronicles of Narnia: The Lion, the Witch and the Wardrobe",Howard Berger and Tami Lane,True
MAKEUP AND HAIRSTYLING,Cinderella Man,David Leroy Anderson and Lance Anderson,True
MAKEUP AND HAIRSTYLING,Star Wars: Episode III Revenge of the Sith,Dave Elsey and Nikki Gooley,True
MUSIC (Original Score),Brokeback Mountain,Gustavo Santaolalla,True
MUSIC (Original Score),The Constant Gardener,Alberto Iglesias,True
MUSIC (Original Score),Memoirs of a Geisha,John Williams,True
MUSIC (Original Score),Munich,John Williams,True
MUSIC (Original Score),Pride & Prejudice,Dario Marianelli,True
MUSIC (Original Song),Crash,"Music by Kathleen ""Bird"" York and Michael Becker; Lyric by Kathleen ""Bird"" York",True
MUSIC (Original Song),Hustle & Flow,"Music and Lyric by Jordan Houston, Cedric Coleman and Paul Beauregard",True
MUSIC (Original Song),Transamerica,Music and Lyric by Dolly Parton,True
BEST PICTURE,Brokeback Mountain,"Diana Ossana and James Schamus, Producers",True
BEST PICTURE,Capote,"Caroline Baron, William Vince and Michael Ohoven, Producers",True
BEST PICTURE,Crash,"Paul Haggis and Cathy Schulman, Producers",True
BEST PICTURE,"Good Night, and Good Luck.","Grant Heslov, Producer",True
BEST PICTURE,Munich,"Kathleen Kennedy, Steven Spielberg and Barry Mendel, Producers",True
SHORT FILM (Animated),Badgered,Sharon Colman,True
SHORT FILM (Animated),The Moon and the Son: An Imagined Conversation,John Canemaker and Peggy Stern,True
SHORT FILM (Animated),The Mysterious Geographic Explorations of Jasper Morello,Anthony Lucas,True
SHORT FILM (Animated),9,Shane Acker,True
SHORT FILM (Animated),One Man Band,Andrew Jimenez and Mark Andrews,True
SHORT FILM (Live Action),Ausreisser (The Runaway),Ulrike Grote,True
SHORT FILM (Live Action),Cashback,Sean Ellis and Lene Bausager,True
SHORT FILM (Live Action),The Last Farm,Rúnar Rúnarsson and Thor S. Sigurjónsson,True
SHORT FILM (Live Action),Our Time Is Up,Rob Pearlstein and Pia Clemente,True
SHORT FILM (Live Action),Six Shooter,Martin McDonagh,True
SOUND EDITING,King Kong,Mike Hopkins and Ethan Van der Ryn,True
SOUND EDITING,Memoirs of a Geisha,Wylie Stateman,True
SOUND EDITING,War of the Worlds,Richard King,True
SOUND MIXING,"The Chronicles of Narnia: The Lion, the Witch and the Wardrobe","Terry Porter, Dean A. Zupancic and Tony Johnson",True
SOUND MIXING,King Kong,"Christopher Boyes, Michael Semanick, Michael Hedges and Hammond Peek",True
SOUND MIXING,Memoirs of a Geisha,"Kevin O'Connell, Greg P. Russell, Rick Kline and John Pritchett",True
SOUND MIXING,Walk the Line,"Paul Massey, D.M. Hemphill and Peter F. Kurland",True
SOUND MIXING,War of the Worlds,"Andy Nelson, Anna Behlmer and Ronald Judkins",True
VISUAL EFFECTS,"The Chronicles of Narnia: The Lion, the Witch and the Wardrobe","Dean Wright, Bill Westenhofer, Jim Berney and Scott Farrar",True
VISUAL EFFECTS,King Kong,"Joe Letteri, Brian Van't Hul, Christian Rivers and Richard Taylor",True
VISUAL EFFECTS,War of the Worlds,"Dennis Muren, Pablo Helman, Randal M. Dutra and Daniel Sudick",True
WRITING (Adapted Screenplay),Brokeback Mountain,Screenplay by Larry McMurtry & Diana Ossana,True
WRITING (Adapted Screenplay),Capote,Screenplay by Dan Futterman,True
WRITING (Adapted Screenplay),The Constant Gardener,Screenplay by Jeffrey Caine,True
WRITING (Adapted Screenplay),A History of Violence,Screenplay by Josh Olson,True
WRITING (Adapted Screenplay),Munich,Screenplay by Tony Kushner and Eric Roth,True
WRITING (Original Screenplay),Crash,Screenplay by Paul Haggis & Bobby Moresco; Story by Paul Haggis,True
WRITING (Original Screenplay),"Good Night, and Good Luck.",Screenplay by George Clooney & Grant Heslov,True
WRITING (Original Screenplay),Match Point,Written by Woody Allen,True
WRITING (Original Screenplay),The Squid and the Whale,Written by Noah Baumbach,True
WRITING (Original Screenplay),Syriana,Written by Stephen Gaghan,True
ACTOR IN A LEADING ROLE,Blood Diamond,Leonardo DiCaprio,True
ACTOR IN A LEADING ROLE,Half Nelson,Ryan Gosling,True
ACTOR IN A LEADING ROLE,Venus,Peter O'Toole,True
ACTOR IN A LEADING ROLE,The Pursuit of Happyness,Will Smith,True
ACTOR IN A LEADING ROLE,The Last King of Scotland,Forest Whitaker,True
ACTOR IN A SUPPORTING ROLE,Little Miss Sunshine,Alan Arkin,True
ACTOR IN A SUPPORTING ROLE,Little Children,Jackie Earle Haley,True
ACTOR IN A SUPPORTING ROLE,Blood Diamond,Djimon Hounsou,True
ACTOR IN A SUPPORTING ROLE,Dreamgirls,Eddie Murphy,True
ACTOR IN A SUPPORTING ROLE,The Departed,Mark Wahlberg,True
ACTRESS IN A LEADING ROLE,Volver,Penélope Cruz,True
ACTRESS IN A LEADING ROLE,Notes on a Scandal,Judi Dench,True
ACTRESS IN A LEADING ROLE,The Queen,Helen Mirren,True
ACTRESS IN A LEADING ROLE,The Devil Wears Prada,Meryl Streep,True
ACTRESS IN A LEADING ROLE,Little Children,Kate Winslet,True
ACTRESS IN A SUPPORTING ROLE,Babel,Adriana Barraza,True
ACTRESS IN A SUPPORTING ROLE,Notes on a Scandal,Cate Blanchett,True
ACTRESS IN A SUPPORTING ROLE,Little Miss Sunshine,Abigail Breslin,True
ACTRESS IN A SUPPORTING ROLE,Dreamgirls,Jennifer Hudson,True
ACTRESS IN A SUPPORTING ROLE,Babel,Rinko Kikuchi,True
ANIMATED FEATURE FILM,Cars,John Lasseter,True
ANIMATED FEATURE FILM,Happy Feet,George Miller,True
ANIMATED FEATURE FILM,Monster House,Gil Kenan,True
ART DIRECTION,Dreamgirls,Art Direction: John Myhre; Set Decoration: Nancy Haigh,True
ART DIRECTION,The Good Shepherd,Art Direction: Jeannine Oppewall; Set Decoration: Gretchen Rau and Leslie E. Rollins,True
ART DIRECTION,Pan's Labyrinth,Art Direction: Eugenio Caballero; Set Decoration: Pilar Revuelta,True
ART DIRECTION,Pirates of the Caribbean: Dead Man's Chest,Art Direction: Rick Heinrichs; Set Decoration: Cheryl Carasik,True
ART DIRECTION,The Prestige,Art Direction: Nathan Crowley; Set Decoration: Julie Ochipinti,True
CINEMATOGRAPHY,The Black Dahlia,Vilmos Zsigmond,True
CINEMATOGRAPHY,Children of Men,Emmanuel Lubezki,True
CINEMATOGRAPHY,The Illusionist,Dick Pope,True
CINEMATOGRAPHY,Pan's Labyrinth,Guillermo Navarro,True
CINEMATOGRAPHY,The Prestige,Wally Pfister,True
COSTUME DESIGN,Curse of the Golden Flower,Yee Chung Man,True
COSTUME DESIGN,The Devil Wears Prada,Patricia Field,True
COSTUME DESIGN,Dreamgirls,Sharen Davis,True
COSTUME DESIGN,Marie Antoinette,Milena Canonero,True
COSTUME DESIGN,The Queen,Consolata Boyle,True
DIRECTING,Babel,Alejandro González Iñárritu,True
DIRECTING,The Departed,Martin Scorsese,True
DIRECTING,Letters from Iwo Jima,Clint Eastwood,True
DIRECTING,The Queen,Stephen Frears,True
DIRECTING,United 93,Paul Greengrass,True
DOCUMENTARY (Feature),Deliver Us from Evil,Amy Berg and Frank Donner,True
DOCUMENTARY (Feature),An Inconvenient Truth,Davis Guggenheim,True
DOCUMENTARY (Feature),Iraq in Fragments,James Longley and John Sinno,True
DOCUMENTARY (Feature),Jesus Camp,Heidi Ewing and Rachel Grady,True
DOCUMENTARY (Feature),"My Country, My Country",Laura Poitras and Jocelyn Glatzer,True
DOCUMENTARY (Short Subject),The Blood of Yingzhou District,Ruby Yang and Thomas Lennon,True
DOCUMENTARY (Short Subject),Recycled Life,Leslie Iwerks and Mike Glad,True
DOCUMENTARY (Short Subject),Rehearsing a Dream,Karen Goodman and Kirk Simon,True
DOCUMENTARY (Short Subject),Two Hands,Nathaniel Kahn and Susan Rose Behr,True
FILM EDITING,Babel,Stephen Mirrione and Douglas Crise,True
FILM EDITING,Blood Diamond,Steven Rosenblum,True
FILM EDITING,Children of Men,Alex Rodríguez and Alfonso Cuarón,True
FILM EDITING,The Departed,Thelma Schoonmaker,True
FILM EDITING,United 93,"Clare Douglas, Christopher Rouse and Richard Pearson",True
INTERNATIONAL FEATURE FILM,After the Wedding,Denmark,True
INTERNATIONAL FEATURE FILM,Days of Glory (Indigènes),Algeria,True
INTERNATIONAL FEATURE FILM,The Lives of Others,Germany,True
INTERNATIONAL FEATURE FILM,Pan's Labyrinth,Mexico,True
INTERNATIONAL FEATURE FILM,Water,Canada,True
MAKEUP AND HAIRSTYLING,Apocalypto,Aldo Signoretti and Vittorio Sodano,True
MAKEUP AND HAIRSTYLING,Click,Kazuhiro Tsuji and Bill Corso,True
MAKEUP AND HAIRSTYLING,Pan's Labyrinth,David Martí and Montse Ribé,True
MUSIC (Original Score),Babel,Gustavo Santaolalla,True
MUSIC (Original Score),The Good German,Thomas Newman,True
MUSIC (Original Score),Notes on a Scandal,Philip Glass,True
MUSIC (Original Score),Pan's Labyrinth,Javier Navarrete,True
MUSIC (Original Score),The Queen,Alexandre Desplat,True
MUSIC (Original Song),An Inconvenient Truth,Music and Lyric by Melissa Etheridge,True
MUSIC (Original Song),Dreamgirls,Music by Henry Krieger and Scott Cutler; Lyric by Anne Preven,True
MUSIC (Original Song),Dreamgirls,Music by Henry Krieger; Lyric by Siedah Garrett,True
MUSIC (Original Song),Cars,Music and Lyric by Randy Newman,True
MUSIC (Original Song),Dreamgirls,Music by Henry Krieger; Lyric by Willie Reale,True
BEST PICTURE,Babel,"Alejandro González Iñárritu, Jon Kilik and Steve Golin, Producers",True
BEST PICTURE,The Departed,"Graham King, Producer",True
BEST PICTURE,Letters from Iwo Jima,"Clint Eastwood, Steven Spielberg and Robert Lorenz, Producers",True
BEST PICTURE,Little Miss Sunshine,"David T. Friendly, Peter Saraf and Marc Turtletaub, Producers",True
BEST PICTURE,The Queen,"Andy Harries, Christine Langan and Tracey Seaward, Producers",True
SHORT FILM (Animated),The Danish Poet,Torill Kove,True
SHORT FILM (Animated),Lifted,Gary Rydstrom,True
SHORT FILM (Animated),The Little Matchgirl,Roger Allers and Don Hahn,True
SHORT FILM (Animated),Maestro,Géza M. Tóth,True
SHORT FILM (Animated),No Time for Nuts,Chris Renaud and Michael Thurmeier,True
SHORT FILM (Live Action),Binta and the Great Idea (Binta Y La Gran Idea),Javier Fesser and Luis Manso,True
SHORT FILM (Live Action),Éramos Pocos (One Too Many),Borja Cobeaga,True
SHORT FILM (Live Action),Helmer & Son,Søren Pilmark and Kim Magnusson,True
SHORT FILM (Live Action),The Saviour,Peter Templeman and Stuart Parkyn,True
SHORT FILM (Live Action),West Bank Story,Ari Sandel,True
SOUND EDITING,Apocalypto,Sean McCormack and Kami Asgar,True
SOUND EDITING,Blood Diamond,Lon Bender,True
SOUND EDITING,Flags of Our Fathers,Alan Robert Murray and Bub Asman,True
SOUND EDITING,Letters from Iwo Jima,Alan Robert Murray and Bub Asman,True
SOUND EDITING,Pirates of the Caribbean: Dead Man's Chest,Christopher Boyes and George Watters II,True
SOUND MIXING,Apocalypto,"Kevin O'Connell, Greg P. Russell and Fernando Cámara",True
SOUND MIXING,Blood Diamond,"Andy Nelson, Anna Behlmer and Ivan Sharrock",True
SOUND MIXING,Dreamgirls,"Michael Minkler, Bob Beemer and Willie Burton",True
SOUND MIXING,Flags of Our Fathers,"John Reitz, Dave Campbell, Gregg Rudloff and Walt Martin",True
SOUND MIXING,Pirates of the Caribbean: Dead Man's Chest,"Paul Massey, Christopher Boyes and Lee Orloff",True
VISUAL EFFECTS,Pirates of the Caribbean: Dead Man's Chest,"John Knoll, Hal Hickel, Charles Gibson and Allen Hall",True
VISUAL EFFECTS,Poseidon,"Boyd Shermis, Kim Libreri, Chas Jarrett and John Frazier",True
VISUAL EFFECTS,Superman Returns,"Mark Stetson, Neil Corbould, Richard R. Hoover and Jon Thum",True
WRITING (Adapted Screenplay),Borat Cultural Learnings of America for Make Benefit Glorious Nation of Kazakhstan,Screenplay by Sacha Baron Cohen & Anthony Hines & Peter Baynham & Dan Mazer; Story by Sacha Baron Cohen & Peter Baynham & Anthony Hines & Todd Phillips,True
WRITING (Adapted Screenplay),Children of Men,Screenplay by Alfonso Cuarón & Timothy J. Sexton and David Arata and Mark Fergus & Hawk Ostby,True
WRITING (Adapted Screenplay),The Departed,Screenplay by William Monahan,True
WRITING (Adapted Screenplay),Little Children,Screenplay by Todd Field & Tom Perrotta,True
WRITING (Adapted Screenplay),Notes on a Scandal,Screenplay by Patrick Marber,True
WRITING (Original Screenplay),Babel,Written by Guillermo Arriaga,True
WRITING (Original Screenplay),Letters from Iwo Jima,Screenplay by Iris Yamashita; Story by Iris Yamashita & Paul Haggis,True
WRITING (Original Screenplay),Little Miss Sunshine,Written by Michael Arndt,True
WRITING (Original Screenplay),Pan's Labyrinth,Written by Guillermo del Toro,True
WRITING (Original Screenplay),The Queen,Written by Peter Morgan,True
ACTOR IN A LEADING ROLE,Michael Clayton,George Clooney,True
ACTOR IN A LEADING ROLE,There Will Be Blood,Daniel Day-Lewis,True
ACTOR IN A LEADING ROLE,Sweeney Todd The Demon Barber of Fleet Street,Johnny Depp,True
ACTOR IN A LEADING ROLE,In the Valley of Elah,Tommy Lee Jones,True
ACTOR IN A LEADING ROLE,Eastern Promises,Viggo Mortensen,True
ACTOR IN A SUPPORTING ROLE,The Assassination of Jesse James by the Coward Robert Ford,Casey Affleck,True
ACTOR IN A SUPPORTING ROLE,No Country for Old Men,Javier Bardem,True
ACTOR IN A SUPPORTING ROLE,Charlie Wilson's War,Philip Seymour Hoffman,True
ACTOR IN A SUPPORTING ROLE,Into the Wild,Hal Holbrook,True
ACTOR IN A SUPPORTING ROLE,Michael Clayton,Tom Wilkinson,True
ACTRESS IN A LEADING ROLE,Elizabeth: The Golden Age,Cate Blanchett,True
ACTRESS IN A LEADING ROLE,Away from Her,Julie Christie,True
ACTRESS IN A LEADING ROLE,La Vie en Rose,Marion Cotillard,True
ACTRESS IN A LEADING ROLE,The Savages,Laura Linney,True
ACTRESS IN A LEADING ROLE,Juno,Elliot Page,True
ACTRESS IN A SUPPORTING ROLE,I'm Not There,Cate Blanchett,True
ACTRESS IN A SUPPORTING ROLE,American Gangster,Ruby Dee,True
ACTRESS IN A SUPPORTING ROLE,Atonement,Saoirse Ronan,True
ACTRESS IN A SUPPORTING ROLE,Gone Baby Gone,Amy Ryan,True
ACTRESS IN A SUPPORTING ROLE,Michael Clayton,Tilda Swinton,True
ANIMATED FEATURE FILM,Persepolis,Marjane Satrapi and Vincent Paronnaud,True
ANIMATED FEATURE FILM,Ratatouille,Brad Bird,True
ANIMATED FEATURE FILM,Surf's Up,Ash Brannon and Chris Buck,True
ART DIRECTION,American Gangster,Art Direction: Arthur Max; Set Decoration: Beth A. Rubino,True
ART DIRECTION,Atonement,Art Direction: Sarah Greenwood; Set Decoration: Katie Spencer,True
ART DIRECTION,The Golden Compass,Art Direction: Dennis Gassner; Set Decoration: Anna Pinnock,True
ART DIRECTION,Sweeney Todd The Demon Barber of Fleet Street,Art Direction: Dante Ferretti; Set Decoration: Francesca Lo Schiavo,True
ART DIRECTION,There Will Be Blood,Art Direction: Jack Fisk; Set Decoration: Jim Erickson,True
CINEMATOGRAPHY,The Assassination of Jesse James by the Coward Robert Ford,Roger Deakins,True
CINEMATOGRAPHY,Atonement,Seamus McGarvey,True
CINEMATOGRAPHY,The Diving Bell and the Butterfly,Janusz Kaminski,True
CINEMATOGRAPHY,No Country for Old Men,Roger Deakins,True
CINEMATOGRAPHY,There Will Be Blood,Robert Elswit,True
COSTUME DESIGN,Across the Universe,Albert Wolsky,True
COSTUME DESIGN,Atonement,Jacqueline Durran,True
COSTUME DESIGN,Elizabeth: The Golden Age,Alexandra Byrne,True
COSTUME DESIGN,La Vie en Rose,Marit Allen,True
COSTUME DESIGN,Sweeney Todd The Demon Barber of Fleet Street,Colleen Atwood,True
DIRECTING,The Diving Bell and the Butterfly,Julian Schnabel,True
DIRECTING,Juno,Jason Reitman,True
DIRECTING,Michael Clayton,Tony Gilroy,True
DIRECTING,No Country for Old Men,Joel Coen and Ethan Coen,True
DIRECTING,There Will Be Blood,Paul Thomas Anderson,True
DOCUMENTARY (Feature),No End in Sight,Charles Ferguson and Audrey Marrs,True
DOCUMENTARY (Feature),Operation Homecoming: Writing the Wartime Experience,Richard E. Robbins,True
DOCUMENTARY (Feature),Sicko,Michael Moore and Meghan O'Hara,True
DOCUMENTARY (Feature),Taxi to the Dark Side,Alex Gibney and Eva Orner,True
DOCUMENTARY (Feature),War/Dance,Andrea Nix Fine and Sean Fine,True
DOCUMENTARY (Short Subject),Freeheld,Cynthia Wade and Vanessa Roth,True
DOCUMENTARY (Short Subject),La Corona (The Crown),Amanda Micheli and Isabel Vega,True
DOCUMENTARY (Short Subject),Salim Baba,Tim Sternberg and Francisco Bello,True
DOCUMENTARY (Short Subject),Sari's Mother,James Longley,True
FILM EDITING,The Bourne Ultimatum,Christopher Rouse,True
FILM EDITING,The Diving Bell and the Butterfly,Juliette Welfling,True
FILM EDITING,Into the Wild,Jay Cassidy,True
FILM EDITING,No Country for Old Men,Roderick Jaynes,True
FILM EDITING,There Will Be Blood,Dylan Tichenor,True
INTERNATIONAL FEATURE FILM,Beaufort,Israel,True
INTERNATIONAL FEATURE FILM,The Counterfeiters,Austria,True
INTERNATIONAL FEATURE FILM,Katyn,Poland,True
INTERNATIONAL FEATURE FILM,Mongol,Kazakhstan,True
INTERNATIONAL FEATURE FILM,12,Russia,True
MAKEUP AND HAIRSTYLING,La Vie en Rose,Didier Lavergne and Jan Archibald,True
MAKEUP AND HAIRSTYLING,Norbit,Rick Baker and Kazuhiro Tsuji,True
MAKEUP AND HAIRSTYLING,Pirates of the Caribbean: At World's End,Ve Neill and Martin Samuel,True
MUSIC (Original Score),Atonement,Dario Marianelli,True
MUSIC (Original Score),The Kite Runner,Alberto Iglesias,True
MUSIC (Original Score),Michael Clayton,James Newton Howard,True
MUSIC (Original Score),Ratatouille,Michael Giacchino,True
MUSIC (Original Score),3:10 to Yuma,Marco Beltrami,True
MUSIC (Original Song),Once,Music and Lyric by Glen Hansard and Marketa Irglova,True
MUSIC (Original Song),Enchanted,Music by Alan Menken; Lyric by Stephen Schwartz,True
MUSIC (Original Song),August Rush,"Music and Lyric by Jamal Joseph, Charles Mack and Tevin Thomas",True
BEST PICTURE,Atonement,"Tim Bevan, Eric Fellner and Paul Webster, Producers",True
BEST PICTURE,Juno,"Lianne Halfon, Mason Novick and Russell Smith, Producers",True
BEST PICTURE,Michael Clayton,"Sydney Pollack, Jennifer Fox and Kerry Orent, Producers",True
BEST PICTURE,No Country for Old Men,"Scott Rudin, Ethan Coen and Joel Coen, Producers",True
BEST PICTURE,There Will Be Blood,"JoAnne Sellar, Paul Thomas Anderson and Daniel Lupi, Producers",True
SHORT FILM (Animated),I Met the Walrus,Josh Raskin,True
SHORT FILM (Animated),Madame Tutli-Putli,Chris Lavis and Maciek Szczerbowski,True
SHORT FILM (Animated),Même les Pigeons Vont au Paradis (Even Pigeons Go to Heaven),Samuel Tourneux and Simon Vanesse,True
SHORT FILM (Animated),My Love (Moya Lyubov),Alexander Petrov,True
SHORT FILM (Animated),Peter & the Wolf,Suzie Templeton and Hugh Welchman,True
SHORT FILM (Live Action),At Night,Christian E. Christiansen and Louise Vesth,True
SHORT FILM (Live Action),Il Supplente (The Substitute),Andrea Jublin,True
SHORT FILM (Live Action),Le Mozart des Pickpockets (The Mozart of Pickpockets),Philippe Pollet-Villard,True
SHORT FILM (Live Action),Tanghi Argentini,Guido Thys and Anja Daelemans,True
SHORT FILM (Live Action),The Tonto Woman,Daniel Barber and Matthew Brown,True
SOUND EDITING,The Bourne Ultimatum,Karen Baker Landers and Per Hallberg,True
SOUND EDITING,No Country for Old Men,Skip Lievsay,True
SOUND EDITING,Ratatouille,Randy Thom and Michael Silvers,True
SOUND EDITING,There Will Be Blood,Christopher Scarabosio and Matthew Wood,True
SOUND EDITING,Transformers,Ethan Van der Ryn and Mike Hopkins,True
SOUND MIXING,The Bourne Ultimatum,"Scott Millan, David Parker and Kirk Francis",True
SOUND MIXING,No Country for Old Men,"Skip Lievsay, Craig Berkey, Greg Orloff and Peter Kurland",True
SOUND MIXING,Ratatouille,"Randy Thom, Michael Semanick and Doc Kane",True
SOUND MIXING,3:10 to Yuma,"Paul Massey, David Giammarco and Jim Stuebe",True
SOUND MIXING,Transformers,"Kevin O'Connell, Greg P. Russell and Peter J. Devlin",True
VISUAL EFFECTS,The Golden Compass,"Michael Fink, Bill Westenhofer, Ben Morris and Trevor Wood",True
VISUAL EFFECTS,Pirates of the Caribbean: At World's End,"John Knoll, Hal Hickel, Charles Gibson and John Frazier",True
VISUAL EFFECTS,Transformers,"Scott Farrar, Scott Benza, Russell Earl and John Frazier",True
WRITING (Adapted Screenplay),Atonement,Screenplay by Christopher Hampton,True
WRITING (Adapted Screenplay),Away from Her,Written by Sarah Polley,True
WRITING (Adapted Screenplay),The Diving Bell and the Butterfly,Screenplay by Ronald Harwood,True
WRITING (Adapted Screenplay),No Country for Old Men,Written for the screen by Joel Coen & Ethan Coen,True
WRITING (Adapted Screenplay),There Will Be Blood,Written for the Screen by Paul Thomas Anderson,True
WRITING (Original Screenplay),Juno,Written by Diablo Cody,True
WRITING (Original Screenplay),Lars and the Real Girl,Written by Nancy Oliver,True
WRITING (Original Screenplay),Michael Clayton,Written by Tony Gilroy,True
WRITING (Original Screenplay),Ratatouille,"Screenplay by Brad Bird; Story by Jan Pinkava, Jim Capobianco, Brad Bird",True
WRITING (Original Screenplay),The Savages,Written by Tamara Jenkins,True
ACTOR IN A LEADING ROLE,The Visitor,Richard Jenkins,True
ACTOR IN A LEADING ROLE,Frost/Nixon,Frank Langella,True
ACTOR IN A LEADING ROLE,Milk,Sean Penn,True
ACTOR IN A LEADING ROLE,The Curious Case of Benjamin Button,Brad Pitt,True
ACTOR IN A LEADING ROLE,The Wrestler,Mickey Rourke,True
ACTOR IN A SUPPORTING ROLE,Milk,Josh Brolin,True
ACTOR IN A SUPPORTING ROLE,Tropic Thunder,Robert Downey Jr.,True
ACTOR IN A SUPPORTING ROLE,Doubt,Philip Seymour Hoffman,True
ACTOR IN A SUPPORTING ROLE,The Dark Knight,Heath Ledger,True
ACTOR IN A SUPPORTING ROLE,Revolutionary Road,Michael Shannon,True
ACTRESS IN A LEADING ROLE,Rachel Getting Married,Anne Hathaway,True
ACTRESS IN A LEADING ROLE,Changeling,Angelina Jolie,True
ACTRESS IN A LEADING ROLE,Frozen River,Melissa Leo,True
ACTRESS IN A LEADING ROLE,Doubt,Meryl Streep,True
ACTRESS IN A LEADING ROLE,The Reader,Kate Winslet,True
ACTRESS IN A SUPPORTING ROLE,Doubt,Amy Adams,True
ACTRESS IN A SUPPORTING ROLE,Vicky Cristina Barcelona,Penélope Cruz,True
ACTRESS IN A SUPPORTING ROLE,Doubt,Viola Davis,True
ACTRESS IN A SUPPORTING ROLE,The Curious Case of Benjamin Button,Taraji P. Henson,True
ACTRESS IN A SUPPORTING ROLE,The Wrestler,Marisa Tomei,True
ANIMATED FEATURE FILM,Bolt,Chris Williams and Byron Howard,True
ANIMATED FEATURE FILM,Kung Fu Panda,John Stevenson and Mark Osborne,True
ANIMATED FEATURE FILM,WALL-E,Andrew Stanton,True
ART DIRECTION,Changeling,Art Direction: James J. Murakami; Set Decoration: Gary Fettis,True
ART DIRECTION,The Curious Case of Benjamin Button,Art Direction: Donald Graham Burt; Set Decoration: Victor J. Zolfo,True
ART DIRECTION,The Dark Knight,Art Direction: Nathan Crowley; Set Decoration: Peter Lando,True
ART DIRECTION,The Duchess,Art Direction: Michael Carlin; Set Decoration: Rebecca Alleway,True
ART DIRECTION,Revolutionary Road,Art Direction: Kristi Zea; Set Decoration: Debra Schutt,True
CINEMATOGRAPHY,Changeling,Tom Stern,True
CINEMATOGRAPHY,The Curious Case of Benjamin Button,Claudio Miranda,True
CINEMATOGRAPHY,The Dark Knight,Wally Pfister,True
CINEMATOGRAPHY,The Reader,Chris Menges and Roger Deakins,True
CINEMATOGRAPHY,Slumdog Millionaire,Anthony Dod Mantle,True
COSTUME DESIGN,Australia,Catherine Martin,True
COSTUME DESIGN,The Curious Case of Benjamin Button,Jacqueline West,True
COSTUME DESIGN,The Duchess,Michael O'Connor,True
COSTUME DESIGN,Milk,Danny Glicker,True
COSTUME DESIGN,Revolutionary Road,Albert Wolsky,True
DIRECTING,The Curious Case of Benjamin Button,David Fincher,True
DIRECTING,Frost/Nixon,Ron Howard,True
DIRECTING,Milk,Gus Van Sant,True
DIRECTING,The Reader,Stephen Daldry,True
DIRECTING,Slumdog Millionaire,Danny Boyle,True
DOCUMENTARY (Feature),The Betrayal (Nerakhoon),Ellen Kuras and Thavisouk Phrasavath,True
DOCUMENTARY (Feature),Encounters at the End of the World,Werner Herzog and Henry Kaiser,True
DOCUMENTARY (Feature),The Garden,Scott Hamilton Kennedy,True
DOCUMENTARY (Feature),Man on Wire,James Marsh and Simon Chinn,True
DOCUMENTARY (Feature),Trouble the Water,Tia Lessin and Carl Deal,True
DOCUMENTARY (Short Subject),The Conscience of Nhem En,Steven Okazaki,True
DOCUMENTARY (Short Subject),The Final Inch,Irene Taylor Brodsky and Tom Grant,True
DOCUMENTARY (Short Subject),Smile Pinki,Megan Mylan,True
DOCUMENTARY (Short Subject),The Witness - From the Balcony of Room 306,Adam Pertofsky and Margaret Hyde,True
FILM EDITING,The Curious Case of Benjamin Button,Kirk Baxter and Angus Wall,True
FILM EDITING,The Dark Knight,Lee Smith,True
FILM EDITING,Frost/Nixon,Mike Hill and Dan Hanley,True
FILM EDITING,Milk,Elliot Graham,True
FILM EDITING,Slumdog Millionaire,Chris Dickens,True
INTERNATIONAL FEATURE FILM,The Baader Meinhof Complex,Germany,True
INTERNATIONAL FEATURE FILM,The Class,France,True
INTERNATIONAL FEATURE FILM,Departures,Japan,True
INTERNATIONAL FEATURE FILM,Revanche,Austria,True
INTERNATIONAL FEATURE FILM,Waltz with Bashir,Israel,True
MAKEUP AND HAIRSTYLING,The Curious Case of Benjamin Button,Greg Cannom,True
MAKEUP AND HAIRSTYLING,The Dark Knight,"John Caglione, Jr. and Conor O'Sullivan",True
MAKEUP AND HAIRSTYLING,Hellboy II: The Golden Army,Mike Elizalde and Thom Floutz,True
MUSIC (Original Score),The Curious Case of Benjamin Button,Alexandre Desplat,True
MUSIC (Original Score),Defiance,James Newton Howard,True
MUSIC (Original Score),Milk,Danny Elfman,True
MUSIC (Original Score),Slumdog Millionaire,A.R. Rahman,True
MUSIC (Original Score),WALL-E,Thomas Newman,True
MUSIC (Original Song),WALL-E,Music by Peter Gabriel and Thomas Newman; Lyric by Peter Gabriel,True
MUSIC (Original Song),Slumdog Millionaire,Music by A.R. Rahman; Lyric by Gulzar,True
MUSIC (Original Song),Slumdog Millionaire,Music and Lyric by A.R. Rahman and Maya Arulpragasam,True
BEST PICTURE,The Curious Case of Benjamin Button,"Kathleen Kennedy, Frank Marshall and Ceán Chaffin, Producers",True
BEST PICTURE,Frost/Nixon,"Brian Grazer, Ron Howard and Eric Fellner, Producers",True
BEST PICTURE,Milk,"Dan Jinks and Bruce Cohen, Producers",True
BEST PICTURE,The Reader,"Anthony Minghella, Sydney Pollack, Donna Gigliotti and Redmond Morris, Producers",True
BEST PICTURE,Slumdog Millionaire,"Christian Colson, Producer",True
SHORT FILM (Animated),La Maison en Petits Cubes,Kunio Kato,True
SHORT FILM (Animated),Lavatory - Lovestory,Konstantin Bronzit,True
SHORT FILM (Animated),Oktapodi,Emud Mokhberi and Thierry Marchand,True
SHORT FILM (Animated),Presto,Doug Sweetland,True
SHORT FILM (Animated),This Way Up,Alan Smith and Adam Foulkes,True
SHORT FILM (Live Action),Auf der Strecke (On the Line),Reto Caffi,True
SHORT FILM (Live Action),Manon on the Asphalt,Elizabeth Marre and Olivier Pont,True
SHORT FILM (Live Action),New Boy,Steph Green and Tamara Anghie,True
SHORT FILM (Live Action),The Pig,Tivi Magnusson and Dorte Høgh,True
SHORT FILM (Live Action),Spielzeugland (Toyland),Jochen Alexander Freydank,True
SOUND EDITING,The Dark Knight,Richard King,True
SOUND EDITING,Iron Man,Frank Eulner and Christopher Boyes,True
SOUND EDITING,Slumdog Millionaire,Glenn Freemantle and Tom Sayers,True
SOUND EDITING,WALL-E,Ben Burtt and Matthew Wood,True
SOUND EDITING,Wanted,Wylie Stateman,True
SOUND MIXING,The Curious Case of Benjamin Button,"David Parker, Michael Semanick, Ren Klyce and Mark Weingarten",True
SOUND MIXING,The Dark Knight,"Lora Hirschberg, Gary Rizzo and Ed Novick",True
SOUND MIXING,Slumdog Millionaire,"Ian Tapp, Richard Pryke and Resul Pookutty",True
SOUND MIXING,WALL-E,"Tom Myers, Michael Semanick and Ben Burtt",True
SOUND MIXING,Wanted,"Chris Jenkins, Frank A. Montaño and Petr Forejt",True
VISUAL EFFECTS,The Curious Case of Benjamin Button,"Eric Barba, Steve Preeg, Burt Dalton and Craig Barron",True
VISUAL EFFECTS,The Dark Knight,"Nick Davis, Chris Corbould, Tim Webber and Paul Franklin",True
VISUAL EFFECTS,Iron Man,"John Nelson, Ben Snow, Dan Sudick and Shane Mahan",True
WRITING (Adapted Screenplay),The Curious Case of Benjamin Button,Screenplay by Eric Roth; Screen story by Eric Roth and Robin Swicord,True
WRITING (Adapted Screenplay),Doubt,Written by John Patrick Shanley,True
WRITING (Adapted Screenplay),Frost/Nixon,Screenplay by Peter Morgan,True
WRITING (Adapted Screenplay),The Reader,Screenplay by David Hare,True
WRITING (Adapted Screenplay),Slumdog Millionaire,Screenplay by Simon Beaufoy,True
WRITING (Original Screenplay),Frozen River,Written by Courtney Hunt,True
WRITING (Original Screenplay),Happy-Go-Lucky,Written by Mike Leigh,True
WRITING (Original Screenplay),In Bruges,Written by Martin McDonagh,True
WRITING (Original Screenplay),Milk,Written by Dustin Lance Black,True
WRITING (Original Screenplay),WALL-E,"Screenplay by Andrew Stanton, Jim Reardon; Original story by Andrew Stanton, Pete Docter",True
ACTOR IN A LEADING ROLE,Crazy Heart,Jeff Bridges,True
ACTOR IN A LEADING ROLE,Up in the Air,George Clooney,True
ACTOR IN A LEADING ROLE,A Single Man,Colin Firth,True
ACTOR IN A LEADING ROLE,Invictus,Morgan Freeman,True
ACTOR IN A LEADING ROLE,The Hurt Locker,Jeremy Renner,True
ACTOR IN A SUPPORTING ROLE,Invictus,Matt Damon,True
ACTOR IN A SUPPORTING ROLE,The Messenger,Woody Harrelson,True
ACTOR IN A SUPPORTING ROLE,The Last Station,Christopher Plummer,True
ACTOR IN A SUPPORTING ROLE,The Lovely Bones,Stanley Tucci,True
ACTOR IN A SUPPORTING ROLE,Inglourious Basterds,Christoph Waltz,True
ACTRESS IN A LEADING ROLE,The Blind Side,Sandra Bullock,True
ACTRESS IN A LEADING ROLE,The Last Station,Helen Mirren,True
ACTRESS IN A LEADING ROLE,An Education,Carey Mulligan,True
ACTRESS IN A LEADING ROLE,Precious: Based on the Novel 'Push' by Sapphire,Gabourey Sidibe,True
ACTRESS IN A LEADING ROLE,Julie & Julia,Meryl Streep,True
ACTRESS IN A SUPPORTING ROLE,Nine,Penélope Cruz,True
ACTRESS IN A SUPPORTING ROLE,Up in the Air,Vera Farmiga,True
ACTRESS IN A SUPPORTING ROLE,Crazy Heart,Maggie Gyllenhaal,True
ACTRESS IN A SUPPORTING ROLE,Up in the Air,Anna Kendrick,True
ACTRESS IN A SUPPORTING ROLE,Precious: Based on the Novel 'Push' by Sapphire,Mo'Nique,True
ANIMATED FEATURE FILM,Coraline,Henry Selick,True
ANIMATED FEATURE FILM,Fantastic Mr. Fox,Wes Anderson,True
ANIMATED FEATURE FILM,The Princess and the Frog,John Musker and Ron Clements,True
ANIMATED FEATURE FILM,The Secret of Kells,Tomm Moore,True
ANIMATED FEATURE FILM,Up,Pete Docter,True
ART DIRECTION,Avatar,Production Design: Rick Carter and Robert Stromberg; Set Decoration: Kim Sinclair,True
ART DIRECTION,The Imaginarium of Doctor Parnassus,Production Design: Dave Warren and Anastasia Masaro; Set Decoration: Caroline Smith,True
ART DIRECTION,Nine,Production Design: John Myhre; Set Decoration: Gordon Sim,True
ART DIRECTION,Sherlock Holmes,Production Design: Sarah Greenwood; Set Decoration: Katie Spencer,True
ART DIRECTION,The Young Victoria,Production Design: Patrice Vermette; Set Decoration: Maggie Gray,True
CINEMATOGRAPHY,Avatar,Mauro Fiore,True
CINEMATOGRAPHY,Harry Potter and the Half-Blood Prince,Bruno Delbonnel,True
CINEMATOGRAPHY,The Hurt Locker,Barry Ackroyd,True
CINEMATOGRAPHY,Inglourious Basterds,Robert Richardson,True
CINEMATOGRAPHY,The White Ribbon,Christian Berger,True
COSTUME DESIGN,Bright Star,Janet Patterson,True
COSTUME DESIGN,Coco before Chanel,Catherine Leterrier,True
COSTUME DESIGN,The Imaginarium of Doctor Parnassus,Monique Prudhomme,True
COSTUME DESIGN,Nine,Colleen Atwood,True
COSTUME DESIGN,The Young Victoria,Sandy Powell,True
DIRECTING,Avatar,James Cameron,True
DIRECTING,The Hurt Locker,Kathryn Bigelow,True
DIRECTING,Inglourious Basterds,Quentin Tarantino,True
DIRECTING,Precious: Based on the Novel 'Push' by Sapphire,Lee Daniels,True
DIRECTING,Up in the Air,Jason Reitman,True
DOCUMENTARY (Feature),Burma VJ,Anders Østergaard and Lise Lense-Møller,True
DOCUMENTARY (Feature),The Cove,Louie Psihoyos and Fisher Stevens,True
DOCUMENTARY (Feature),"Food, Inc.",Robert Kenner and Elise Pearlstein,True
DOCUMENTARY (Feature),The Most Dangerous Man in America: Daniel Ellsberg and the Pentagon Papers,Judith Ehrlich and Rick Goldsmith,True
DOCUMENTARY (Feature),Which Way Home,Rebecca Cammisa,True
DOCUMENTARY (Short Subject),China's Unnatural Disaster: The Tears of Sichuan Province,Jon Alpert and Matthew O'Neill,True
DOCUMENTARY (Short Subject),The Last Campaign of Governor Booth Gardner,Daniel Junge and Henry Ansbacher,True
DOCUMENTARY (Short Subject),The Last Truck: Closing of a GM Plant,Steven Bognar and Julia Reichert,True
DOCUMENTARY (Short Subject),Music by Prudence,Roger Ross Williams and Elinor Burkett,True
DOCUMENTARY (Short Subject),Rabbit à la Berlin,Bartek Konopka and Anna Wydra,True
FILM EDITING,Avatar,"Stephen Rivkin, John Refoua and James Cameron",True
FILM EDITING,District 9,Julian Clarke,True
FILM EDITING,The Hurt Locker,Bob Murawski and Chris Innis,True
FILM EDITING,Inglourious Basterds,Sally Menke,True
FILM EDITING,Precious: Based on the Novel 'Push' by Sapphire,Joe Klotz,True
INTERNATIONAL FEATURE FILM,Ajami,Israel,True
INTERNATIONAL FEATURE FILM,The Milk of Sorrow,Peru,True
INTERNATIONAL FEATURE FILM,A Prophet,France,True
INTERNATIONAL FEATURE FILM,The Secret in Their Eyes,Argentina,True
INTERNATIONAL FEATURE FILM,The White Ribbon,Germany,True
MAKEUP AND HAIRSTYLING,Il Divo,Aldo Signoretti and Vittorio Sodano,True
MAKEUP AND HAIRSTYLING,Star Trek,"Barney Burman, Mindy Hall and Joel Harlow",True
MAKEUP AND HAIRSTYLING,The Young Victoria,Jon Henry Gordon and Jenny Shircore,True
MUSIC (Original Score),Avatar,James Horner,True
MUSIC (Original Score),Fantastic Mr. Fox,Alexandre Desplat,True
MUSIC (Original Score),The Hurt Locker,Marco Beltrami and Buck Sanders,True
MUSIC (Original Score),Sherlock Holmes,Hans Zimmer,True
MUSIC (Original Score),Up,Michael Giacchino,True
MUSIC (Original Song),The Princess and the Frog,Music and Lyric by Randy Newman,True
MUSIC (Original Song),Paris 36,Music by Reinhardt Wagner; Lyric by Frank Thomas,True
MUSIC (Original Song),Nine,Music and Lyric by Maury Yeston,True
MUSIC (Original Song),Crazy Heart,Music and Lyric by Ryan Bingham and T Bone Burnett,True
BEST PICTURE,Avatar,"James Cameron and Jon Landau, Producers",True
BEST PICTURE,The Blind Side,"Gil Netter, Andrew A. Kosove and Broderick Johnson, Producers",True
BEST PICTURE,District 9,"Peter Jackson and Carolynne Cunningham, Producers",True
BEST PICTURE,An Education,"Finola Dwyer and Amanda Posey, Producers",True
BEST PICTURE,The Hurt Locker,"Kathryn Bigelow, Mark Boal, Nicolas Chartier and Greg Shapiro, Producers",True
BEST PICTURE,Inglourious Basterds,"Lawrence Bender, Producer",True
BEST PICTURE,Precious: Based on the Novel 'Push' by Sapphire,"Lee Daniels, Sarah Siegel-Magness and Gary Magness, Producers",True
BEST PICTURE,A Serious Man,"Joel Coen and Ethan Coen, Producers",True
BEST PICTURE,Up,"Jonas Rivera, Producer",True
BEST PICTURE,Up in the Air,"Daniel Dubiecki, Ivan Reitman and Jason Reitman, Producers",True
SHORT FILM (Animated),French Roast,Fabrice O. Joubert,True
SHORT FILM (Animated),Granny O'Grimm's Sleeping Beauty,Nicky Phelan and Darragh O'Connell,True
SHORT FILM (Animated),The Lady and the Reaper (La Dama y la Muerte),Javier Recio Gracia,True
SHORT FILM (Animated),Logorama,Nicolas Schmerkin,True
SHORT FILM (Animated),A Matter of Loaf and Death,Nick Park,True
SHORT FILM (Live Action),The Door,Juanita Wilson and James Flynn,True
SHORT FILM (Live Action),Instead of Abracadabra,Patrik Eklund and Mathias Fjellström,True
SHORT FILM (Live Action),Kavi,Gregg Helvey,True
SHORT FILM (Live Action),Miracle Fish,Luke Doolan and Drew Bailey,True
SHORT FILM (Live Action),The New Tenants,Joachim Back and Tivi Magnusson,True
SOUND EDITING,Avatar,Christopher Boyes and Gwendolyn Yates Whittle,True
SOUND EDITING,The Hurt Locker,Paul N.J. Ottosson,True
SOUND EDITING,Inglourious Basterds,Wylie Stateman,True
SOUND EDITING,Star Trek,Mark Stoeckinger and Alan Rankin,True
SOUND EDITING,Up,Michael Silvers and Tom Myers,True
SOUND MIXING,Avatar,"Christopher Boyes, Gary Summers, Andy Nelson and Tony Johnson",True
SOUND MIXING,The Hurt Locker,Paul N.J. Ottosson and Ray Beckett,True
SOUND MIXING,Inglourious Basterds,"Michael Minkler, Tony Lamberti and Mark Ulano",True
SOUND MIXING,Star Trek,"Anna Behlmer, Andy Nelson and Peter J. Devlin",True
SOUND MIXING,Transformers: Revenge of the Fallen,"Greg P. Russell, Gary Summers and Geoffrey Patterson",True
VISUAL EFFECTS,Avatar,"Joe Letteri, Stephen Rosenbaum, Richard Baneham and Andrew R. Jones",True
VISUAL EFFECTS,District 9,"Dan Kaufman, Peter Muyzers, Robert Habros and Matt Aitken",True
VISUAL EFFECTS,Star Trek,"Roger Guyett, Russell Earl, Paul Kavanagh and Burt Dalton",True
WRITING (Adapted Screenplay),District 9,Written by Neill Blomkamp and Terri Tatchell,True
WRITING (Adapted Screenplay),An Education,Screenplay by Nick Hornby,True
WRITING (Adapted Screenplay),In the Loop,"Screenplay by Jesse Armstrong, Simon Blackwell, Armando Iannucci, Tony Roche",True
WRITING (Adapted Screenplay),Precious: Based on the Novel 'Push' by Sapphire,Screenplay by Geoffrey Fletcher,True
WRITING (Adapted Screenplay),Up in the Air,Screenplay by Jason Reitman and Sheldon Turner,True
WRITING (Original Screenplay),The Hurt Locker,Written by Mark Boal,True
WRITING (Original Screenplay),Inglourious Basterds,Written by Quentin Tarantino,True
WRITING (Original Screenplay),The Messenger,Written by Alessandro Camon & Oren Moverman,True
WRITING (Original Screenplay),A Serious Man,Written by Joel Coen & Ethan Coen,True
WRITING (Original Screenplay),Up,"Screenplay by Bob Peterson, Pete Docter; Story by Pete Docter, Bob Peterson, Tom McCarthy",True
ACTOR IN A LEADING ROLE,Biutiful,Javier Bardem,True
ACTOR IN A LEADING ROLE,True Grit,Jeff Bridges,True
ACTOR IN A LEADING ROLE,The Social Network,Jesse Eisenberg,True
ACTOR IN A LEADING ROLE,The King's Speech,Colin Firth,True
ACTOR IN A LEADING ROLE,127 Hours,James Franco,True
ACTOR IN A SUPPORTING ROLE,The Fighter,Christian Bale,True
ACTOR IN A SUPPORTING ROLE,Winter's Bone,John Hawkes,True
ACTOR IN A SUPPORTING ROLE,The Town,Jeremy Renner,True
ACTOR IN A SUPPORTING ROLE,The Kids Are All Right,Mark Ruffalo,True
ACTOR IN A SUPPORTING ROLE,The King's Speech,Geoffrey Rush,True
ACTRESS IN A LEADING ROLE,The Kids Are All Right,Annette Bening,True
ACTRESS IN A LEADING ROLE,Rabbit Hole,Nicole Kidman,True
ACTRESS IN A LEADING ROLE,Winter's Bone,Jennifer Lawrence,True
ACTRESS IN A LEADING ROLE,Black Swan,Natalie Portman,True
ACTRESS IN A LEADING ROLE,Blue Valentine,Michelle Williams,True
ACTRESS IN A SUPPORTING ROLE,The Fighter,Amy Adams,True
ACTRESS IN A SUPPORTING ROLE,The King's Speech,Helena Bonham Carter,True
ACTRESS IN A SUPPORTING ROLE,The Fighter,Melissa Leo,True
ACTRESS IN A SUPPORTING ROLE,True Grit,Hailee Steinfeld,True
ACTRESS IN A SUPPORTING ROLE,Animal Kingdom,Jacki Weaver,True
ANIMATED FEATURE FILM,How to Train Your Dragon,Chris Sanders and Dean DeBlois,True
ANIMATED FEATURE FILM,The Illusionist,Sylvain Chomet,True
ANIMATED FEATURE FILM,Toy Story 3,Lee Unkrich,True
ART DIRECTION,Alice in Wonderland,Production Design: Robert Stromberg; Set Decoration: Karen O'Hara,True
ART DIRECTION,Harry Potter and the Deathly Hallows Part 1,Production Design: Stuart Craig; Set Decoration: Stephenie McMillan,True
ART DIRECTION,Inception,Production Design: Guy Hendrix Dyas; Set Decoration: Larry Dias and Doug Mowat,True
ART DIRECTION,The King's Speech,Production Design: Eve Stewart; Set Decoration: Judy Farr,True
ART DIRECTION,True Grit,Production Design: Jess Gonchor; Set Decoration: Nancy Haigh,True
CINEMATOGRAPHY,Black Swan,Matthew Libatique,True
CINEMATOGRAPHY,Inception,Wally Pfister,True
CINEMATOGRAPHY,The King's Speech,Danny Cohen,True
CINEMATOGRAPHY,The Social Network,Jeff Cronenweth,True
CINEMATOGRAPHY,True Grit,Roger Deakins,True
COSTUME DESIGN,Alice in Wonderland,Colleen Atwood,True
COSTUME DESIGN,I Am Love,Antonella Cannarozzi,True
COSTUME DESIGN,The King's Speech,Jenny Beavan,True
COSTUME DESIGN,The Tempest,Sandy Powell,True
COSTUME DESIGN,True Grit,Mary Zophres,True
DIRECTING,Black Swan,Darren Aronofsky,True
DIRECTING,The Fighter,David O. Russell,True
DIRECTING,The King's Speech,Tom Hooper,True
DIRECTING,The Social Network,David Fincher,True
DIRECTING,True Grit,Joel Coen and Ethan Coen,True
DOCUMENTARY (Feature),Exit through the Gift Shop,Banksy and Jaimie D'Cruz,True
DOCUMENTARY (Feature),Gasland,Josh Fox and Trish Adlesic,True
DOCUMENTARY (Feature),Inside Job,Charles Ferguson and Audrey Marrs,True
DOCUMENTARY (Feature),Restrepo,Tim Hetherington and Sebastian Junger,True
DOCUMENTARY (Feature),Waste Land,Lucy Walker and Angus Aynsley,True
DOCUMENTARY (Short Subject),Killing in the Name,Jed Rothstein,True
DOCUMENTARY (Short Subject),Poster Girl,Sara Nesson and Mitchell W. Block,True
DOCUMENTARY (Short Subject),Strangers No More,Karen Goodman and Kirk Simon,True
DOCUMENTARY (Short Subject),Sun Come Up,Jennifer Redfearn and Tim Metzger,True
DOCUMENTARY (Short Subject),The Warriors of Qiugang,Ruby Yang and Thomas Lennon,True
FILM EDITING,Black Swan,Andrew Weisblum,True
FILM EDITING,The Fighter,Pamela Martin,True
FILM EDITING,The King's Speech,Tariq Anwar,True
FILM EDITING,127 Hours,Jon Harris,True
FILM EDITING,The Social Network,Angus Wall and Kirk Baxter,True
INTERNATIONAL FEATURE FILM,Biutiful,Mexico,True
INTERNATIONAL FEATURE FILM,Dogtooth,Greece,True
INTERNATIONAL FEATURE FILM,In a Better World,Denmark,True
INTERNATIONAL FEATURE FILM,Incendies,Canada,True
INTERNATIONAL FEATURE FILM,Outside the Law (Hors-la-loi),Algeria,True
MAKEUP AND HAIRSTYLING,Barney's Version,Adrien Morot,True
MAKEUP AND HAIRSTYLING,The Way Back,"Edouard F. Henriques, Gregory Funk and Yolanda Toussieng",True
MAKEUP AND HAIRSTYLING,The Wolfman,Rick Baker and Dave Elsey,True
MUSIC (Original Score),How to Train Your Dragon,John Powell,True
MUSIC (Original Score),Inception,Hans Zimmer,True
MUSIC (Original Score),The King's Speech,Alexandre Desplat,True
MUSIC (Original Score),127 Hours,A.R. Rahman,True
MUSIC (Original Score),The Social Network,Trent Reznor and Atticus Ross,True
MUSIC (Original Song),Country Strong,"Music and Lyric by Tom Douglas, Troy Verges and Hillary Lindsey",True
MUSIC (Original Song),Tangled,Music by Alan Menken; Lyric by Glenn Slater,True
MUSIC (Original Song),127 Hours,Music by A.R. Rahman; Lyric by Dido and Rollo Armstrong,True
MUSIC (Original Song),Toy Story 3,Music and Lyric by Randy Newman,True
BEST PICTURE,Black Swan,"Mike Medavoy, Brian Oliver and Scott Franklin, Producers",True
BEST PICTURE,The Fighter,"David Hoberman, Todd Lieberman and Mark Wahlberg, Producers",True
BEST PICTURE,Inception,"Emma Thomas and Christopher Nolan, Producers",True
BEST PICTURE,The Kids Are All Right,"Gary Gilbert, Jeffrey Levy-Hinte and Celine Rattray, Producers",True
BEST PICTURE,The King's Speech,"Iain Canning, Emile Sherman and Gareth Unwin, Producers",True
BEST PICTURE,127 Hours,"Christian Colson, Danny Boyle and John Smithson, Producers",True
BEST PICTURE,The Social Network,"Scott Rudin, Dana Brunetti, Michael De Luca and Ceán Chaffin, Producers",True
BEST PICTURE,Toy Story 3,"Darla K. Anderson, Producer",True
BEST PICTURE,True Grit,"Scott Rudin, Ethan Coen and Joel Coen, Producers",True
BEST PICTURE,Winter's Bone,"Anne Rosellini and Alix Madigan-Yorkin, Producers",True
SHORT FILM (Animated),Day & Night,Teddy Newton,True
SHORT FILM (Animated),The Gruffalo,Jakob Schuh and Max Lang,True
SHORT FILM (Animated),Let's Pollute,Geefwee Boedoe,True
SHORT FILM (Animated),The Lost Thing,Shaun Tan and Andrew Ruhemann,True
SHORT FILM (Animated),"Madagascar, carnet de voyage (Madagascar, a Journey Diary)",Bastien Dubois,True
SHORT FILM (Live Action),The Confession,Tanel Toom,True
SHORT FILM (Live Action),The Crush,Michael Creagh,True
SHORT FILM (Live Action),God of Love,Luke Matheny,True
SHORT FILM (Live Action),Na Wewe,Ivan Goldschmidt,True
SHORT FILM (Live Action),Wish 143,Ian Barnes and Samantha Waite,True
SOUND EDITING,Inception,Richard King,True
SOUND EDITING,Toy Story 3,Tom Myers and Michael Silvers,True
SOUND EDITING,Tron: Legacy,Gwendolyn Yates Whittle and Addison Teague,True
SOUND EDITING,True Grit,Skip Lievsay and Craig Berkey,True
SOUND EDITING,Unstoppable,Mark P. Stoeckinger,True
SOUND MIXING,Inception,"Lora Hirschberg, Gary A. Rizzo and Ed Novick",True
SOUND MIXING,The King's Speech,"Paul Hamblin, Martin Jensen and John Midgley",True
SOUND MIXING,Salt,"Jeffrey J. Haboush, Greg P. Russell, Scott Millan and William Sarokin",True
SOUND MIXING,The Social Network,"Ren Klyce, David Parker, Michael Semanick and Mark Weingarten",True
SOUND MIXING,True Grit,"Skip Lievsay, Craig Berkey, Greg Orloff and Peter F. Kurland",True
VISUAL EFFECTS,Alice in Wonderland,"Ken Ralston, David Schaub, Carey Villegas and Sean Phillips",True
VISUAL EFFECTS,Harry Potter and the Deathly Hallows Part 1,"Tim Burke, John Richardson, Christian Manz and Nicolas Aithadi",True
VISUAL EFFECTS,Hereafter,"Michael Owens, Bryan Grill, Stephan Trojansky and Joe Farrell",True
VISUAL EFFECTS,Inception,"Paul Franklin, Chris Corbould, Andrew Lockley and Peter Bebb",True
VISUAL EFFECTS,Iron Man 2,"Janek Sirrs, Ben Snow, Ged Wright and Daniel Sudick",True
WRITING (Adapted Screenplay),127 Hours,Screenplay by Danny Boyle & Simon Beaufoy,True
WRITING (Adapted Screenplay),The Social Network,Screenplay by Aaron Sorkin,True
WRITING (Adapted Screenplay),Toy Story 3,"Screenplay by Michael Arndt; Story by John Lasseter, Andrew Stanton and Lee Unkrich",True
WRITING (Adapted Screenplay),True Grit,Written for the screen by Joel Coen & Ethan Coen,True
WRITING (Adapted Screenplay),Winter's Bone,Adapted for the screen by Debra Granik & Anne Rosellini,True
WRITING (Original Screenplay),Another Year,Written by Mike Leigh,True
WRITING (Original Screenplay),The Fighter,Screenplay by Scott Silver and Paul Tamasy & Eric Johnson; Story by Keith Dorrington & Paul Tamasy & Eric Johnson,True
WRITING (Original Screenplay),Inception,Written by Christopher Nolan,True
WRITING (Original Screenplay),The Kids Are All Right,Written by Lisa Cholodenko & Stuart Blumberg,True
WRITING (Original Screenplay),The King's Speech,Screenplay by David Seidler,True
ACTOR IN A LEADING ROLE,A Better Life,Demián Bichir,True
ACTOR IN A LEADING ROLE,The Descendants,George Clooney,True
ACTOR IN A LEADING ROLE,The Artist,Jean Dujardin,True
ACTOR IN A LEADING ROLE,Tinker Tailor Soldier Spy,Gary Oldman,True
ACTOR IN A LEADING ROLE,Moneyball,Brad Pitt,True
ACTOR IN A SUPPORTING ROLE,My Week with Marilyn,Kenneth Branagh,True
ACTOR IN A SUPPORTING ROLE,Moneyball,Jonah Hill,True
ACTOR IN A SUPPORTING ROLE,Warrior,Nick Nolte,True
ACTOR IN A SUPPORTING ROLE,Beginners,Christopher Plummer,True
ACTOR IN A SUPPORTING ROLE,Extremely Loud & Incredibly Close,Max von Sydow,True
ACTRESS IN A LEADING ROLE,Albert Nobbs,Glenn Close,True
ACTRESS IN A LEADING ROLE,The Help,Viola Davis,True
ACTRESS IN A LEADING ROLE,The Girl with the Dragon Tattoo,Rooney Mara,True
ACTRESS IN A LEADING ROLE,The Iron Lady,Meryl Streep,True
ACTRESS IN A LEADING ROLE,My Week with Marilyn,Michelle Williams,True
ACTRESS IN A SUPPORTING ROLE,The Artist,Bérénice Bejo,True
ACTRESS IN A SUPPORTING ROLE,The Help,Jessica Chastain,True
ACTRESS IN A SUPPORTING ROLE,Bridesmaids,Melissa McCarthy,True
ACTRESS IN A SUPPORTING ROLE,Albert Nobbs,Janet McTeer,True
ACTRESS IN A SUPPORTING ROLE,The Help,Octavia Spencer,True
ANIMATED FEATURE FILM,A Cat in Paris,Alain Gagnol and Jean-Loup Felicioli,True
ANIMATED FEATURE FILM,Chico & Rita,Fernando Trueba and Javier Mariscal,True
ANIMATED FEATURE FILM,Kung Fu Panda 2,Jennifer Yuh Nelson,True
ANIMATED FEATURE FILM,Puss in Boots,Chris Miller,True
ANIMATED FEATURE FILM,Rango,Gore Verbinski,True
ART DIRECTION,The Artist,Production Design: Laurence Bennett; Set Decoration: Robert Gould,True
ART DIRECTION,Harry Potter and the Deathly Hallows Part 2,Production Design: Stuart Craig; Set Decoration: Stephenie McMillan,True
ART DIRECTION,Hugo,Production Design: Dante Ferretti; Set Decoration: Francesca Lo Schiavo,True
ART DIRECTION,Midnight in Paris,Production Design: Anne Seibel; Set Decoration: Hélène Dubreuil,True
ART DIRECTION,War Horse,Production Design: Rick Carter; Set Decoration: Lee Sandales,True
CINEMATOGRAPHY,The Artist,Guillaume Schiffman,True
CINEMATOGRAPHY,The Girl with the Dragon Tattoo,Jeff Cronenweth,True
CINEMATOGRAPHY,Hugo,Robert Richardson,True
CINEMATOGRAPHY,The Tree of Life,Emmanuel Lubezki,True
CINEMATOGRAPHY,War Horse,Janusz Kaminski,True
COSTUME DESIGN,Anonymous,Lisy Christl,True
COSTUME DESIGN,The Artist,Mark Bridges,True
COSTUME DESIGN,Hugo,Sandy Powell,True
COSTUME DESIGN,Jane Eyre,Michael O'Connor,True
COSTUME DESIGN,W.E.,Arianne Phillips,True
DIRECTING,The Artist,Michel Hazanavicius,True
DIRECTING,The Descendants,Alexander Payne,True
DIRECTING,Hugo,Martin Scorsese,True
DIRECTING,Midnight in Paris,Woody Allen,True
DIRECTING,The Tree of Life,Terrence Malick,True
DOCUMENTARY (Feature),Hell and Back Again,Danfung Dennis and Mike Lerner,True
DOCUMENTARY (Feature),If a Tree Falls: A Story of the Earth Liberation Front,Marshall Curry and Sam Cullman,True
DOCUMENTARY (Feature),Paradise Lost 3: Purgatory,Joe Berlinger and Bruce Sinofsky,True
DOCUMENTARY (Feature),Pina,Wim Wenders and Gian-Piero Ringel,True
DOCUMENTARY (Feature),Undefeated,"TJ Martin, Dan Lindsay and Rich Middlemas",True
DOCUMENTARY (Short Subject),The Barber of Birmingham: Foot Soldier of the Civil Rights Movement,Robin Fryday and Gail Dolgin,True
DOCUMENTARY (Short Subject),God Is the Bigger Elvis,Rebecca Cammisa and Julie Anderson,True
DOCUMENTARY (Short Subject),Incident in New Baghdad,James Spione,True
DOCUMENTARY (Short Subject),Saving Face,Daniel Junge and Sharmeen Obaid-Chinoy,True
DOCUMENTARY (Short Subject),The Tsunami and the Cherry Blossom,Lucy Walker and Kira Carstensen,True
FILM EDITING,The Artist,Anne-Sophie Bion and Michel Hazanavicius,True
FILM EDITING,The Descendants,Kevin Tent,True
FILM EDITING,The Girl with the Dragon Tattoo,Kirk Baxter and Angus Wall,True
FILM EDITING,Hugo,Thelma Schoonmaker,True
FILM EDITING,Moneyball,Christopher Tellefsen,True
INTERNATIONAL FEATURE FILM,Bullhead,Belgium,True
INTERNATIONAL FEATURE FILM,Footnote,Israel,True
INTERNATIONAL FEATURE FILM,In Darkness,Poland,True
INTERNATIONAL FEATURE FILM,Monsieur Lazhar,Canada,True
INTERNATIONAL FEATURE FILM,A Separation,Iran,True
MAKEUP AND HAIRSTYLING,Albert Nobbs,"Martial Corneville, Lynn Johnston and Matthew W. Mungle",True
MAKEUP AND HAIRSTYLING,Harry Potter and the Deathly Hallows Part 2,"Nick Dudman, Amanda Knight and Lisa Tomblin",True
MAKEUP AND HAIRSTYLING,The Iron Lady,Mark Coulier and J. Roy Helland,True
MUSIC (Original Score),The Adventures of Tintin,John Williams,True
MUSIC (Original Score),The Artist,Ludovic Bource,True
MUSIC (Original Score),Hugo,Howard Shore,True
MUSIC (Original Score),Tinker Tailor Soldier Spy,Alberto Iglesias,True
MUSIC (Original Score),War Horse,John Williams,True
MUSIC (Original Song),The Muppets,Music and Lyric by Bret McKenzie,True
MUSIC (Original Song),Rio,Music by Sergio Mendes and Carlinhos Brown; Lyric by Siedah Garrett,True
BEST PICTURE,The Artist,"Thomas Langmann, Producer",True
BEST PICTURE,The Descendants,"Jim Burke, Alexander Payne and Jim Taylor, Producers",True
BEST PICTURE,Extremely Loud & Incredibly Close,"Scott Rudin, Producer",True
BEST PICTURE,The Help,"Brunson Green, Chris Columbus and Michael Barnathan, Producers",True
BEST PICTURE,Hugo,"Graham King and Martin Scorsese, Producers",True
BEST PICTURE,Midnight in Paris,"Letty Aronson and Stephen Tenenbaum, Producers",True
BEST PICTURE,Moneyball,"Michael De Luca, Rachael Horovitz and Brad Pitt, Producers",True
BEST PICTURE,The Tree of Life,"Sarah Green, Bill Pohlad, Dede Gardner and Grant Hill, Producers",True
BEST PICTURE,War Horse,"Steven Spielberg and Kathleen Kennedy, Producers",True
SHORT FILM (Animated),Dimanche/Sunday,Patrick Doyon,True
SHORT FILM (Animated),The Fantastic Flying Books of Mr. Morris Lessmore,William Joyce and Brandon Oldenburg,True
SHORT FILM (Animated),La Luna,Enrico Casarosa,True
SHORT FILM (Animated),A Morning Stroll,Grant Orchard and Sue Goffe,True
SHORT FILM (Animated),Wild Life,Amanda Forbis and Wendy Tilby,True
SHORT FILM (Live Action),Pentecost,Peter McDonald and Eimear O'Kane,True
SHORT FILM (Live Action),Raju,Max Zähle and Stefan Gieren,True
SHORT FILM (Live Action),The Shore,Terry George and Oorlagh George,True
SHORT FILM (Live Action),Time Freak,Andrew Bowler and Gigi Causey,True
SHORT FILM (Live Action),Tuba Atlantic,Hallvar Witzø,True
SOUND EDITING,Drive,Lon Bender and Victor Ray Ennis,True
SOUND EDITING,The Girl with the Dragon Tattoo,Ren Klyce,True
SOUND EDITING,Hugo,Philip Stockton and Eugene Gearty,True
SOUND EDITING,Transformers: Dark of the Moon,Ethan Van der Ryn and Erik Aadahl,True
SOUND EDITING,War Horse,Richard Hymns and Gary Rydstrom,True
SOUND MIXING,The Girl with the Dragon Tattoo,"David Parker, Michael Semanick, Ren Klyce and Bo Persson",True
SOUND MIXING,Hugo,Tom Fleischman and John Midgley,True
SOUND MIXING,Moneyball,"Deb Adair, Ron Bochar, David Giammarco and Ed Novick",True
SOUND MIXING,Transformers: Dark of the Moon,"Greg P. Russell, Gary Summers, Jeffrey J. Haboush and Peter J. Devlin",True
SOUND MIXING,War Horse,"Gary Rydstrom, Andy Nelson, Tom Johnson and Stuart Wilson",True
VISUAL EFFECTS,Harry Potter and the Deathly Hallows Part 2,"Tim Burke, David Vickery, Greg Butler and John Richardson",True
VISUAL EFFECTS,Hugo,"Rob Legato, Joss Williams, Ben Grossmann and Alex Henning",True
VISUAL EFFECTS,Real Steel,"Erik Nash, John Rosengrant, Dan Taylor and Swen Gillberg",True
VISUAL EFFECTS,Rise of the Planet of the Apes,"Joe Letteri, Dan Lemmon, R. Christopher White and Daniel Barrett",True
VISUAL EFFECTS,Transformers: Dark of the Moon,"Scott Farrar, Scott Benza, Matthew Butler and John Frazier",True
WRITING (Adapted Screenplay),The Descendants,Screenplay by Alexander Payne and Nat Faxon & Jim Rash,True
WRITING (Adapted Screenplay),Hugo,Screenplay by John Logan,True
WRITING (Adapted Screenplay),The Ides of March,Screenplay by George Clooney & Grant Heslov and Beau Willimon,True
WRITING (Adapted Screenplay),Moneyball,Screenplay by Steven Zaillian and Aaron Sorkin; Story by Stan Chervin,True
WRITING (Adapted Screenplay),Tinker Tailor Soldier Spy,Screenplay by Bridget O'Connor & Peter Straughan,True
WRITING (Original Screenplay),The Artist,Written by Michel Hazanavicius,True
WRITING (Original Screenplay),Bridesmaids,Written by Annie Mumolo & Kristen Wiig,True
WRITING (Original Screenplay),Margin Call,Written by J.C. Chandor,True
WRITING (Original Screenplay),Midnight in Paris,Written by Woody Allen,True
WRITING (Original Screenplay),A Separation,Written by Asghar Farhadi,True
ACTOR IN A LEADING ROLE,Silver Linings Playbook,Bradley Cooper,True
ACTOR IN A LEADING ROLE,Lincoln,Daniel Day-Lewis,True
ACTOR IN A LEADING ROLE,Les Misérables,Hugh Jackman,True
ACTOR IN A LEADING ROLE,The Master,Joaquin Phoenix,True
ACTOR IN A LEADING ROLE,Flight,Denzel Washington,True
ACTOR IN A SUPPORTING ROLE,Argo,Alan Arkin,True
ACTOR IN A SUPPORTING ROLE,Silver Linings Playbook,Robert De Niro,True
ACTOR IN A SUPPORTING ROLE,The Master,Philip Seymour Hoffman,True
ACTOR IN A SUPPORTING ROLE,Lincoln,Tommy Lee Jones,True
ACTOR IN A SUPPORTING ROLE,Django Unchained,Christoph Waltz,True
ACTRESS IN A LEADING ROLE,Zero Dark Thirty,Jessica Chastain,True
ACTRESS IN A LEADING ROLE,Silver Linings Playbook,Jennifer Lawrence,True
ACTRESS IN A LEADING ROLE,Amour,Emmanuelle Riva,True
ACTRESS IN A LEADING ROLE,Beasts of the Southern Wild,Quvenzhané Wallis,True
ACTRESS IN A LEADING ROLE,The Impossible,Naomi Watts,True
ACTRESS IN A SUPPORTING ROLE,The Master,Amy Adams,True
ACTRESS IN A SUPPORTING ROLE,Lincoln,Sally Field,True
ACTRESS IN A SUPPORTING ROLE,Les Misérables,Anne Hathaway,True
ACTRESS IN A SUPPORTING ROLE,The Sessions,Helen Hunt,True
ACTRESS IN A SUPPORTING ROLE,Silver Linings Playbook,Jacki Weaver,True
ANIMATED FEATURE FILM,Brave,Mark Andrews and Brenda Chapman,True
ANIMATED FEATURE FILM,Frankenweenie,Tim Burton,True
ANIMATED FEATURE FILM,ParaNorman,Sam Fell and Chris Butler,True
ANIMATED FEATURE FILM,The Pirates! Band of Misfits,Peter Lord,True
ANIMATED FEATURE FILM,Wreck-It Ralph,Rich Moore,True
CINEMATOGRAPHY,Anna Karenina,Seamus McGarvey,True
CINEMATOGRAPHY,Django Unchained,Robert Richardson,True
CINEMATOGRAPHY,Life of Pi,Claudio Miranda,True
CINEMATOGRAPHY,Lincoln,Janusz Kaminski,True
CINEMATOGRAPHY,Skyfall,Roger Deakins,True
COSTUME DESIGN,Anna Karenina,Jacqueline Durran,True
COSTUME DESIGN,Les Misérables,Paco Delgado,True
COSTUME DESIGN,Lincoln,Joanna Johnston,True
COSTUME DESIGN,Mirror Mirror,Eiko Ishioka,True
COSTUME DESIGN,Snow White and the Huntsman,Colleen Atwood,True
DIRECTING,Amour,Michael Haneke,True
DIRECTING,Beasts of the Southern Wild,Benh Zeitlin,True
DIRECTING,Life of Pi,Ang Lee,True
DIRECTING,Lincoln,Steven Spielberg,True
DIRECTING,Silver Linings Playbook,David O. Russell,True
DOCUMENTARY (Feature),5 Broken Cameras,Emad Burnat and Guy Davidi,True
DOCUMENTARY (Feature),The Gatekeepers,"Dror Moreh, Philippa Kowarsky and Estelle Fialon",True
DOCUMENTARY (Feature),How to Survive a Plague,David France and Howard Gertler,True
DOCUMENTARY (Feature),The Invisible War,Kirby Dick and Amy Ziering,True
DOCUMENTARY (Feature),Searching for Sugar Man,Malik Bendjelloul and Simon Chinn,True
DOCUMENTARY (Short Subject),Inocente,Sean Fine and Andrea Nix Fine,True
DOCUMENTARY (Short Subject),Kings Point,Sari Gilman and Jedd Wider,True
DOCUMENTARY (Short Subject),Mondays at Racine,Cynthia Wade and Robin Honan,True
DOCUMENTARY (Short Subject),Open Heart,Kief Davidson and Cori Shepherd Stern,True
DOCUMENTARY (Short Subject),Redemption,Jon Alpert and Matthew O'Neill,True
FILM EDITING,Argo,William Goldenberg,True
FILM EDITING,Life of Pi,Tim Squyres,True
FILM EDITING,Lincoln,Michael Kahn,True
FILM EDITING,Silver Linings Playbook,Jay Cassidy and Crispin Struthers,True
FILM EDITING,Zero Dark Thirty,Dylan Tichenor and William Goldenberg,True
INTERNATIONAL FEATURE FILM,Amour,Austria,True
INTERNATIONAL FEATURE FILM,Kon-Tiki,Norway,True
INTERNATIONAL FEATURE FILM,No,Chile,True
INTERNATIONAL FEATURE FILM,A Royal Affair,Denmark,True
INTERNATIONAL FEATURE FILM,War Witch,Canada,True
MAKEUP AND HAIRSTYLING,Hitchcock,"Howard Berger, Peter Montagna and Martin Samuel",True
MAKEUP AND HAIRSTYLING,The Hobbit: An Unexpected Journey,"Peter Swords King, Rick Findlater and Tami Lane",True
MAKEUP AND HAIRSTYLING,Les Misérables,Lisa Westcott and Julie Dartnell,True
MUSIC (Original Score),Anna Karenina,Dario Marianelli,True
MUSIC (Original Score),Argo,Alexandre Desplat,True
MUSIC (Original Score),Life of Pi,Mychael Danna,True
MUSIC (Original Score),Lincoln,John Williams,True
MUSIC (Original Score),Skyfall,Thomas Newman,True
MUSIC (Original Song),Chasing Ice,Music and Lyric by J. Ralph,True
MUSIC (Original Song),Ted,Music by Walter Murphy; Lyric by Seth MacFarlane,True
MUSIC (Original Song),Life of Pi,Music by Mychael Danna; Lyric by Bombay Jayashri,True
MUSIC (Original Song),Skyfall,Music and Lyric by Adele Adkins and Paul Epworth,True
MUSIC (Original Song),Les Misérables,Music by Claude-Michel Schönberg; Lyric by Herbert Kretzmer and Alain Boublil,True
BEST PICTURE,Amour,"Margaret Menegoz, Stefan Arndt, Veit Heiduschka and Michael Katz, Producers",True
BEST PICTURE,Argo,"Grant Heslov, Ben Affleck and George Clooney, Producers",True
BEST PICTURE,Beasts of the Southern Wild,"Dan Janvey, Josh Penn and Michael Gottwald, Producers",True
BEST PICTURE,Django Unchained,"Stacey Sher, Reginald Hudlin and Pilar Savone, Producers",True
BEST PICTURE,Les Misérables,"Tim Bevan, Eric Fellner, Debra Hayward and Cameron Mackintosh, Producers",True
BEST PICTURE,Life of Pi,"Gil Netter, Ang Lee and David Womark, Producers",True
BEST PICTURE,Lincoln,"Steven Spielberg and Kathleen Kennedy, Producers",True
BEST PICTURE,Silver Linings Playbook,"Donna Gigliotti, Bruce Cohen and Jonathan Gordon, Producers",True
BEST PICTURE,Zero Dark Thirty,"Mark Boal, Kathryn Bigelow and Megan Ellison, Producers",True
ART DIRECTION,Anna Karenina,Production Design: Sarah Greenwood; Set Decoration: Katie Spencer,True
ART DIRECTION,The Hobbit: An Unexpected Journey,Production Design: Dan Hennah; Set Decoration: Ra Vincent and Simon Bright,True
ART DIRECTION,Les Misérables,Production Design: Eve Stewart; Set Decoration: Anna Lynch-Robinson,True
ART DIRECTION,Life of Pi,Production Design: David Gropman; Set Decoration: Anna Pinnock,True
ART DIRECTION,Lincoln,Production Design: Rick Carter; Set Decoration: Jim Erickson,True
SHORT FILM (Animated),Adam and Dog,Minkyu Lee,True
SHORT FILM (Animated),Fresh Guacamole,PES,True
SHORT FILM (Animated),Head over Heels,Timothy Reckart and Fodhla Cronin O'Reilly,True
SHORT FILM (Animated),"Maggie Simpson in ""The Longest Daycare""",David Silverman,True
SHORT FILM (Animated),Paperman,John Kahrs,True
SHORT FILM (Live Action),Asad,Bryan Buckley and Mino Jarjoura,True
SHORT FILM (Live Action),Buzkashi Boys,Sam French and Ariel Nasr,True
SHORT FILM (Live Action),Curfew,Shawn Christensen,True
SHORT FILM (Live Action),Death of a Shadow (Dood van een Schaduw),Tom Van Avermaet and Ellen De Waele,True
SHORT FILM (Live Action),Henry,Yan England,True
SOUND EDITING,Argo,Erik Aadahl and Ethan Van der Ryn,True
SOUND EDITING,Django Unchained,Wylie Stateman,True
SOUND EDITING,Life of Pi,Eugene Gearty and Philip Stockton,True
SOUND EDITING,Skyfall,Per Hallberg and Karen Baker Landers,True
SOUND EDITING,Zero Dark Thirty,Paul N.J. Ottosson,True
SOUND MIXING,Argo,"John Reitz, Gregg Rudloff and Jose Antonio Garcia",True
SOUND MIXING,Les Misérables,"Andy Nelson, Mark Paterson and Simon Hayes",True
SOUND MIXING,Life of Pi,"Ron Bartlett, D.M. Hemphill and Drew Kunin",True
SOUND MIXING,Lincoln,"Andy Nelson, Gary Rydstrom and Ronald Judkins",True
SOUND MIXING,Skyfall,"Scott Millan, Greg P. Russell and Stuart Wilson",True
VISUAL EFFECTS,The Hobbit: An Unexpected Journey,"Joe Letteri, Eric Saindon, David Clayton and R. Christopher White",True
VISUAL EFFECTS,Life of Pi,"Bill Westenhofer, Guillaume Rocheron, Erik-Jan De Boer and Donald R. Elliott",True
VISUAL EFFECTS,Marvel's The Avengers,"Janek Sirrs, Jeff White, Guy Williams and Dan Sudick",True
VISUAL EFFECTS,Prometheus,"Richard Stammers, Trevor Wood, Charley Henley and Martin Hill",True
VISUAL EFFECTS,Snow White and the Huntsman,"Cedric Nicolas-Troyan, Philip Brennan, Neil Corbould and Michael Dawson",True
WRITING (Adapted Screenplay),Argo,Screenplay by Chris Terrio,True
WRITING (Adapted Screenplay),Beasts of the Southern Wild,Screenplay by Lucy Alibar & Benh Zeitlin,True
WRITING (Adapted Screenplay),Life of Pi,Screenplay by David Magee,True
WRITING (Adapted Screenplay),Lincoln,Screenplay by Tony Kushner,True
WRITING (Adapted Screenplay),Silver Linings Playbook,Screenplay by David O. Russell,True
WRITING (Original Screenplay),Amour,Written by Michael Haneke,True
WRITING (Original Screenplay),Django Unchained,Written by Quentin Tarantino,True
WRITING (Original Screenplay),Flight,Written by John Gatins,True
WRITING (Original Screenplay),Moonrise Kingdom,Written by Wes Anderson & Roman Coppola,True
WRITING (Original Screenplay),Zero Dark Thirty,Written by Mark Boal,True
ACTOR IN A LEADING ROLE,American Hustle,Christian Bale,True
ACTOR IN A LEADING ROLE,Nebraska,Bruce Dern,True
ACTOR IN A LEADING ROLE,The Wolf of Wall Street,Leonardo DiCaprio,True
ACTOR IN A LEADING ROLE,12 Years a Slave,Chiwetel Ejiofor,True
ACTOR IN A LEADING ROLE,Dallas Buyers Club,Matthew McConaughey,True
ACTOR IN A SUPPORTING ROLE,Captain Phillips,Barkhad Abdi,True
ACTOR IN A SUPPORTING ROLE,American Hustle,Bradley Cooper,True
ACTOR IN A SUPPORTING ROLE,12 Years a Slave,Michael Fassbender,True
ACTOR IN A SUPPORTING ROLE,The Wolf of Wall Street,Jonah Hill,True
ACTOR IN A SUPPORTING ROLE,Dallas Buyers Club,Jared Leto,True
ACTRESS IN A LEADING ROLE,American Hustle,Amy Adams,True
ACTRESS IN A LEADING ROLE,Blue Jasmine,Cate Blanchett,True
ACTRESS IN A LEADING ROLE,Gravity,Sandra Bullock,True
ACTRESS IN A LEADING ROLE,Philomena,Judi Dench,True
ACTRESS IN A LEADING ROLE,August: Osage County,Meryl Streep,True
ACTRESS IN A SUPPORTING ROLE,Blue Jasmine,Sally Hawkins,True
ACTRESS IN A SUPPORTING ROLE,American Hustle,Jennifer Lawrence,True
ACTRESS IN A SUPPORTING ROLE,12 Years a Slave,Lupita Nyong'o,True
ACTRESS IN A SUPPORTING ROLE,August: Osage County,Julia Roberts,True
ACTRESS IN A SUPPORTING ROLE,Nebraska,June Squibb,True
ANIMATED FEATURE FILM,The Croods,"Chris Sanders, Kirk DeMicco and Kristine Belson",True
ANIMATED FEATURE FILM,Despicable Me 2,"Chris Renaud, Pierre Coffin and Chris Meledandri",True
ANIMATED FEATURE FILM,Ernest & Celestine,Benjamin Renner and Didier Brunner,True
ANIMATED FEATURE FILM,Frozen,"Chris Buck, Jennifer Lee and Peter Del Vecho",True
ANIMATED FEATURE FILM,The Wind Rises,Hayao Miyazaki and Toshio Suzuki,True
CINEMATOGRAPHY,The Grandmaster,Philippe Le Sourd,True
CINEMATOGRAPHY,Gravity,Emmanuel Lubezki,True
CINEMATOGRAPHY,Inside Llewyn Davis,Bruno Delbonnel,True
CINEMATOGRAPHY,Nebraska,Phedon Papamichael,True
CINEMATOGRAPHY,Prisoners,Roger A. Deakins,True
COSTUME DESIGN,American Hustle,Michael Wilkinson,True
COSTUME DESIGN,The Grandmaster,William Chang Suk Ping,True
COSTUME DESIGN,The Great Gatsby,Catherine Martin,True
COSTUME DESIGN,The Invisible Woman,Michael O'Connor,True
COSTUME DESIGN,12 Years a Slave,Patricia Norris,True
DIRECTING,American Hustle,David O. Russell,True
DIRECTING,Gravity,Alfonso Cuarón,True
DIRECTING,Nebraska,Alexander Payne,True
DIRECTING,12 Years a Slave,Steve McQueen,True
DIRECTING,The Wolf of Wall Street,Martin Scorsese,True
DOCUMENTARY (Feature),The Act of Killing,Joshua Oppenheimer and Signe Byrge Sørensen,True
DOCUMENTARY (Feature),Cutie and the Boxer,Zachary Heinzerling and Lydia Dean Pilcher,True
DOCUMENTARY (Feature),Dirty Wars,Richard Rowley and Jeremy Scahill,True
DOCUMENTARY (Feature),The Square,Jehane Noujaim and Karim Amer,True
DOCUMENTARY (Feature),20 Feet from Stardom,"Morgan Neville, Gil Friesen and Caitrin Rogers",True
DOCUMENTARY (Short Subject),CaveDigger,Jeffrey Karoff,True
DOCUMENTARY (Short Subject),Facing Fear,Jason Cohen,True
DOCUMENTARY (Short Subject),Karama Has No Walls,Sara Ishaq,True
DOCUMENTARY (Short Subject),The Lady in Number 6: Music Saved My Life,Malcolm Clarke and Nicholas Reed,True
DOCUMENTARY (Short Subject),Prison Terminal: The Last Days of Private Jack Hall,Edgar Barens,True
FILM EDITING,American Hustle,"Jay Cassidy, Crispin Struthers and Alan Baumgarten",True
FILM EDITING,Captain Phillips,Christopher Rouse,True
FILM EDITING,Dallas Buyers Club,John Mac McMurphy and Martin Pensa,True
FILM EDITING,Gravity,Alfonso Cuarón and Mark Sanger,True
FILM EDITING,12 Years a Slave,Joe Walker,True
INTERNATIONAL FEATURE FILM,The Broken Circle Breakdown,Belgium,True
INTERNATIONAL FEATURE FILM,The Great Beauty,Italy,True
INTERNATIONAL FEATURE FILM,The Hunt,Denmark,True
INTERNATIONAL FEATURE FILM,The Missing Picture,Cambodia,True
INTERNATIONAL FEATURE FILM,Omar,Palestine,True
MAKEUP AND HAIRSTYLING,Dallas Buyers Club,Adruitha Lee and Robin Mathews,True
MAKEUP AND HAIRSTYLING,Jackass Presents: Bad Grandpa,Stephen Prouty,True
MAKEUP AND HAIRSTYLING,The Lone Ranger,Joel Harlow and Gloria Pasqua-Casny,True
MUSIC (Original Score),The Book Thief,John Williams,True
MUSIC (Original Score),Gravity,Steven Price,True
MUSIC (Original Score),Her,William Butler and Owen Pallett,True
MUSIC (Original Score),Philomena,Alexandre Desplat,True
MUSIC (Original Score),Saving Mr. Banks,Thomas Newman,True
MUSIC (Original Song),Alone Yet Not Alone,Music by Bruce Broughton; Lyric by Dennis Spiegel,True
MUSIC (Original Song),Despicable Me 2,Music and Lyric by Pharrell Williams,True
MUSIC (Original Song),Frozen,Music and Lyric by Kristen Anderson-Lopez and Robert Lopez,True
MUSIC (Original Song),Her,Music by Karen O; Lyric by Karen O and Spike Jonze,True
MUSIC (Original Song),Mandela: Long Walk to Freedom,"Music by Paul Hewson, Dave Evans, Adam Clayton and Larry Mullen; Lyric by Paul Hewson",True
BEST PICTURE,American Hustle,"Charles Roven, Richard Suckle, Megan Ellison and Jonathan Gordon, Producers",True
BEST PICTURE,Captain Phillips,"Scott Rudin, Dana Brunetti and Michael De Luca, Producers",True
BEST PICTURE,Dallas Buyers Club,"Robbie Brenner and Rachel Winter, Producers",True
BEST PICTURE,Gravity,"Alfonso Cuarón and David Heyman, Producers",True
BEST PICTURE,Her,"Megan Ellison, Spike Jonze and Vincent Landay, Producers",True
BEST PICTURE,Nebraska,"Albert Berger and Ron Yerxa, Producers",True
BEST PICTURE,Philomena,"Gabrielle Tana, Steve Coogan and Tracey Seaward, Producers",True
BEST PICTURE,12 Years a Slave,"Brad Pitt, Dede Gardner, Jeremy Kleiner, Steve McQueen and Anthony Katagas, Producers",True
BEST PICTURE,The Wolf of Wall Street,"Martin Scorsese, Leonardo DiCaprio, Joey McFarland and Emma Tillinger Koskoff, Producers",True
ART DIRECTION,American Hustle,Production Design: Judy Becker; Set Decoration: Heather Loeffler,True
ART DIRECTION,Gravity,Production Design: Andy Nicholson; Set Decoration: Rosie Goodwin and Joanne Woollard,True
ART DIRECTION,The Great Gatsby,Production Design: Catherine Martin; Set Decoration: Beverley Dunn,True
ART DIRECTION,Her,Production Design: K.K. Barrett; Set Decoration: Gene Serdena,True
ART DIRECTION,12 Years a Slave,Production Design: Adam Stockhausen; Set Decoration: Alice Baker,True
SHORT FILM (Animated),Feral,Daniel Sousa and Dan Golden,True
SHORT FILM (Animated),Get a Horse!,Lauren MacMullan and Dorothy McKim,True
SHORT FILM (Animated),Mr. Hublot,Laurent Witz and Alexandre Espigares,True
SHORT FILM (Animated),Possessions,Shuhei Morita,True
SHORT FILM (Animated),Room on the Broom,Max Lang and Jan Lachauer,True
SHORT FILM (Live Action),Aquel No Era Yo (That Wasn't Me),Esteban Crespo,True
SHORT FILM (Live Action),Avant Que De Tout Perdre (Just before Losing Everything),Xavier Legrand and Alexandre Gavras,True
SHORT FILM (Live Action),Helium,Anders Walter and Kim Magnusson,True
SHORT FILM (Live Action),Pitääkö Mun Kaikki Hoitaa? (Do I Have to Take Care of Everything?),Selma Vilhunen and Kirsikka Saari,True
SHORT FILM (Live Action),The Voorman Problem,Mark Gill and Baldwin Li,True
SOUND EDITING,All Is Lost,Steve Boeddeker and Richard Hymns,True
SOUND EDITING,Captain Phillips,Oliver Tarney,True
SOUND EDITING,Gravity,Glenn Freemantle,True
SOUND EDITING,The Hobbit: The Desolation of Smaug,Brent Burge and Chris Ward,True
SOUND EDITING,Lone Survivor,Wylie Stateman,True
SOUND MIXING,Captain Phillips,"Chris Burdon, Mark Taylor, Mike Prestwood Smith and Chris Munro",True
SOUND MIXING,Gravity,"Skip Lievsay, Niv Adiri, Christopher Benstead and Chris Munro",True
SOUND MIXING,The Hobbit: The Desolation of Smaug,"Christopher Boyes, Michael Hedges, Michael Semanick and Tony Johnson",True
SOUND MIXING,Inside Llewyn Davis,"Skip Lievsay, Greg Orloff and Peter F. Kurland",True
SOUND MIXING,Lone Survivor,"Andy Koyama, Beau Borders and David Brownlow",True
VISUAL EFFECTS,Gravity,"Tim Webber, Chris Lawrence, David Shirk and Neil Corbould",True
VISUAL EFFECTS,The Hobbit: The Desolation of Smaug,"Joe Letteri, Eric Saindon, David Clayton and Eric Reynolds",True
VISUAL EFFECTS,Iron Man 3,"Christopher Townsend, Guy Williams, Erik Nash and Dan Sudick",True
VISUAL EFFECTS,The Lone Ranger,"Tim Alexander, Gary Brozenich, Edson Williams and John Frazier",True
VISUAL EFFECTS,Star Trek Into Darkness,"Roger Guyett, Patrick Tubach, Ben Grossmann and Burt Dalton",True
WRITING (Adapted Screenplay),Before Midnight,"Written by Richard Linklater, Julie Delpy, Ethan Hawke",True
WRITING (Adapted Screenplay),Captain Phillips,Screenplay by Billy Ray,True
WRITING (Adapted Screenplay),Philomena,Screenplay by Steve Coogan and Jeff Pope,True
WRITING (Adapted Screenplay),12 Years a Slave,Screenplay by John Ridley,True
WRITING (Adapted Screenplay),The Wolf of Wall Street,Screenplay by Terence Winter,True
WRITING (Original Screenplay),American Hustle,Written by Eric Warren Singer and David O. Russell,True
WRITING (Original Screenplay),Blue Jasmine,Written by Woody Allen,True
WRITING (Original Screenplay),Dallas Buyers Club,Written by Craig Borten & Melisa Wallack,True
WRITING (Original Screenplay),Her,Written by Spike Jonze,True
WRITING (Original Screenplay),Nebraska,Written by Bob Nelson,True
ACTOR IN A LEADING ROLE,Foxcatcher,Steve Carell,True
ACTOR IN A LEADING ROLE,American Sniper,Bradley Cooper,True
ACTOR IN A LEADING ROLE,The Imitation Game,Benedict Cumberbatch,True
ACTOR IN A LEADING ROLE,Birdman or (The Unexpected Virtue of Ignorance),Michael Keaton,True
ACTOR IN A LEADING ROLE,The Theory of Everything,Eddie Redmayne,True
ACTOR IN A SUPPORTING ROLE,The Judge,Robert Duvall,True
ACTOR IN A SUPPORTING ROLE,Boyhood,Ethan Hawke,True
ACTOR IN A SUPPORTING ROLE,Birdman or (The Unexpected Virtue of Ignorance),Edward Norton,True
ACTOR IN A SUPPORTING ROLE,Foxcatcher,Mark Ruffalo,True
ACTOR IN A SUPPORTING ROLE,Whiplash,J.K. Simmons,True
ACTRESS IN A LEADING ROLE,"Two Days, One Night",Marion Cotillard,True
ACTRESS IN A LEADING ROLE,The Theory of Everything,Felicity Jones,True
ACTRESS IN A LEADING ROLE,Still Alice,Julianne Moore,True
ACTRESS IN A LEADING ROLE,Gone Girl,Rosamund Pike,True
ACTRESS IN A LEADING ROLE,Wild,Reese Witherspoon,True
ACTRESS IN A SUPPORTING ROLE,Boyhood,Patricia Arquette,True
ACTRESS IN A SUPPORTING ROLE,Wild,Laura Dern,True
ACTRESS IN A SUPPORTING ROLE,The Imitation Game,Keira Knightley,True
ACTRESS IN A SUPPORTING ROLE,Birdman or (The Unexpected Virtue of Ignorance),Emma Stone,True
ACTRESS IN A SUPPORTING ROLE,Into the Woods,Meryl Streep,True
ANIMATED FEATURE FILM,Big Hero 6,"Don Hall, Chris Williams and Roy Conli",True
ANIMATED FEATURE FILM,The Boxtrolls,"Anthony Stacchi, Graham Annable and Travis Knight",True
ANIMATED FEATURE FILM,How to Train Your Dragon 2,Dean DeBlois and Bonnie Arnold,True
ANIMATED FEATURE FILM,Song of the Sea,Tomm Moore and Paul Young,True
ANIMATED FEATURE FILM,The Tale of the Princess Kaguya,Isao Takahata and Yoshiaki Nishimura,True
CINEMATOGRAPHY,Birdman or (The Unexpected Virtue of Ignorance),Emmanuel Lubezki,True
CINEMATOGRAPHY,The Grand Budapest Hotel,Robert Yeoman,True
CINEMATOGRAPHY,Ida,Lukasz Zal and Ryszard Lenczewski,True
CINEMATOGRAPHY,Mr. Turner,Dick Pope,True
CINEMATOGRAPHY,Unbroken,Roger Deakins,True
COSTUME DESIGN,The Grand Budapest Hotel,Milena Canonero,True
COSTUME DESIGN,Inherent Vice,Mark Bridges,True
COSTUME DESIGN,Into the Woods,Colleen Atwood,True
COSTUME DESIGN,Maleficent,Anna B. Sheppard,True
COSTUME DESIGN,Mr. Turner,Jacqueline Durran,True
DIRECTING,Birdman or (The Unexpected Virtue of Ignorance),Alejandro G. Iñárritu,True
DIRECTING,Boyhood,Richard Linklater,True
DIRECTING,Foxcatcher,Bennett Miller,True
DIRECTING,The Grand Budapest Hotel,Wes Anderson,True
DIRECTING,The Imitation Game,Morten Tyldum,True
DOCUMENTARY (Feature),CitizenFour,"Laura Poitras, Mathilde Bonnefoy and Dirk Wilutzky",True
DOCUMENTARY (Feature),Finding Vivian Maier,John Maloof and Charlie Siskel,True
DOCUMENTARY (Feature),Last Days in Vietnam,Rory Kennedy and Keven McAlester,True
DOCUMENTARY (Feature),The Salt of the Earth,"Wim Wenders, Juliano Ribeiro Salgado and David Rosier",True
DOCUMENTARY (Feature),Virunga,Orlando von Einsiedel and Joanna Natasegara,True
DOCUMENTARY (Short Subject),Crisis Hotline: Veterans Press 1,Ellen Goosenberg Kent and Dana Perry,True
DOCUMENTARY (Short Subject),Joanna,Aneta Kopacz,True
DOCUMENTARY (Short Subject),Our Curse,Tomasz Sliwinski and Maciej Slesicki,True
DOCUMENTARY (Short Subject),The Reaper (La Parka),Gabriel Serra Arguello,True
DOCUMENTARY (Short Subject),White Earth,J. Christian Jensen,True
FILM EDITING,American Sniper,Joel Cox and Gary D. Roach,True
FILM EDITING,Boyhood,Sandra Adair,True
FILM EDITING,The Grand Budapest Hotel,Barney Pilling,True
FILM EDITING,The Imitation Game,William Goldenberg,True
FILM EDITING,Whiplash,Tom Cross,True
INTERNATIONAL FEATURE FILM,Ida,Poland,True
INTERNATIONAL FEATURE FILM,Leviathan,Russia,True
INTERNATIONAL FEATURE FILM,Tangerines,Estonia,True
INTERNATIONAL FEATURE FILM,Timbuktu,Mauritania,True
INTERNATIONAL FEATURE FILM,Wild Tales,Argentina,True
MAKEUP AND HAIRSTYLING,Foxcatcher,Bill Corso and Dennis Liddiard,True
MAKEUP AND HAIRSTYLING,The Grand Budapest Hotel,Frances Hannon and Mark Coulier,True
MAKEUP AND HAIRSTYLING,Guardians of the Galaxy,Elizabeth Yianni-Georgiou and David White,True
MUSIC (Original Score),The Grand Budapest Hotel,Alexandre Desplat,True
MUSIC (Original Score),The Imitation Game,Alexandre Desplat,True
MUSIC (Original Score),Interstellar,Hans Zimmer,True
MUSIC (Original Score),Mr. Turner,Gary Yershon,True
MUSIC (Original Score),The Theory of Everything,Jóhann Jóhannsson,True
MUSIC (Original Song),The Lego Movie,Music and Lyric by Shawn Patterson,True
MUSIC (Original Song),Selma,Music and Lyric by John Stephens and Lonnie Lynn,True
MUSIC (Original Song),Beyond the Lights,Music and Lyric by Diane Warren,True
MUSIC (Original Song),Glen Campbell...I'll Be Me,Music and Lyric by Glen Campbell and Julian Raymond,True
MUSIC (Original Song),Begin Again,Music and Lyric by Gregg Alexander and Danielle Brisebois,True
BEST PICTURE,American Sniper,"Clint Eastwood, Robert Lorenz, Andrew Lazar, Bradley Cooper and Peter Morgan, Producers",True
BEST PICTURE,Birdman or (The Unexpected Virtue of Ignorance),"Alejandro G. Iñárritu, John Lesher and James W. Skotchdopole, Producers",True
BEST PICTURE,Boyhood,"Richard Linklater and Cathleen Sutherland, Producers",True
BEST PICTURE,The Grand Budapest Hotel,"Wes Anderson, Scott Rudin, Steven Rales and Jeremy Dawson, Producers",True
BEST PICTURE,The Imitation Game,"Nora Grossman, Ido Ostrowsky and Teddy Schwarzman, Producers",True
BEST PICTURE,Selma,"Christian Colson, Oprah Winfrey, Dede Gardner and Jeremy Kleiner, Producers",True
BEST PICTURE,The Theory of Everything,"Tim Bevan, Eric Fellner, Lisa Bruce and Anthony McCarten, Producers",True
BEST PICTURE,Whiplash,"Jason Blum, Helen Estabrook and David Lancaster, Producers",True
ART DIRECTION,The Grand Budapest Hotel,Production Design: Adam Stockhausen; Set Decoration: Anna Pinnock,True
ART DIRECTION,The Imitation Game,Production Design: Maria Djurkovic; Set Decoration: Tatiana Macdonald,True
ART DIRECTION,Interstellar,Production Design: Nathan Crowley; Set Decoration: Gary Fettis,True
ART DIRECTION,Into the Woods,Production Design: Dennis Gassner; Set Decoration: Anna Pinnock,True
ART DIRECTION,Mr. Turner,Production Design: Suzie Davies; Set Decoration: Charlotte Watts,True
SHORT FILM (Animated),The Bigger Picture,Daisy Jacobs and Christopher Hees,True
SHORT FILM (Animated),The Dam Keeper,Robert Kondo and Dice Tsutsumi,True
SHORT FILM (Animated),Feast,Patrick Osborne and Kristina Reed,True
SHORT FILM (Animated),Me and My Moulton,Torill Kove,True
SHORT FILM (Animated),A Single Life,Joris Oprins,True
SHORT FILM (Live Action),Aya,Oded Binnun and Mihal Brezis,True
SHORT FILM (Live Action),Boogaloo and Graham,Michael Lennox and Ronan Blaney,True
SHORT FILM (Live Action),Butter Lamp (La Lampe Au Beurre De Yak),Hu Wei and Julien Féret,True
SHORT FILM (Live Action),Parvaneh,Talkhon Hamzavi and Stefan Eichenberger,True
SHORT FILM (Live Action),The Phone Call,Mat Kirkby and James Lucas,True
SOUND EDITING,American Sniper,Alan Robert Murray and Bub Asman,True
SOUND EDITING,Birdman or (The Unexpected Virtue of Ignorance),Martín Hernández and Aaron Glascock,True
SOUND EDITING,The Hobbit: The Battle of the Five Armies,Brent Burge and Jason Canovas,True
SOUND EDITING,Interstellar,Richard King,True
SOUND EDITING,Unbroken,Becky Sullivan and Andrew DeCristofaro,True
SOUND MIXING,American Sniper,"John Reitz, Gregg Rudloff and Walt Martin",True
SOUND MIXING,Birdman or (The Unexpected Virtue of Ignorance),"Jon Taylor, Frank A. Montaño and Thomas Varga",True
SOUND MIXING,Interstellar,"Gary A. Rizzo, Gregg Landaker and Mark Weingarten",True
SOUND MIXING,Unbroken,"Jon Taylor, Frank A. Montaño and David Lee",True
SOUND MIXING,Whiplash,"Craig Mann, Ben Wilkins and Thomas Curley",True
VISUAL EFFECTS,Captain America: The Winter Soldier,"Dan DeLeeuw, Russell Earl, Bryan Grill and Dan Sudick",True
VISUAL EFFECTS,Dawn of the Planet of the Apes,"Joe Letteri, Dan Lemmon, Daniel Barrett and Erik Winquist",True
VISUAL EFFECTS,Guardians of the Galaxy,"Stephane Ceretti, Nicolas Aithadi, Jonathan Fawkner and Paul Corbould",True
VISUAL EFFECTS,Interstellar,"Paul Franklin, Andrew Lockley, Ian Hunter and Scott Fisher",True
VISUAL EFFECTS,X-Men: Days of Future Past,"Richard Stammers, Lou Pecora, Tim Crosbie and Cameron Waldbauer",True
WRITING (Adapted Screenplay),American Sniper,Written by Jason Hall,True
WRITING (Adapted Screenplay),The Imitation Game,Written by Graham Moore,True
WRITING (Adapted Screenplay),Inherent Vice,Written for the screen by Paul Thomas Anderson,True
WRITING (Adapted Screenplay),The Theory of Everything,Screenplay by Anthony McCarten,True
WRITING (Adapted Screenplay),Whiplash,Written by Damien Chazelle,True
WRITING (Original Screenplay),Birdman or (The Unexpected Virtue of Ignorance),"Written by Alejandro G. Iñárritu, Nicolás Giacobone, Alexander Dinelaris, Jr. & Armando Bo",True
WRITING (Original Screenplay),Boyhood,Written by Richard Linklater,True
WRITING (Original Screenplay),Foxcatcher,Written by E. Max Frye and Dan Futterman,True
WRITING (Original Screenplay),The Grand Budapest Hotel,Screenplay by Wes Anderson; Story by Wes Anderson & Hugo Guinness,True
WRITING (Original Screenplay),Nightcrawler,Written by Dan Gilroy,True
ACTOR IN A LEADING ROLE,Trumbo,Bryan Cranston,True
ACTOR IN A LEADING ROLE,The Martian,Matt Damon,True
ACTOR IN A LEADING ROLE,The Revenant,Leonardo DiCaprio,True
ACTOR IN A LEADING ROLE,Steve Jobs,Michael Fassbender,True
ACTOR IN A LEADING ROLE,The Danish Girl,Eddie Redmayne,True
ACTOR IN A SUPPORTING ROLE,The Big Short,Christian Bale,True
ACTOR IN A SUPPORTING ROLE,The Revenant,Tom Hardy,True
ACTOR IN A SUPPORTING ROLE,Spotlight,Mark Ruffalo,True
ACTOR IN A SUPPORTING ROLE,Bridge of Spies,Mark Rylance,True
ACTOR IN A SUPPORTING ROLE,Creed,Sylvester Stallone,True
ACTRESS IN A LEADING ROLE,Carol,Cate Blanchett,True
ACTRESS IN A LEADING ROLE,Room,Brie Larson,True
ACTRESS IN A LEADING ROLE,Joy,Jennifer Lawrence,True
ACTRESS IN A LEADING ROLE,45 Years,Charlotte Rampling,True
ACTRESS IN A LEADING ROLE,Brooklyn,Saoirse Ronan,True
ACTRESS IN A SUPPORTING ROLE,The Hateful Eight,Jennifer Jason Leigh,True
ACTRESS IN A SUPPORTING ROLE,Carol,Rooney Mara,True
ACTRESS IN A SUPPORTING ROLE,Spotlight,Rachel McAdams,True
ACTRESS IN A SUPPORTING ROLE,The Danish Girl,Alicia Vikander,True
ACTRESS IN A SUPPORTING ROLE,Steve Jobs,Kate Winslet,True
ANIMATED FEATURE FILM,Anomalisa,"Charlie Kaufman, Duke Johnson and Rosa Tran",True
ANIMATED FEATURE FILM,Boy and the World,Alê Abreu,True
ANIMATED FEATURE FILM,Inside Out,Pete Docter and Jonas Rivera,True
ANIMATED FEATURE FILM,Shaun the Sheep Movie,Mark Burton and Richard Starzak,True
ANIMATED FEATURE FILM,When Marnie Was There,Hiromasa Yonebayashi and Yoshiaki Nishimura,True
CINEMATOGRAPHY,Carol,Ed Lachman,True
CINEMATOGRAPHY,The Hateful Eight,Robert Richardson,True
CINEMATOGRAPHY,Mad Max: Fury Road,John Seale,True
CINEMATOGRAPHY,The Revenant,Emmanuel Lubezki,True
CINEMATOGRAPHY,Sicario,Roger Deakins,True
COSTUME DESIGN,Carol,Sandy Powell,True
COSTUME DESIGN,Cinderella,Sandy Powell,True
COSTUME DESIGN,The Danish Girl,Paco Delgado,True
COSTUME DESIGN,Mad Max: Fury Road,Jenny Beavan,True
COSTUME DESIGN,The Revenant,Jacqueline West,True
DIRECTING,The Big Short,Adam McKay,True
DIRECTING,Mad Max: Fury Road,George Miller,True
DIRECTING,The Revenant,Alejandro G. Iñárritu,True
DIRECTING,Room,Lenny Abrahamson,True
DIRECTING,Spotlight,Tom McCarthy,True
DOCUMENTARY (Feature),Amy,Asif Kapadia and James Gay-Rees,True
DOCUMENTARY (Feature),Cartel Land,Matthew Heineman and Tom Yellin,True
DOCUMENTARY (Feature),The Look of Silence,Joshua Oppenheimer and Signe Byrge Sørensen,True
DOCUMENTARY (Feature),"What Happened, Miss Simone?","Liz Garbus, Amy Hobby and Justin Wilkes",True
DOCUMENTARY (Feature),Winter on Fire: Ukraine's Fight for Freedom,Evgeny Afineevsky and Den Tolmor,True
DOCUMENTARY (Short Subject),Body Team 12,David Darg and Bryn Mooser,True
DOCUMENTARY (Short Subject),"Chau, beyond the Lines",Courtney Marsh and Jerry Franck,True
DOCUMENTARY (Short Subject),Claude Lanzmann: Spectres of the Shoah,Adam Benzine,True
DOCUMENTARY (Short Subject),A Girl in the River: The Price of Forgiveness,Sharmeen Obaid-Chinoy,True
DOCUMENTARY (Short Subject),Last Day of Freedom,Dee Hibbert-Jones and Nomi Talisman,True
FILM EDITING,The Big Short,Hank Corwin,True
FILM EDITING,Mad Max: Fury Road,Margaret Sixel,True
FILM EDITING,The Revenant,Stephen Mirrione,True
FILM EDITING,Spotlight,Tom McArdle,True
FILM EDITING,Star Wars: The Force Awakens,Maryann Brandon and Mary Jo Markey,True
INTERNATIONAL FEATURE FILM,Embrace of the Serpent,Colombia,True
INTERNATIONAL FEATURE FILM,Mustang,France,True
INTERNATIONAL FEATURE FILM,Son of Saul,Hungary,True
INTERNATIONAL FEATURE FILM,Theeb,Jordan,True
INTERNATIONAL FEATURE FILM,A War,Denmark,True
MAKEUP AND HAIRSTYLING,Mad Max: Fury Road,"Lesley Vanderwalt, Elka Wardega and Damian Martin",True
MAKEUP AND HAIRSTYLING,The 100-Year-Old Man Who Climbed out the Window and Disappeared,Love Larson and Eva von Bahr,True
MAKEUP AND HAIRSTYLING,The Revenant,"Siân Grigg, Duncan Jarman and Robert Pandini",True
MUSIC (Original Score),Bridge of Spies,Thomas Newman,True
MUSIC (Original Score),Carol,Carter Burwell,True
MUSIC (Original Score),The Hateful Eight,Ennio Morricone,True
MUSIC (Original Score),Sicario,Jóhann Jóhannsson,True
MUSIC (Original Score),Star Wars: The Force Awakens,John Williams,True
MUSIC (Original Song),Fifty Shades of Grey,"Music and Lyric by The Weeknd, Ahmad Balshe, Jason Quenneville and Stephan Moccio",True
MUSIC (Original Song),Racing Extinction,Music by J. Ralph; Lyric by Anohni,True
MUSIC (Original Song),Youth,Music and Lyric by David Lang,True
MUSIC (Original Song),The Hunting Ground,Music and Lyric by Diane Warren and Lady Gaga,True
MUSIC (Original Song),Spectre,Music and Lyric by Jimmy Napes and Sam Smith,True
BEST PICTURE,The Big Short,"Brad Pitt, Dede Gardner and Jeremy Kleiner, Producers",True
BEST PICTURE,Bridge of Spies,"Steven Spielberg, Marc Platt and Kristie Macosko Krieger, Producers",True
BEST PICTURE,Brooklyn,"Finola Dwyer and Amanda Posey, Producers",True
BEST PICTURE,Mad Max: Fury Road,"Doug Mitchell and George Miller, Producers",True
BEST PICTURE,The Martian,"Simon Kinberg, Ridley Scott, Michael Schaefer and Mark Huffam, Producers",True
BEST PICTURE,The Revenant,"Arnon Milchan, Steve Golin, Alejandro G. Iñárritu, Mary Parent and Keith Redmon, Producers",True
BEST PICTURE,Room,"Ed Guiney, Producer",True
BEST PICTURE,Spotlight,"Michael Sugar, Steve Golin, Nicole Rocklin and Blye Pagon Faust, Producers",True
ART DIRECTION,Bridge of Spies,Production Design: Adam Stockhausen; Set Decoration: Rena DeAngelo and Bernhard Henrich,True
ART DIRECTION,The Danish Girl,Production Design: Eve Stewart; Set Decoration: Michael Standish,True
ART DIRECTION,Mad Max: Fury Road,Production Design: Colin Gibson; Set Decoration: Lisa Thompson,True
ART DIRECTION,The Martian,Production Design: Arthur Max; Set Decoration: Celia Bobak,True
ART DIRECTION,The Revenant,Production Design: Jack Fisk; Set Decoration: Hamish Purdy,True
SHORT FILM (Animated),Bear Story,Gabriel Osorio and Pato Escala,True
SHORT FILM (Animated),Prologue,Richard Williams and Imogen Sutton,True
SHORT FILM (Animated),Sanjay's Super Team,Sanjay Patel and Nicole Grindle,True
SHORT FILM (Animated),We Can't Live without Cosmos,Konstantin Bronzit,True
SHORT FILM (Animated),World of Tomorrow,Don Hertzfeldt,True
SHORT FILM (Live Action),Ave Maria,Basil Khalil and Eric Dupont,True
SHORT FILM (Live Action),Day One,Henry Hughes,True
SHORT FILM (Live Action),Everything Will Be Okay (Alles Wird Gut),Patrick Vollrath,True
SHORT FILM (Live Action),Shok,Jamie Donoughue,True
SHORT FILM (Live Action),Stutterer,Benjamin Cleary and Serena Armitage,True
SOUND EDITING,Mad Max: Fury Road,Mark Mangini and David White,True
SOUND EDITING,The Martian,Oliver Tarney,True
SOUND EDITING,The Revenant,Martin Hernandez and Lon Bender,True
SOUND EDITING,Sicario,Alan Robert Murray,True
SOUND EDITING,Star Wars: The Force Awakens,Matthew Wood and David Acord,True
SOUND MIXING,Bridge of Spies,"Andy Nelson, Gary Rydstrom and Drew Kunin",True
SOUND MIXING,Mad Max: Fury Road,"Chris Jenkins, Gregg Rudloff and Ben Osmo",True
SOUND MIXING,The Martian,"Paul Massey, Mark Taylor and Mac Ruth",True
SOUND MIXING,The Revenant,"Jon Taylor, Frank A. Montaño, Randy Thom and Chris Duesterdiek",True
SOUND MIXING,Star Wars: The Force Awakens,"Andy Nelson, Christopher Scarabosio and Stuart Wilson",True
VISUAL EFFECTS,Ex Machina,"Andrew Whitehurst, Paul Norris, Mark Ardington and Sara Bennett",True
VISUAL EFFECTS,Mad Max: Fury Road,"Andrew Jackson, Tom Wood, Dan Oliver and Andy Williams",True
VISUAL EFFECTS,The Martian,"Richard Stammers, Anders Langlands, Chris Lawrence and Steven Warner",True
VISUAL EFFECTS,The Revenant,"Rich McBride, Matthew Shumway, Jason Smith and Cameron Waldbauer",True
VISUAL EFFECTS,Star Wars: The Force Awakens,"Roger Guyett, Patrick Tubach, Neal Scanlan and Chris Corbould",True
WRITING (Adapted Screenplay),The Big Short,Screenplay by Charles Randolph and Adam McKay,True
WRITING (Adapted Screenplay),Brooklyn,Screenplay by Nick Hornby,True
WRITING (Adapted Screenplay),Carol,Screenplay by Phyllis Nagy,True
WRITING (Adapted Screenplay),The Martian,Screenplay by Drew Goddard,True
WRITING (Adapted Screenplay),Room,Screenplay by Emma Donoghue,True
WRITING (Original Screenplay),Bridge of Spies,Written by Matt Charman and Ethan Coen & Joel Coen,True
WRITING (Original Screenplay),Ex Machina,Written by Alex Garland,True
WRITING (Original Screenplay),Inside Out,"Screenplay by Pete Docter, Meg LeFauve, Josh Cooley; Original story by Pete Docter, Ronnie del Carmen",True
WRITING (Original Screenplay),Spotlight,Written by Josh Singer & Tom McCarthy,True
WRITING (Original Screenplay),Straight Outta Compton,Screenplay by Jonathan Herman and Andrea Berloff; Story by S. Leigh Savidge & Alan Wenkus and Andrea Berloff,True
ACTOR IN A LEADING ROLE,Manchester by the Sea,Casey Affleck,True
ACTOR IN A LEADING ROLE,Hacksaw Ridge,Andrew Garfield,True
ACTOR IN A LEADING ROLE,La La Land,Ryan Gosling,True
ACTOR IN A LEADING ROLE,Captain Fantastic,Viggo Mortensen,True
ACTOR IN A LEADING ROLE,Fences,Denzel Washington,True
ACTOR IN A SUPPORTING ROLE,Moonlight,Mahershala Ali,True
ACTOR IN A SUPPORTING ROLE,Hell or High Water,Jeff Bridges,True
ACTOR IN A SUPPORTING ROLE,Manchester by the Sea,Lucas Hedges,True
ACTOR IN A SUPPORTING ROLE,Lion,Dev Patel,True
ACTOR IN A SUPPORTING ROLE,Nocturnal Animals,Michael Shannon,True
ACTRESS IN A LEADING ROLE,Elle,Isabelle Huppert,True
ACTRESS IN A LEADING ROLE,Loving,Ruth Negga,True
ACTRESS IN A LEADING ROLE,Jackie,Natalie Portman,True
ACTRESS IN A LEADING ROLE,La La Land,Emma Stone,True
ACTRESS IN A LEADING ROLE,Florence Foster Jenkins,Meryl Streep,True
ACTRESS IN A SUPPORTING ROLE,Fences,Viola Davis,True
ACTRESS IN A SUPPORTING ROLE,Moonlight,Naomie Harris,True
ACTRESS IN A SUPPORTING ROLE,Lion,Nicole Kidman,True
ACTRESS IN A SUPPORTING ROLE,Hidden Figures,Octavia Spencer,True
ACTRESS IN A SUPPORTING ROLE,Manchester by the Sea,Michelle Williams,True
ANIMATED FEATURE FILM,Kubo and the Two Strings,Travis Knight and Arianne Sutner,True
ANIMATED FEATURE FILM,Moana,"John Musker, Ron Clements and Osnat Shurer",True
ANIMATED FEATURE FILM,My Life as a Zucchini,Claude Barras and Max Karli,True
ANIMATED FEATURE FILM,The Red Turtle,Michael Dudok de Wit and Toshio Suzuki,True
ANIMATED FEATURE FILM,Zootopia,"Byron Howard, Rich Moore and Clark Spencer",True
CINEMATOGRAPHY,Arrival,Bradford Young,True
CINEMATOGRAPHY,La La Land,Linus Sandgren,True
CINEMATOGRAPHY,Lion,Greig Fraser,True
CINEMATOGRAPHY,Moonlight,James Laxton,True
CINEMATOGRAPHY,Silence,Rodrigo Prieto,True
COSTUME DESIGN,Allied,Joanna Johnston,True
COSTUME DESIGN,Fantastic Beasts and Where to Find Them,Colleen Atwood,True
COSTUME DESIGN,Florence Foster Jenkins,Consolata Boyle,True
COSTUME DESIGN,Jackie,Madeline Fontaine,True
COSTUME DESIGN,La La Land,Mary Zophres,True
DIRECTING,Arrival,Denis Villeneuve,True
DIRECTING,Hacksaw Ridge,Mel Gibson,True
DIRECTING,La La Land,Damien Chazelle,True
DIRECTING,Manchester by the Sea,Kenneth Lonergan,True
DIRECTING,Moonlight,Barry Jenkins,True
DOCUMENTARY (Feature),Fire at Sea,Gianfranco Rosi and Donatella Palermo,True
DOCUMENTARY (Feature),I Am Not Your Negro,"Raoul Peck, Rémi Grellety and Hébert Peck",True
DOCUMENTARY (Feature),"Life, Animated",Roger Ross Williams and Julie Goldman,True
DOCUMENTARY (Feature),O.J.: Made in America,Ezra Edelman and Caroline Waterlow,True
DOCUMENTARY (Feature),13th,"Ava DuVernay, Spencer Averick and Howard Barish",True
DOCUMENTARY (Short Subject),Extremis,Dan Krauss,True
DOCUMENTARY (Short Subject),4.1 Miles,Daphne Matziaraki,True
DOCUMENTARY (Short Subject),Joe's Violin,Kahane Cooperman and Raphaela Neihausen,True
DOCUMENTARY (Short Subject),Watani: My Homeland,Marcel Mettelsiefen and Stephen Ellis,True
DOCUMENTARY (Short Subject),The White Helmets,Orlando von Einsiedel and Joanna Natasegara,True
FILM EDITING,Arrival,Joe Walker,True
FILM EDITING,Hacksaw Ridge,John Gilbert,True
FILM EDITING,Hell or High Water,Jake Roberts,True
FILM EDITING,La La Land,Tom Cross,True
FILM EDITING,Moonlight,Nat Sanders and Joi McMillon,True
INTERNATIONAL FEATURE FILM,Land of Mine,Denmark,True
INTERNATIONAL FEATURE FILM,A Man Called Ove,Sweden,True
INTERNATIONAL FEATURE FILM,The Salesman,Iran,True
INTERNATIONAL FEATURE FILM,Tanna,Australia,True
INTERNATIONAL FEATURE FILM,Toni Erdmann,Germany,True
MAKEUP AND HAIRSTYLING,A Man Called Ove,Eva von Bahr and Love Larson,True
MAKEUP AND HAIRSTYLING,Star Trek Beyond,Joel Harlow and Richard Alonzo,True
MAKEUP AND HAIRSTYLING,Suicide Squad,"Alessandro Bertolazzi, Giorgio Gregorini and Christopher Nelson",True
MUSIC (Original Score),Jackie,Mica Levi,True
MUSIC (Original Score),La La Land,Justin Hurwitz,True
MUSIC (Original Score),Lion,Dustin O'Halloran and Hauschka,True
MUSIC (Original Score),Moonlight,Nicholas Britell,True
MUSIC (Original Score),Passengers,Thomas Newman,True
MUSIC (Original Song),La La Land,Music by Justin Hurwitz; Lyric by Benj Pasek and Justin Paul,True
MUSIC (Original Song),Trolls,"Music and Lyric by Justin Timberlake, Max Martin and Karl Johan Schuster",True
MUSIC (Original Song),Jim: The James Foley Story,Music and Lyric by J. Ralph and Sting,True
MUSIC (Original Song),Moana,Music and Lyric by Lin-Manuel Miranda,True
BEST PICTURE,Arrival,"Shawn Levy, Dan Levine, Aaron Ryder and David Linde, Producers",True
BEST PICTURE,Fences,"Scott Rudin, Denzel Washington and Todd Black, Producers",True
BEST PICTURE,Hacksaw Ridge,"Bill Mechanic and David Permut, Producers",True
BEST PICTURE,Hell or High Water,"Carla Hacken and Julie Yorn, Producers",True
BEST PICTURE,Hidden Figures,"Donna Gigliotti, Peter Chernin, Jenno Topping, Pharrell Williams and Theodore Melfi, Producers",True
BEST PICTURE,La La Land,"Fred Berger, Jordan Horowitz and Marc Platt, Producers",True
BEST PICTURE,Lion,"Emile Sherman, Iain Canning and Angie Fielder, Producers",True
BEST PICTURE,Manchester by the Sea,"Matt Damon, Kimberly Steward, Chris Moore, Lauren Beck and Kevin J. Walsh, Producers",True
BEST PICTURE,Moonlight,"Adele Romanski, Dede Gardner and Jeremy Kleiner, Producers",True
ART DIRECTION,Arrival,Production Design: Patrice Vermette; Set Decoration: Paul Hotte,True
ART DIRECTION,Fantastic Beasts and Where to Find Them,Production Design: Stuart Craig; Set Decoration: Anna Pinnock,True
ART DIRECTION,"Hail, Caesar!",Production Design: Jess Gonchor; Set Decoration: Nancy Haigh,True
ART DIRECTION,La La Land,Production Design: David Wasco; Set Decoration: Sandy Reynolds-Wasco,True
ART DIRECTION,Passengers,Production Design: Guy Hendrix Dyas; Set Decoration: Gene Serdena,True
SHORT FILM (Animated),Blind Vaysha,Theodore Ushev,True
SHORT FILM (Animated),Borrowed Time,Andrew Coats and Lou Hamou-Lhadj,True
SHORT FILM (Animated),Pear Cider and Cigarettes,Robert Valley and Cara Speller,True
SHORT FILM (Animated),Pearl,Patrick Osborne,True
SHORT FILM (Animated),Piper,Alan Barillaro and Marc Sondheimer,True
SHORT FILM (Live Action),Ennemis Intérieurs,Sélim Azzazi,True
SHORT FILM (Live Action),La Femme et le TGV,Timo von Gunten and Giacun Caduff,True
SHORT FILM (Live Action),Silent Nights,Aske Bang and Kim Magnusson,True
SHORT FILM (Live Action),Sing,Kristof Deák and Anna Udvardy,True
SHORT FILM (Live Action),Timecode,Juanjo Giménez,True
SOUND EDITING,Arrival,Sylvain Bellemare,True
SOUND EDITING,Deepwater Horizon,Wylie Stateman and Renée Tondelli,True
SOUND EDITING,Hacksaw Ridge,Robert Mackenzie and Andy Wright,True
SOUND EDITING,La La Land,Ai-Ling Lee and Mildred Iatrou Morgan,True
SOUND EDITING,Sully,Alan Robert Murray and Bub Asman,True
SOUND MIXING,Arrival,Bernard Gariépy Strobl and Claude La Haye,True
SOUND MIXING,Hacksaw Ridge,"Kevin O'Connell, Andy Wright, Robert Mackenzie and Peter Grace",True
SOUND MIXING,La La Land,"Andy Nelson, Ai-Ling Lee and Steve A. Morrow",True
SOUND MIXING,Rogue One: A Star Wars Story,"David Parker, Christopher Scarabosio and Stuart Wilson",True
SOUND MIXING,13 Hours: The Secret Soldiers of Benghazi,"Gary Summers, Jeffrey J. Haboush and Mac Ruth",True
VISUAL EFFECTS,Deepwater Horizon,"Craig Hammack, Jason Snell, Jason Billington and Burt Dalton",True
VISUAL EFFECTS,Doctor Strange,"Stephane Ceretti, Richard Bluff, Vincent Cirelli and Paul Corbould",True
VISUAL EFFECTS,The Jungle Book,"Robert Legato, Adam Valdez, Andrew R. Jones and Dan Lemmon",True
VISUAL EFFECTS,Kubo and the Two Strings,"Steve Emerson, Oliver Jones, Brian McLean and Brad Schiff",True
VISUAL EFFECTS,Rogue One: A Star Wars Story,"John Knoll, Mohen Leo, Hal Hickel and Neil Corbould",True
WRITING (Adapted Screenplay),Arrival,Screenplay by Eric Heisserer,True
WRITING (Adapted Screenplay),Fences,Screenplay by August Wilson,True
WRITING (Adapted Screenplay),Hidden Figures,Screenplay by Allison Schroeder and Theodore Melfi,True
WRITING (Adapted Screenplay),Lion,Screenplay by Luke Davies,True
WRITING (Adapted Screenplay),Moonlight,Screenplay by Barry Jenkins; Story by Tarell Alvin McCraney,True
WRITING (Original Screenplay),Hell or High Water,Written by Taylor Sheridan,True
WRITING (Original Screenplay),La La Land,Written by Damien Chazelle,True
WRITING (Original Screenplay),The Lobster,"Written by Yorgos Lanthimos, Efthimis Filippou",True
WRITING (Original Screenplay),Manchester by the Sea,Written by Kenneth Lonergan,True
WRITING (Original Screenplay),20th Century Women,Written by Mike Mills,True
ACTOR IN A LEADING ROLE,Call Me by Your Name,Timothée Chalamet,True
ACTOR IN A LEADING ROLE,Phantom Thread,Daniel Day-Lewis,True
ACTOR IN A LEADING ROLE,Get Out,Daniel Kaluuya,True
ACTOR IN A LEADING ROLE,Darkest Hour,Gary Oldman,True
ACTOR IN A LEADING ROLE,"Roman J. Israel, Esq.",Denzel Washington,True
ACTOR IN A SUPPORTING ROLE,The Florida Project,Willem Dafoe,True
ACTOR IN A SUPPORTING ROLE,"Three Billboards outside Ebbing, Missouri",Woody Harrelson,True
ACTOR IN A SUPPORTING ROLE,The Shape of Water,Richard Jenkins,True
ACTOR IN A SUPPORTING ROLE,All the Money in the World,Christopher Plummer,True
ACTOR IN A SUPPORTING ROLE,"Three Billboards outside Ebbing, Missouri",Sam Rockwell,True
ACTRESS IN A LEADING ROLE,The Shape of Water,Sally Hawkins,True
ACTRESS IN A LEADING ROLE,"Three Billboards outside Ebbing, Missouri",Frances McDormand,True
ACTRESS IN A LEADING ROLE,"I, Tonya",Margot Robbie,True
ACTRESS IN A LEADING ROLE,Lady Bird,Saoirse Ronan,True
ACTRESS IN A LEADING ROLE,The Post,Meryl Streep,True
ACTRESS IN A SUPPORTING ROLE,Mudbound,Mary J. Blige,True
ACTRESS IN A SUPPORTING ROLE,"I, Tonya",Allison Janney,True
ACTRESS IN A SUPPORTING ROLE,Phantom Thread,Lesley Manville,True
ACTRESS IN A SUPPORTING ROLE,Lady Bird,Laurie Metcalf,True
ACTRESS IN A SUPPORTING ROLE,The Shape of Water,Octavia Spencer,True
ANIMATED FEATURE FILM,The Boss Baby,Tom McGrath and Ramsey Naito,True
ANIMATED FEATURE FILM,The Breadwinner,Nora Twomey and Anthony Leo,True
ANIMATED FEATURE FILM,Coco,Lee Unkrich and Darla K. Anderson,True
ANIMATED FEATURE FILM,Ferdinand,Carlos Saldanha and Lori Forte,True
ANIMATED FEATURE FILM,Loving Vincent,"Dorota Kobiela, Hugh Welchman and Ivan Mactaggart",True
CINEMATOGRAPHY,Blade Runner 2049,Roger A. Deakins,True
CINEMATOGRAPHY,Darkest Hour,Bruno Delbonnel,True
CINEMATOGRAPHY,Dunkirk,Hoyte van Hoytema,True
CINEMATOGRAPHY,Mudbound,Rachel Morrison,True
CINEMATOGRAPHY,The Shape of Water,Dan Laustsen,True
COSTUME DESIGN,Beauty and the Beast,Jacqueline Durran,True
COSTUME DESIGN,Darkest Hour,Jacqueline Durran,True
COSTUME DESIGN,Phantom Thread,Mark Bridges,True
COSTUME DESIGN,The Shape of Water,Luis Sequeira,True
COSTUME DESIGN,Victoria & Abdul,Consolata Boyle,True
DIRECTING,Dunkirk,Christopher Nolan,True
DIRECTING,Get Out,Jordan Peele,True
DIRECTING,Lady Bird,Greta Gerwig,True
DIRECTING,Phantom Thread,Paul Thomas Anderson,True
DIRECTING,The Shape of Water,Guillermo del Toro,True
DOCUMENTARY (Feature),Abacus: Small Enough to Jail,"Steve James, Mark Mitten and Julie Goldman",True
DOCUMENTARY (Feature),Faces Places,"Agnès Varda, JR and Rosalie Varda",True
DOCUMENTARY (Feature),Icarus,Bryan Fogel and Dan Cogan,True
DOCUMENTARY (Feature),Last Men in Aleppo,"Feras Fayyad, Kareem Abeed and Søren Steen Jespersen",True
DOCUMENTARY (Feature),Strong Island,Yance Ford and Joslyn Barnes,True
DOCUMENTARY (Short Subject),Edith+Eddie,Laura Checkoway and Thomas Lee Wright,True
DOCUMENTARY (Short Subject),Heaven Is a Traffic Jam on the 405,Frank Stiefel,True
DOCUMENTARY (Short Subject),Heroin(e),Elaine McMillion Sheldon and Kerrin Sheldon,True
DOCUMENTARY (Short Subject),Knife Skills,Thomas Lennon,True
DOCUMENTARY (Short Subject),Traffic Stop,Kate Davis and David Heilbroner,True
FILM EDITING,Baby Driver,Paul Machliss and Jonathan Amos,True
FILM EDITING,Dunkirk,Lee Smith,True
FILM EDITING,"I, Tonya",Tatiana S. Riegel,True
FILM EDITING,The Shape of Water,Sidney Wolinsky,True
FILM EDITING,"Three Billboards outside Ebbing, Missouri",Jon Gregory,True
INTERNATIONAL FEATURE FILM,A Fantastic Woman,Chile,True
INTERNATIONAL FEATURE FILM,The Insult,Lebanon,True
INTERNATIONAL FEATURE FILM,Loveless,Russia,True
INTERNATIONAL FEATURE FILM,On Body and Soul,Hungary,True
INTERNATIONAL FEATURE FILM,The Square,Sweden,True
MAKEUP AND HAIRSTYLING,Darkest Hour,"Kazuhiro Tsuji, David Malinowski and Lucy Sibbick",True
MAKEUP AND HAIRSTYLING,Victoria & Abdul,Daniel Phillips and Lou Sheppard,True
MAKEUP AND HAIRSTYLING,Wonder,Arjen Tuiten,True
MUSIC (Original Score),Dunkirk,Hans Zimmer,True
MUSIC (Original Score),Phantom Thread,Jonny Greenwood,True
MUSIC (Original Score),The Shape of Water,Alexandre Desplat,True
MUSIC (Original Score),Star Wars: The Last Jedi,John Williams,True
MUSIC (Original Score),"Three Billboards outside Ebbing, Missouri",Carter Burwell,True
MUSIC (Original Song),Mudbound,"Music and Lyric by Mary J. Blige, Raphael Saadiq and Taura Stinson",True
MUSIC (Original Song),Call Me by Your Name,Music and Lyric by Sufjan Stevens,True
MUSIC (Original Song),Coco,Music and Lyric by Kristen Anderson-Lopez and Robert Lopez,True
MUSIC (Original Song),Marshall,Music by Diane Warren; Lyric by Lonnie R. Lynn and Diane Warren,True
MUSIC (Original Song),The Greatest Showman,Music and Lyric by Benj Pasek and Justin Paul,True
BEST PICTURE,Call Me by Your Name,"Peter Spears, Luca Guadagnino, Emilie Georges and Marco Morabito, Producers",True
BEST PICTURE,Darkest Hour,"Tim Bevan, Eric Fellner, Lisa Bruce, Anthony McCarten and Douglas Urbanski, Producers",True
BEST PICTURE,Dunkirk,"Emma Thomas and Christopher Nolan, Producers",True
BEST PICTURE,Get Out,"Sean McKittrick, Jason Blum, Edward H. Hamm Jr. and Jordan Peele, Producers",True
BEST PICTURE,Lady Bird,"Scott Rudin, Eli Bush and Evelyn O'Neill, Producers",True
BEST PICTURE,Phantom Thread,"JoAnne Sellar, Paul Thomas Anderson, Megan Ellison and Daniel Lupi, Producers",True
BEST PICTURE,The Post,"Amy Pascal, Steven Spielberg and Kristie Macosko Krieger, Producers",True
BEST PICTURE,The Shape of Water,"Guillermo del Toro and J. Miles Dale, Producers",True
BEST PICTURE,"Three Billboards outside Ebbing, Missouri","Graham Broadbent, Pete Czernin and Martin McDonagh, Producers",True
ART DIRECTION,Beauty and the Beast,Production Design: Sarah Greenwood; Set Decoration: Katie Spencer,True
ART DIRECTION,Blade Runner 2049,Production Design: Dennis Gassner; Set Decoration: Alessandra Querzola,True
ART DIRECTION,Darkest Hour,Production Design: Sarah Greenwood; Set Decoration: Katie Spencer,True
ART DIRECTION,Dunkirk,Production Design: Nathan Crowley; Set Decoration: Gary Fettis,True
ART DIRECTION,The Shape of Water,Production Design: Paul Denham Austerberry; Set Decoration: Shane Vieau and Jeffrey A. Melvin,True
SHORT FILM (Animated),Dear Basketball,Glen Keane and Kobe Bryant,True
SHORT FILM (Animated),Garden Party,Victor Caire and Gabriel Grapperon,True
SHORT FILM (Animated),Lou,Dave Mullins and Dana Murray,True
SHORT FILM (Animated),Negative Space,Max Porter and Ru Kuwahata,True
SHORT FILM (Animated),Revolting Rhymes,Jakob Schuh and Jan Lachauer,True
SHORT FILM (Live Action),DeKalb Elementary,Reed Van Dyk,True
SHORT FILM (Live Action),The Eleven O'Clock,Derin Seale and Josh Lawson,True
SHORT FILM (Live Action),My Nephew Emmett,"Kevin Wilson, Jr.",True
SHORT FILM (Live Action),The Silent Child,Chris Overton and Rachel Shenton,True
SHORT FILM (Live Action),Watu Wote/All of Us,Katja Benrath and Tobias Rosen,True
SOUND EDITING,Baby Driver,Julian Slater,True
SOUND EDITING,Blade Runner 2049,Mark Mangini and Theo Green,True
SOUND EDITING,Dunkirk,Richard King and Alex Gibson,True
SOUND EDITING,The Shape of Water,Nathan Robitaille and Nelson Ferreira,True
SOUND EDITING,Star Wars: The Last Jedi,Matthew Wood and Ren Klyce,True
SOUND MIXING,Baby Driver,"Julian Slater, Tim Cavagin and Mary H. Ellis",True
SOUND MIXING,Blade Runner 2049,"Ron Bartlett, Doug Hemphill and Mac Ruth",True
SOUND MIXING,Dunkirk,"Gregg Landaker, Gary A. Rizzo and Mark Weingarten",True
SOUND MIXING,The Shape of Water,"Christian Cooke, Brad Zoern and Glen Gauthier",True
SOUND MIXING,Star Wars: The Last Jedi,"David Parker, Michael Semanick, Ren Klyce and Stuart Wilson",True
VISUAL EFFECTS,Blade Runner 2049,"John Nelson, Gerd Nefzer, Paul Lambert and Richard R. Hoover",True
VISUAL EFFECTS,Guardians of the Galaxy Vol. 2,"Christopher Townsend, Guy Williams, Jonathan Fawkner and Dan Sudick",True
VISUAL EFFECTS,Kong: Skull Island,"Stephen Rosenbaum, Jeff White, Scott Benza and Mike Meinardus",True
VISUAL EFFECTS,Star Wars: The Last Jedi,"Ben Morris, Mike Mulholland, Neal Scanlan and Chris Corbould",True
VISUAL EFFECTS,War for the Planet of the Apes,"Joe Letteri, Daniel Barrett, Dan Lemmon and Joel Whist",True
WRITING (Adapted Screenplay),Call Me by Your Name,Screenplay by James Ivory,True
WRITING (Adapted Screenplay),The Disaster Artist,Screenplay by Scott Neustadter & Michael H. Weber,True
WRITING (Adapted Screenplay),Logan,Screenplay by Scott Frank & James Mangold and Michael Green; Story by James Mangold,True
WRITING (Adapted Screenplay),Molly's Game,Written for the screen by Aaron Sorkin,True
WRITING (Adapted Screenplay),Mudbound,Screenplay by Virgil Williams and Dee Rees,True
WRITING (Original Screenplay),The Big Sick,Written by Emily V. Gordon & Kumail Nanjiani,True
WRITING (Original Screenplay),Get Out,Written by Jordan Peele,True
WRITING (Original Screenplay),Lady Bird,Written by Greta Gerwig,True
WRITING (Original Screenplay),The Shape of Water,Screenplay by Guillermo del Toro & Vanessa Taylor; Story by Guillermo del Toro,True
WRITING (Original Screenplay),"Three Billboards outside Ebbing, Missouri",Written by Martin McDonagh,True
SPECIAL AWARD,CARNE y ARENA,nan,True
ACTOR IN A LEADING ROLE,Vice,Christian Bale,True
ACTOR IN A LEADING ROLE,A Star Is Born,Bradley Cooper,True
ACTOR IN A LEADING ROLE,At Eternity's Gate,Willem Dafoe,True
ACTOR IN A LEADING ROLE,Bohemian Rhapsody,Rami Malek,True
ACTOR IN A LEADING ROLE,Green Book,Viggo Mortensen,True
ACTOR IN A SUPPORTING ROLE,Green Book,Mahershala Ali,True
ACTOR IN A SUPPORTING ROLE,BlacKkKlansman,Adam Driver,True
ACTOR IN A SUPPORTING ROLE,A Star Is Born,Sam Elliott,True
ACTOR IN A SUPPORTING ROLE,Can You Ever Forgive Me?,Richard E. Grant,True
ACTOR IN A SUPPORTING ROLE,Vice,Sam Rockwell,True
ACTRESS IN A LEADING ROLE,Roma,Yalitza Aparicio,True
ACTRESS IN A LEADING ROLE,The Wife,Glenn Close,True
ACTRESS IN A LEADING ROLE,The Favourite,Olivia Colman,True
ACTRESS IN A LEADING ROLE,A Star Is Born,Lady Gaga,True
ACTRESS IN A LEADING ROLE,Can You Ever Forgive Me?,Melissa McCarthy,True
ACTRESS IN A SUPPORTING ROLE,Vice,Amy Adams,True
ACTRESS IN A SUPPORTING ROLE,Roma,Marina de Tavira,True
ACTRESS IN A SUPPORTING ROLE,If Beale Street Could Talk,Regina King,True
ACTRESS IN A SUPPORTING ROLE,The Favourite,Emma Stone,True
ACTRESS IN A SUPPORTING ROLE,The Favourite,Rachel Weisz,True
ANIMATED FEATURE FILM,Incredibles 2,"Brad Bird, John Walker and Nicole Paradis Grindle",True
ANIMATED FEATURE FILM,Isle of Dogs,"Wes Anderson, Scott Rudin, Steven Rales and Jeremy Dawson",True
ANIMATED FEATURE FILM,Mirai,Mamoru Hosoda and Yuichiro Saito,True
ANIMATED FEATURE FILM,Ralph Breaks the Internet,"Rich Moore, Phil Johnston and Clark Spencer",True
ANIMATED FEATURE FILM,Spider-Man: Into the Spider-Verse,"Bob Persichetti, Peter Ramsey, Rodney Rothman, Phil Lord and Christopher Miller",True
CINEMATOGRAPHY,Cold War,Lukasz Zal,True
CINEMATOGRAPHY,The Favourite,Robbie Ryan,True
CINEMATOGRAPHY,Never Look Away,Caleb Deschanel,True
CINEMATOGRAPHY,Roma,Alfonso Cuarón,True
CINEMATOGRAPHY,A Star Is Born,Matthew Libatique,True
COSTUME DESIGN,The Ballad of Buster Scruggs,Mary Zophres,True
COSTUME DESIGN,Black Panther,Ruth Carter,True
COSTUME DESIGN,The Favourite,Sandy Powell,True
COSTUME DESIGN,Mary Poppins Returns,Sandy Powell,True
COSTUME DESIGN,Mary Queen of Scots,Alexandra Byrne,True
DIRECTING,BlacKkKlansman,Spike Lee,True
DIRECTING,Cold War,Pawel Pawlikowski,True
DIRECTING,The Favourite,Yorgos Lanthimos,True
DIRECTING,Roma,Alfonso Cuarón,True
DIRECTING,Vice,Adam McKay,True
DOCUMENTARY (Feature),Free Solo,"Elizabeth Chai Vasarhelyi, Jimmy Chin, Evan Hayes and Shannon Dill",True
DOCUMENTARY (Feature),"Hale County This Morning, This Evening","RaMell Ross, Joslyn Barnes and Su Kim",True
DOCUMENTARY (Feature),Minding the Gap,Bing Liu and Diane Quon,True
DOCUMENTARY (Feature),Of Fathers and Sons,"Talal Derki, Ansgar Frerich, Eva Kemme and Tobias N. Siebert",True
DOCUMENTARY (Feature),RBG,Betsy West and Julie Cohen,True
DOCUMENTARY (Short Subject),Black Sheep,Ed Perkins and Jonathan Chinn,True
DOCUMENTARY (Short Subject),End Game,Rob Epstein and Jeffrey Friedman,True
DOCUMENTARY (Short Subject),Lifeboat,Skye Fitzgerald and Bryn Mooser,True
DOCUMENTARY (Short Subject),A Night at The Garden,Marshall Curry,True
DOCUMENTARY (Short Subject),Period. End of Sentence.,Rayka Zehtabchi and Melissa Berton,True
FILM EDITING,BlacKkKlansman,Barry Alexander Brown,True
FILM EDITING,Bohemian Rhapsody,John Ottman,True
FILM EDITING,The Favourite,Yorgos Mavropsaridis,True
FILM EDITING,Green Book,Patrick J. Don Vito,True
FILM EDITING,Vice,Hank Corwin,True
INTERNATIONAL FEATURE FILM,Capernaum,Lebanon,True
INTERNATIONAL FEATURE FILM,Cold War,Poland,True
INTERNATIONAL FEATURE FILM,Never Look Away,Germany,True
INTERNATIONAL FEATURE FILM,Roma,Mexico,True
INTERNATIONAL FEATURE FILM,Shoplifters,Japan,True
MAKEUP AND HAIRSTYLING,Border,Göran Lundström and Pamela Goldammer,True
MAKEUP AND HAIRSTYLING,Mary Queen of Scots,"Jenny Shircore, Marc Pilcher and Jessica Brooks",True
MAKEUP AND HAIRSTYLING,Vice,"Greg Cannom, Kate Biscoe and Patricia Dehaney",True
MUSIC (Original Score),Black Panther,Ludwig Goransson,True
MUSIC (Original Score),BlacKkKlansman,Terence Blanchard,True
MUSIC (Original Score),If Beale Street Could Talk,Nicholas Britell,True
MUSIC (Original Score),Isle of Dogs,Alexandre Desplat,True
MUSIC (Original Score),Mary Poppins Returns,Marc Shaiman,True
MUSIC (Original Song),Black Panther,"Music by Kendrick Lamar, Mark ""Sounwave"" Spears and Anthony ""Top Dawg"" Tiffith; Lyric by Kendrick Lamar, SZA and Anthony ""Top Dawg"" Tiffith",True
MUSIC (Original Song),RBG,Music and Lyric by Diane Warren,True
MUSIC (Original Song),Mary Poppins Returns,Music by Marc Shaiman; Lyric by Scott Wittman and Marc Shaiman,True
MUSIC (Original Song),A Star Is Born,"Music and Lyric by Lady Gaga, Mark Ronson, Anthony Rossomando and Andrew Wyatt",True
MUSIC (Original Song),The Ballad of Buster Scruggs,Music and Lyric by Gillian Welch and David Rawlings,True
BEST PICTURE,Black Panther,"Kevin Feige, Producer",True
BEST PICTURE,BlacKkKlansman,"Sean McKittrick, Jason Blum, Raymond Mansfield, Jordan Peele and Spike Lee, Producers",True
BEST PICTURE,Bohemian Rhapsody,"Graham King, Producer",True
BEST PICTURE,The Favourite,"Ceci Dempsey, Ed Guiney, Lee Magiday and Yorgos Lanthimos, Producers",True
BEST PICTURE,Green Book,"Jim Burke, Charles B. Wessler, Brian Currie, Peter Farrelly and Nick Vallelonga, Producers",True
BEST PICTURE,Roma,"Gabriela Rodríguez and Alfonso Cuarón, Producers",True
BEST PICTURE,A Star Is Born,"Bill Gerber, Bradley Cooper and Lynette Howell Taylor, Producers",True
BEST PICTURE,Vice,"Dede Gardner, Jeremy Kleiner, Adam McKay and Kevin Messick, Producers",True
ART DIRECTION,Black Panther,Production Design: Hannah Beachler; Set Decoration: Jay Hart,True
ART DIRECTION,The Favourite,Production Design: Fiona Crombie; Set Decoration: Alice Felton,True
ART DIRECTION,First Man,Production Design: Nathan Crowley; Set Decoration: Kathy Lucas,True
ART DIRECTION,Mary Poppins Returns,Production Design: John Myhre; Set Decoration: Gordon Sim,True
ART DIRECTION,Roma,Production Design: Eugenio Caballero; Set Decoration: Bárbara Enríquez,True
SHORT FILM (Animated),Animal Behaviour,Alison Snowden and David Fine,True
SHORT FILM (Animated),Bao,Domee Shi and Becky Neiman-Cobb,True
SHORT FILM (Animated),Late Afternoon,Louise Bagnall and Nuria González Blanco,True
SHORT FILM (Animated),One Small Step,Andrew Chesworth and Bobby Pontillas,True
SHORT FILM (Animated),Weekends,Trevor Jimenez,True
SHORT FILM (Live Action),Detainment,Vincent Lambe and Darren Mahon,True
SHORT FILM (Live Action),Fauve,Jeremy Comte and Maria Gracia Turgeon,True
SHORT FILM (Live Action),Marguerite,Marianne Farley and Marie-Hélène Panisset,True
SHORT FILM (Live Action),Mother,Rodrigo Sorogoyen and María del Puy Alvarado,True
SHORT FILM (Live Action),Skin,Guy Nattiv and Jaime Ray Newman,True
SOUND EDITING,Black Panther,Benjamin A. Burtt and Steve Boeddeker,True
SOUND EDITING,Bohemian Rhapsody,John Warhurst and Nina Hartstone,True
SOUND EDITING,First Man,Ai-Ling Lee and Mildred Iatrou Morgan,True
SOUND EDITING,A Quiet Place,Ethan Van der Ryn and Erik Aadahl,True
SOUND EDITING,Roma,Sergio Díaz and Skip Lievsay,True
SOUND MIXING,Black Panther,"Steve Boeddeker, Brandon Proctor and Peter Devlin",True
SOUND MIXING,Bohemian Rhapsody,"Paul Massey, Tim Cavagin and John Casali",True
SOUND MIXING,First Man,"Jon Taylor, Frank A. Montaño, Ai-Ling Lee and Mary H. Ellis",True
SOUND MIXING,Roma,"Skip Lievsay, Craig Henighan and José Antonio García",True
SOUND MIXING,A Star Is Born,"Tom Ozanich, Dean Zupancic, Jason Ruder and Steve Morrow",True
VISUAL EFFECTS,Avengers: Infinity War,"Dan DeLeeuw, Kelly Port, Russell Earl and Dan Sudick",True
VISUAL EFFECTS,Christopher Robin,"Christopher Lawrence, Michael Eames, Theo Jones and Chris Corbould",True
VISUAL EFFECTS,First Man,"Paul Lambert, Ian Hunter, Tristan Myles and J.D. Schwalm",True
VISUAL EFFECTS,Ready Player One,"Roger Guyett, Grady Cofer, Matthew E. Butler and David Shirk",True
VISUAL EFFECTS,Solo: A Star Wars Story,"Rob Bredow, Patrick Tubach, Neal Scanlan and Dominic Tuohy",True
WRITING (Adapted Screenplay),The Ballad of Buster Scruggs,Written by Joel Coen & Ethan Coen,True
WRITING (Adapted Screenplay),BlacKkKlansman,Written by Charlie Wachtel & David Rabinowitz and Kevin Willmott & Spike Lee,True
WRITING (Adapted Screenplay),Can You Ever Forgive Me?,Screenplay by Nicole Holofcener and Jeff Whitty,True
WRITING (Adapted Screenplay),If Beale Street Could Talk,Written for the screen by Barry Jenkins,True
WRITING (Adapted Screenplay),A Star Is Born,Screenplay by Eric Roth and Bradley Cooper & Will Fetters,True
WRITING (Original Screenplay),The Favourite,Written by Deborah Davis and Tony McNamara,True
WRITING (Original Screenplay),First Reformed,Written by Paul Schrader,True
WRITING (Original Screenplay),Green Book,"Written by Nick Vallelonga, Brian Currie, Peter Farrelly",True
WRITING (Original Screenplay),Roma,Written by Alfonso Cuarón,True
WRITING (Original Screenplay),Vice,Written by Adam McKay,True
ACTOR IN A LEADING ROLE,Pain and Glory,Antonio Banderas,True
ACTOR IN A LEADING ROLE,Once upon a Time...in Hollywood,Leonardo DiCaprio,True
ACTOR IN A LEADING ROLE,Marriage Story,Adam Driver,True
ACTOR IN A LEADING ROLE,Joker,Joaquin Phoenix,True
ACTOR IN A LEADING ROLE,The Two Popes,Jonathan Pryce,True
ACTOR IN A SUPPORTING ROLE,A Beautiful Day in the Neighborhood,Tom Hanks,True
ACTOR IN A SUPPORTING ROLE,The Two Popes,Anthony Hopkins,True
ACTOR IN A SUPPORTING ROLE,The Irishman,Al Pacino,True
ACTOR IN A SUPPORTING ROLE,The Irishman,Joe Pesci,True
ACTOR IN A SUPPORTING ROLE,Once upon a Time...in Hollywood,Brad Pitt,True
ACTRESS IN A LEADING ROLE,Harriet,Cynthia Erivo,True
ACTRESS IN A LEADING ROLE,Marriage Story,Scarlett Johansson,True
ACTRESS IN A LEADING ROLE,Little Women,Saoirse Ronan,True
ACTRESS IN A LEADING ROLE,Bombshell,Charlize Theron,True
ACTRESS IN A LEADING ROLE,Judy,Renée Zellweger,True
ACTRESS IN A SUPPORTING ROLE,Richard Jewell,Kathy Bates,True
ACTRESS IN A SUPPORTING ROLE,Marriage Story,Laura Dern,True
ACTRESS IN A SUPPORTING ROLE,Jojo Rabbit,Scarlett Johansson,True
ACTRESS IN A SUPPORTING ROLE,Little Women,Florence Pugh,True
ACTRESS IN A SUPPORTING ROLE,Bombshell,Margot Robbie,True
ANIMATED FEATURE FILM,How to Train Your Dragon: The Hidden World,"Dean DeBlois, Bradford Lewis and Bonnie Arnold",True
ANIMATED FEATURE FILM,I Lost My Body,Jérémy Clapin and Marc du Pontavice,True
ANIMATED FEATURE FILM,Klaus,"Sergio Pablos, Jinko Gotoh and Marisa Román",True
ANIMATED FEATURE FILM,Missing Link,"Chris Butler, Arianne Sutner and Travis Knight",True
ANIMATED FEATURE FILM,Toy Story 4,"Josh Cooley, Mark Nielsen and Jonas Rivera",True
CINEMATOGRAPHY,The Irishman,Rodrigo Prieto,True
CINEMATOGRAPHY,Joker,Lawrence Sher,True
CINEMATOGRAPHY,The Lighthouse,Jarin Blaschke,True
CINEMATOGRAPHY,1917,Roger Deakins,True
CINEMATOGRAPHY,Once upon a Time...in Hollywood,Robert Richardson,True
COSTUME DESIGN,The Irishman,Sandy Powell and Christopher Peterson,True
COSTUME DESIGN,Jojo Rabbit,Mayes C. Rubeo,True
COSTUME DESIGN,Joker,Mark Bridges,True
COSTUME DESIGN,Little Women,Jacqueline Durran,True
COSTUME DESIGN,Once upon a Time...in Hollywood,Arianne Phillips,True
DIRECTING,The Irishman,Martin Scorsese,True
DIRECTING,Joker,Todd Phillips,True
DIRECTING,1917,Sam Mendes,True
DIRECTING,Once upon a Time...in Hollywood,Quentin Tarantino,True
DIRECTING,Parasite,Bong Joon Ho,True
DOCUMENTARY (Feature),American Factory,"Steven Bognar, Julia Reichert and Jeff Reichert",True
DOCUMENTARY (Feature),The Cave,"Feras Fayyad, Kirstine Barfod and Sigrid Dyekjær",True
DOCUMENTARY (Feature),The Edge of Democracy,"Petra Costa, Joanna Natasegara, Shane Boris and Tiago Pavan",True
DOCUMENTARY (Feature),For Sama,Waad al-Kateab and Edward Watts,True
DOCUMENTARY (Feature),Honeyland,"Ljubo Stefanov, Tamara Kotevska and Atanas Georgiev",True
DOCUMENTARY (Short Subject),In the Absence,Yi Seung-Jun and Gary Byung-Seok Kam,True
DOCUMENTARY (Short Subject),Learning to Skateboard in a Warzone (If You're a Girl),Carol Dysinger and Elena Andreicheva,True
DOCUMENTARY (Short Subject),Life Overtakes Me,John Haptas and Kristine Samuelson,True
DOCUMENTARY (Short Subject),St. Louis Superman,Smriti Mundhra and Sami Khan,True
DOCUMENTARY (Short Subject),Walk Run Cha-Cha,Laura Nix and Colette Sandstedt,True
FILM EDITING,Ford v Ferrari,Michael McCusker and Andrew Buckland,True
FILM EDITING,The Irishman,Thelma Schoonmaker,True
FILM EDITING,Jojo Rabbit,Tom Eagles,True
FILM EDITING,Joker,Jeff Groth,True
FILM EDITING,Parasite,Yang Jinmo,True
INTERNATIONAL FEATURE FILM,Corpus Christi,Poland,True
INTERNATIONAL FEATURE FILM,Honeyland,North Macedonia,True
INTERNATIONAL FEATURE FILM,Les Misérables,France,True
INTERNATIONAL FEATURE FILM,Pain and Glory,Spain,True
INTERNATIONAL FEATURE FILM,Parasite,South Korea,True
MAKEUP AND HAIRSTYLING,Bombshell,"Kazu Hiro, Anne Morgan and Vivian Baker",True
MAKEUP AND HAIRSTYLING,Joker,Nicki Ledermann and Kay Georgiou,True
MAKEUP AND HAIRSTYLING,Judy,Jeremy Woodhead,True
MAKEUP AND HAIRSTYLING,Maleficent: Mistress of Evil,"Paul Gooch, Arjen Tuiten and David White",True
MAKEUP AND HAIRSTYLING,1917,"Naomi Donne, Tristan Versluis and Rebecca Cole",True
MUSIC (Original Score),Joker,Hildur Guðnadóttir,True
MUSIC (Original Score),Little Women,Alexandre Desplat,True
MUSIC (Original Score),Marriage Story,Randy Newman,True
MUSIC (Original Score),1917,Thomas Newman,True
MUSIC (Original Score),Star Wars: The Rise of Skywalker,John Williams,True
MUSIC (Original Song),Toy Story 4,Music and Lyric by Randy Newman,True
MUSIC (Original Song),Rocketman,Music by Elton John; Lyric by Bernie Taupin,True
MUSIC (Original Song),Breakthrough,Music and Lyric by Diane Warren,True
MUSIC (Original Song),Frozen II,Music and Lyric by Kristen Anderson-Lopez and Robert Lopez,True
MUSIC (Original Song),Harriet,Music and Lyric by Joshuah Brian Campbell and Cynthia Erivo,True
BEST PICTURE,Ford v Ferrari,"Peter Chernin, Jenno Topping and James Mangold, Producers",True
BEST PICTURE,The Irishman,"Martin Scorsese, Robert De Niro, Jane Rosenthal and Emma Tillinger Koskoff, Producers",True
BEST PICTURE,Jojo Rabbit,"Carthew Neal, Taika Waititi and Chelsea Winstanley, Producers",True
BEST PICTURE,Joker,"Todd Phillips, Bradley Cooper and Emma Tillinger Koskoff, Producers",True
BEST PICTURE,Little Women,"Amy Pascal, Producer",True
BEST PICTURE,Marriage Story,"Noah Baumbach and David Heyman, Producers",True
BEST PICTURE,1917,"Sam Mendes, Pippa Harris, Jayne-Ann Tenggren and Callum McDougall, Producers",True
BEST PICTURE,Once upon a Time...in Hollywood,"David Heyman, Shannon McIntosh and Quentin Tarantino, Producers",True
BEST PICTURE,Parasite,"Kwak Sin Ae and Bong Joon Ho, Producers",True
ART DIRECTION,The Irishman,Production Design: Bob Shaw; Set Decoration: Regina Graves,True
ART DIRECTION,Jojo Rabbit,Production Design: Ra Vincent; Set Decoration: Nora Sopková,True
ART DIRECTION,1917,Production Design: Dennis Gassner; Set Decoration: Lee Sandales,True
ART DIRECTION,Once upon a Time...in Hollywood,Production Design: Barbara Ling; Set Decoration: Nancy Haigh,True
ART DIRECTION,Parasite,Production Design: Lee Ha Jun; Set Decoration: Cho Won Woo,True
SHORT FILM (Animated),Dcera (Daughter),Daria Kashcheeva,True
SHORT FILM (Animated),Hair Love,Matthew A. Cherry and Karen Rupert Toliver,True
SHORT FILM (Animated),Kitbull,Rosana Sullivan and Kathryn Hendrickson,True
SHORT FILM (Animated),Memorable,Bruno Collet and Jean-François Le Corre,True
SHORT FILM (Animated),Sister,Siqi Song,True
SHORT FILM (Live Action),Brotherhood,Meryam Joobeur and Maria Gracia Turgeon,True
SHORT FILM (Live Action),Nefta Football Club,Yves Piat and Damien Megherbi,True
SHORT FILM (Live Action),The Neighbors' Window,Marshall Curry,True
SHORT FILM (Live Action),Saria,Bryan Buckley and Matt Lefebvre,True
SHORT FILM (Live Action),A Sister,Delphine Girard,True
SOUND EDITING,Ford v Ferrari,Donald Sylvester,True
SOUND EDITING,Joker,Alan Robert Murray,True
SOUND EDITING,1917,Oliver Tarney and Rachael Tate,True
SOUND EDITING,Once upon a Time...in Hollywood,Wylie Stateman,True
SOUND EDITING,Star Wars: The Rise of Skywalker,Matthew Wood and David Acord,True
SOUND MIXING,Ad Astra,"Gary Rydstrom, Tom Johnson and Mark Ulano",True
SOUND MIXING,Ford v Ferrari,"Paul Massey, David Giammarco and Steven A. Morrow",True
SOUND MIXING,Joker,"Tom Ozanich, Dean Zupancic and Tod Maitland",True
SOUND MIXING,1917,Mark Taylor and Stuart Wilson,True
SOUND MIXING,Once upon a Time...in Hollywood,"Michael Minkler, Christian P. Minkler and Mark Ulano",True
VISUAL EFFECTS,Avengers: Endgame,"Dan DeLeeuw, Russell Earl, Matt Aitken and Dan Sudick",True
VISUAL EFFECTS,The Irishman,"Pablo Helman, Leandro Estebecorena, Nelson Sepulveda-Fauser and Stephane Grabli",True
VISUAL EFFECTS,The Lion King,"Robert Legato, Adam Valdez, Andrew R. Jones and Elliot Newman",True
VISUAL EFFECTS,1917,"Guillaume Rocheron, Greg Butler and Dominic Tuohy",True
VISUAL EFFECTS,Star Wars: The Rise of Skywalker,"Roger Guyett, Neal Scanlan, Patrick Tubach and Dominic Tuohy",True
WRITING (Adapted Screenplay),The Irishman,Screenplay by Steven Zaillian,True
WRITING (Adapted Screenplay),Jojo Rabbit,Screenplay by Taika Waititi,True
WRITING (Adapted Screenplay),Joker,Written by Todd Phillips & Scott Silver,True
WRITING (Adapted Screenplay),Little Women,Written for the screen by Greta Gerwig,True
WRITING (Adapted Screenplay),The Two Popes,Written by Anthony McCarten,True
WRITING (Original Screenplay),Knives Out,Written by Rian Johnson,True
WRITING (Original Screenplay),Marriage Story,Written by Noah Baumbach,True
WRITING (Original Screenplay),1917,Written by Sam Mendes & Krysty Wilson-Cairns,True
WRITING (Original Screenplay),Once upon a Time...in Hollywood,Written by Quentin Tarantino,True
WRITING (Original Screenplay),Parasite,"Screenplay by Bong Joon Ho, Han Jin Won; Story by Bong Joon Ho",True
ACTOR IN A LEADING ROLE,Sound of Metal,Riz Ahmed,True
ACTOR IN A LEADING ROLE,Ma Rainey's Black Bottom,Chadwick Boseman,True
ACTOR IN A LEADING ROLE,The Father,Anthony Hopkins,True
ACTOR IN A LEADING ROLE,Mank,Gary Oldman,True
ACTOR IN A LEADING ROLE,Minari,Steven Yeun,True
ACTOR IN A SUPPORTING ROLE,The Trial of the Chicago 7,Sacha Baron Cohen,True
ACTOR IN A SUPPORTING ROLE,Judas and the Black Messiah,Daniel Kaluuya,True
ACTOR IN A SUPPORTING ROLE,One Night in Miami...,"Leslie Odom, Jr.",True
ACTOR IN A SUPPORTING ROLE,Sound of Metal,Paul Raci,True
ACTOR IN A SUPPORTING ROLE,Judas and the Black Messiah,Lakeith Stanfield,True
ACTRESS IN A LEADING ROLE,Ma Rainey's Black Bottom,Viola Davis,True
ACTRESS IN A LEADING ROLE,The United States vs. Billie Holiday,Andra Day,True
ACTRESS IN A LEADING ROLE,Pieces of a Woman,Vanessa Kirby,True
ACTRESS IN A LEADING ROLE,Nomadland,Frances McDormand,True
ACTRESS IN A LEADING ROLE,Promising Young Woman,Carey Mulligan,True
ACTRESS IN A SUPPORTING ROLE,Borat Subsequent Moviefilm: Delivery of Prodigious Bribe to American Regime for Make Benefit Once Glorious Nation of Kazakhstan,Maria Bakalova,True
ACTRESS IN A SUPPORTING ROLE,Hillbilly Elegy,Glenn Close,True
ACTRESS IN A SUPPORTING ROLE,The Father,Olivia Colman,True
ACTRESS IN A SUPPORTING ROLE,Mank,Amanda Seyfried,True
ACTRESS IN A SUPPORTING ROLE,Minari,Yuh-Jung Youn,True
ANIMATED FEATURE FILM,Onward,Dan Scanlon and Kori Rae,True
ANIMATED FEATURE FILM,Over the Moon,"Glen Keane, Gennie Rim and Peilin Chou",True
ANIMATED FEATURE FILM,A Shaun the Sheep Movie: Farmageddon,"Richard Phelan, Will Becher and Paul Kewley",True
ANIMATED FEATURE FILM,Soul,Pete Docter and Dana Murray,True
ANIMATED FEATURE FILM,Wolfwalkers,"Tomm Moore, Ross Stewart, Paul Young and Stéphan Roelants",True
CINEMATOGRAPHY,Judas and the Black Messiah,Sean Bobbitt,True
CINEMATOGRAPHY,Mank,Erik Messerschmidt,True
CINEMATOGRAPHY,News of the World,Dariusz Wolski,True
CINEMATOGRAPHY,Nomadland,Joshua James Richards,True
CINEMATOGRAPHY,The Trial of the Chicago 7,Phedon Papamichael,True
COSTUME DESIGN,Emma,Alexandra Byrne,True
COSTUME DESIGN,Ma Rainey's Black Bottom,Ann Roth,True
COSTUME DESIGN,Mank,Trish Summerville,True
COSTUME DESIGN,Mulan,Bina Daigeler,True
COSTUME DESIGN,Pinocchio,Massimo Cantini Parrini,True
DIRECTING,Another Round,Thomas Vinterberg,True
DIRECTING,Mank,David Fincher,True
DIRECTING,Minari,Lee Isaac Chung,True
DIRECTING,Nomadland,Chloé Zhao,True
DIRECTING,Promising Young Woman,Emerald Fennell,True
DOCUMENTARY (Feature),Collective,Alexander Nanau and Bianca Oana,True
DOCUMENTARY (Feature),Crip Camp,"Nicole Newnham, Jim LeBrecht and Sara Bolder",True
DOCUMENTARY (Feature),The Mole Agent,Maite Alberdi and Marcela Santibáñez,True
DOCUMENTARY (Feature),My Octopus Teacher,"Pippa Ehrlich, James Reed and Craig Foster",True
DOCUMENTARY (Feature),Time,"Garrett Bradley, Lauren Domino and Kellen Quinn",True
DOCUMENTARY (Short Subject),Colette,Anthony Giacchino and Alice Doyard,True
DOCUMENTARY (Short Subject),A Concerto Is a Conversation,Ben Proudfoot and Kris Bowers,True
DOCUMENTARY (Short Subject),Do Not Split,Anders Hammer and Charlotte Cook,True
DOCUMENTARY (Short Subject),Hunger Ward,Skye Fitzgerald and Michael Scheuerman,True
DOCUMENTARY (Short Subject),A Love Song for Latasha,Sophia Nahli Allison and Janice Duncan,True
FILM EDITING,The Father,Yorgos Lamprinos,True
FILM EDITING,Nomadland,Chloé Zhao,True
FILM EDITING,Promising Young Woman,Frédéric Thoraval,True
FILM EDITING,Sound of Metal,Mikkel E. G. Nielsen,True
FILM EDITING,The Trial of the Chicago 7,Alan Baumgarten,True
INTERNATIONAL FEATURE FILM,Another Round,Denmark,True
INTERNATIONAL FEATURE FILM,Better Days,Hong Kong,True
INTERNATIONAL FEATURE FILM,Collective,Romania,True
INTERNATIONAL FEATURE FILM,The Man Who Sold His Skin,Tunisia,True
INTERNATIONAL FEATURE FILM,"Quo Vadis, Aida?",Bosnia and Herzegovina,True
MAKEUP AND HAIRSTYLING,Emma,"Marese Langan, Laura Allen and Claudia Stolze",True
MAKEUP AND HAIRSTYLING,Hillbilly Elegy,"Eryn Krueger Mekash, Matthew Mungle and Patricia Dehaney",True
MAKEUP AND HAIRSTYLING,Ma Rainey's Black Bottom,"Sergio Lopez-Rivera, Mia Neal and Jamika Wilson",True
MAKEUP AND HAIRSTYLING,Mank,"Gigi Williams, Kimberley Spiteri and Colleen LaBaff",True
MAKEUP AND HAIRSTYLING,Pinocchio,"Mark Coulier, Dalia Colli and Francesco Pegoretti",True
MUSIC (Original Score),Da 5 Bloods,Terence Blanchard,True
MUSIC (Original Score),Mank,Trent Reznor and Atticus Ross,True
MUSIC (Original Score),Minari,Emile Mosseri,True
MUSIC (Original Score),News of the World,James Newton Howard,True
MUSIC (Original Score),Soul,"Trent Reznor, Atticus Ross and Jon Batiste",True
MUSIC (Original Song),Judas and the Black Messiah,Music by H.E.R. and Dernst Emile II; Lyric by H.E.R. and Tiara Thomas,True
MUSIC (Original Song),The Trial of the Chicago 7,Music by Daniel Pemberton; Lyric by Daniel Pemberton and Celeste Waite,True
MUSIC (Original Song),Eurovision Song Contest: The Story of Fire Saga,"Music and Lyric by Savan Kotecha, Fat Max Gsus and Rickard Göransson",True
MUSIC (Original Song),The Life Ahead (La Vita Davanti a Se),Music by Diane Warren; Lyric by Diane Warren and Laura Pausini,True
MUSIC (Original Song),One Night in Miami...,"Music and Lyric by Leslie Odom, Jr. and Sam Ashworth",True
BEST PICTURE,The Father,"David Parfitt, Jean-Louis Livi and Philippe Carcassonne, Producers",True
BEST PICTURE,Judas and the Black Messiah,"Shaka King, Charles D. King and Ryan Coogler, Producers",True
BEST PICTURE,Mank,"Ceán Chaffin, Eric Roth and Douglas Urbanski, Producers",True
BEST PICTURE,Minari,"Christina Oh, Producer",True
BEST PICTURE,Nomadland,"Frances McDormand, Peter Spears, Mollye Asher, Dan Janvey and Chloé Zhao, Producers",True
BEST PICTURE,Promising Young Woman,"Ben Browning, Ashley Fox, Emerald Fennell and Josey McNamara, Producers",True
BEST PICTURE,Sound of Metal,"Bert Hamelinck and Sacha Ben Harroche, Producers",True
BEST PICTURE,The Trial of the Chicago 7,"Marc Platt and Stuart Besser, Producers",True
ART DIRECTION,The Father,Production Design: Peter Francis; Set Decoration: Cathy Featherstone,True
ART DIRECTION,Ma Rainey's Black Bottom,Production Design: Mark Ricker; Set Decoration: Karen O'Hara and Diana Stoughton,True
ART DIRECTION,Mank,Production Design: Donald Graham Burt; Set Decoration: Jan Pascale,True
ART DIRECTION,News of the World,Production Design: David Crank; Set Decoration: Elizabeth Keenan,True
ART DIRECTION,Tenet,Production Design: Nathan Crowley; Set Decoration: Kathy Lucas,True
SHORT FILM (Animated),Burrow,Madeline Sharafian and Michael Capbarat,True
SHORT FILM (Animated),Genius Loci,Adrien Mérigeau and Amaury Ovise,True
SHORT FILM (Animated),If Anything Happens I Love You,Will McCormack and Michael Govier,True
SHORT FILM (Animated),Opera,Erick Oh,True
SHORT FILM (Animated),Yes-People,Gísli Darri Halldórsson and Arnar Gunnarsson,True
SHORT FILM (Live Action),Feeling Through,Doug Roland and Susan Ruzenski,True
SHORT FILM (Live Action),The Letter Room,Elvira Lind and Sofia Sondervan,True
SHORT FILM (Live Action),The Present,Farah Nabulsi and Ossama Bawardi,True
SHORT FILM (Live Action),Two Distant Strangers,Travon Free and Martin Desmond Roe,True
SHORT FILM (Live Action),White Eye,Tomer Shushan and Shira Hochman,True
SOUND MIXING,Greyhound,"Warren Shaw, Michael Minkler, Beau Borders and David Wyman",True
SOUND MIXING,Mank,"Ren Klyce, Jeremy Molod, David Parker, Nathan Nance and Drew Kunin",True
SOUND MIXING,News of the World,"Oliver Tarney, Mike Prestwood Smith, William Miller and John Pritchett",True
SOUND MIXING,Soul,"Ren Klyce, Coya Elliott and David Parker",True
SOUND MIXING,Sound of Metal,"Nicolas Becker, Jaime Baksht, Michellee Couttolenc, Carlos Cortés and Phillip Bladh",True
VISUAL EFFECTS,Love and Monsters,"Matt Sloan, Genevieve Camilleri, Matt Everitt and Brian Cox",True
VISUAL EFFECTS,The Midnight Sky,"Matthew Kasmir, Christopher Lawrence, Max Solomon and David Watkins",True
VISUAL EFFECTS,Mulan,"Sean Faden, Anders Langlands, Seth Maury and Steve Ingram",True
VISUAL EFFECTS,The One and Only Ivan,"Nick Davis, Greg Fisher, Ben Jones and Santiago Colomo Martinez",True
VISUAL EFFECTS,Tenet,"Andrew Jackson, David Lee, Andrew Lockley and Scott Fisher",True
WRITING (Adapted Screenplay),Borat Subsequent Moviefilm: Delivery of Prodigious Bribe to American Regime for Make Benefit Once Glorious Nation of Kazakhstan,Screenplay by Sacha Baron Cohen & Anthony Hines & Dan Swimer & Peter Baynham & Erica Rivinoja & Dan Mazer & Jena Friedman & Lee Kern; Story by Sacha Baron Cohen & Anthony Hines & Dan Swimer & Nina Pedrad,True
WRITING (Adapted Screenplay),The Father,Screenplay by Christopher Hampton and Florian Zeller,True
WRITING (Adapted Screenplay),Nomadland,Written for the screen by Chloé Zhao,True
WRITING (Adapted Screenplay),One Night in Miami...,Screenplay by Kemp Powers,True
WRITING (Adapted Screenplay),The White Tiger,Written for the screen by Ramin Bahrani,True
WRITING (Original Screenplay),Judas and the Black Messiah,Screenplay by Will Berson & Shaka King; Story by Will Berson & Shaka King and Kenny Lucas & Keith Lucas,True
WRITING (Original Screenplay),Minari,Written by Lee Isaac Chung,True
WRITING (Original Screenplay),Promising Young Woman,Written by Emerald Fennell,True
WRITING (Original Screenplay),Sound of Metal,Screenplay by Darius Marder & Abraham Marder; Story by Darius Marder & Derek Cianfrance,True
WRITING (Original Screenplay),The Trial of the Chicago 7,Written by Aaron Sorkin,True
ACTOR IN A LEADING ROLE,Being the Ricardos,Javier Bardem,True
ACTOR IN A LEADING ROLE,The Power of the Dog,Benedict Cumberbatch,True
ACTOR IN A LEADING ROLE,"tick, tick...BOOM!",Andrew Garfield,True
ACTOR IN A LEADING ROLE,King Richard,Will Smith,True
ACTOR IN A LEADING ROLE,The Tragedy of Macbeth,Denzel Washington,True
ACTOR IN A SUPPORTING ROLE,Belfast,Ciarán Hinds,True
ACTOR IN A SUPPORTING ROLE,CODA,Troy Kotsur,True
ACTOR IN A SUPPORTING ROLE,The Power of the Dog,Jesse Plemons,True
ACTOR IN A SUPPORTING ROLE,Being the Ricardos,J.K. Simmons,True
ACTOR IN A SUPPORTING ROLE,The Power of the Dog,Kodi Smit-McPhee,True
ACTRESS IN A LEADING ROLE,The Eyes of Tammy Faye,Jessica Chastain,True
ACTRESS IN A LEADING ROLE,The Lost Daughter,Olivia Colman,True
ACTRESS IN A LEADING ROLE,Parallel Mothers,Penélope Cruz,True
ACTRESS IN A LEADING ROLE,Being the Ricardos,Nicole Kidman,True
ACTRESS IN A LEADING ROLE,Spencer,Kristen Stewart,True
ACTRESS IN A SUPPORTING ROLE,The Lost Daughter,Jessie Buckley,True
ACTRESS IN A SUPPORTING ROLE,West Side Story,Ariana DeBose,True
ACTRESS IN A SUPPORTING ROLE,Belfast,Judi Dench,True
ACTRESS IN A SUPPORTING ROLE,The Power of the Dog,Kirsten Dunst,True
ACTRESS IN A SUPPORTING ROLE,King Richard,Aunjanue Ellis,True
ANIMATED FEATURE FILM,Encanto,"Jared Bush, Byron Howard, Yvett Merino and Clark Spencer",True
ANIMATED FEATURE FILM,Flee,"Jonas Poher Rasmussen, Monica Hellström, Signe Byrge Sørensen and Charlotte De La Gournerie",True
ANIMATED FEATURE FILM,Luca,Enrico Casarosa and Andrea Warren,True
ANIMATED FEATURE FILM,The Mitchells vs. the Machines,"Mike Rianda, Phil Lord, Christopher Miller and Kurt Albrecht",True
ANIMATED FEATURE FILM,Raya and the Last Dragon,"Don Hall, Carlos López Estrada, Osnat Shurer and Peter Del Vecho",True
CINEMATOGRAPHY,Dune,Greig Fraser,True
CINEMATOGRAPHY,Nightmare Alley,Dan Laustsen,True
CINEMATOGRAPHY,The Power of the Dog,Ari Wegner,True
CINEMATOGRAPHY,The Tragedy of Macbeth,Bruno Delbonnel,True
CINEMATOGRAPHY,West Side Story,Janusz Kaminski,True
COSTUME DESIGN,Cruella,Jenny Beavan,True
COSTUME DESIGN,Cyrano,Massimo Cantini Parrini and Jacqueline Durran,True
COSTUME DESIGN,Dune,Jacqueline West and Robert Morgan,True
COSTUME DESIGN,Nightmare Alley,Luis Sequeira,True
COSTUME DESIGN,West Side Story,Paul Tazewell,True
DIRECTING,Belfast,Kenneth Branagh,True
DIRECTING,Drive My Car,Ryusuke Hamaguchi,True
DIRECTING,Licorice Pizza,Paul Thomas Anderson,True
DIRECTING,The Power of the Dog,Jane Campion,True
DIRECTING,West Side Story,Steven Spielberg,True
DOCUMENTARY (Feature),Ascension,"Jessica Kingdon, Kira Simon-Kennedy and Nathan Truesdell",True
DOCUMENTARY (Feature),Attica,Stanley Nelson and Traci A. Curry,True
DOCUMENTARY (Feature),Flee,"Jonas Poher Rasmussen, Monica Hellström, Signe Byrge Sørensen and Charlotte De La Gournerie",True
DOCUMENTARY (Feature),"Summer of Soul (...Or, When the Revolution Could Not Be Televised)","Ahmir ""Questlove"" Thompson, Joseph Patel, Robert Fyvolent and David Dinerstein",True
DOCUMENTARY (Feature),Writing with Fire,Rintu Thomas and Sushmit Ghosh,True
DOCUMENTARY (Short Subject),Audible,Matt Ogens and Geoff McLean,True
DOCUMENTARY (Short Subject),Lead Me Home,Pedro Kos and Jon Shenk,True
DOCUMENTARY (Short Subject),The Queen of Basketball,Ben Proudfoot,True
DOCUMENTARY (Short Subject),Three Songs for Benazir,Elizabeth Mirzaei and Gulistan Mirzaei,True
DOCUMENTARY (Short Subject),When We Were Bullies,Jay Rosenblatt,True
FILM EDITING,Don't Look Up,Hank Corwin,True
FILM EDITING,Dune,Joe Walker,True
FILM EDITING,King Richard,Pamela Martin,True
FILM EDITING,The Power of the Dog,Peter Sciberras,True
FILM EDITING,"tick, tick...BOOM!",Myron Kerstein and Andrew Weisblum,True
INTERNATIONAL FEATURE FILM,Drive My Car,Japan,True
INTERNATIONAL FEATURE FILM,Flee,Denmark,True
INTERNATIONAL FEATURE FILM,The Hand of God,Italy,True
INTERNATIONAL FEATURE FILM,Lunana: A Yak in the Classroom,Bhutan,True
INTERNATIONAL FEATURE FILM,The Worst Person in the World,Norway,True
MAKEUP AND HAIRSTYLING,Coming 2 America,"Mike Marino, Stacey Morris and Carla Farmer",True
MAKEUP AND HAIRSTYLING,Cruella,"Nadia Stacey, Naomi Donne and Julia Vernon",True
MAKEUP AND HAIRSTYLING,Dune,"Donald Mowat, Love Larson and Eva von Bahr",True
MAKEUP AND HAIRSTYLING,The Eyes of Tammy Faye,"Linda Dowds, Stephanie Ingram and Justin Raleigh",True
MAKEUP AND HAIRSTYLING,House of Gucci,"Göran Lundström, Anna Carin Lock and Frederic Aspiras",True
MUSIC (Original Score),Don't Look Up,Nicholas Britell,True
MUSIC (Original Score),Dune,Hans Zimmer,True
MUSIC (Original Score),Encanto,Germaine Franco,True
MUSIC (Original Score),Parallel Mothers,Alberto Iglesias,True
MUSIC (Original Score),The Power of the Dog,Jonny Greenwood,True
MUSIC (Original Song),King Richard,Music and Lyric by DIXSON and Beyoncé Knowles-Carter,True
MUSIC (Original Song),Encanto,Music and Lyric by Lin-Manuel Miranda,True
MUSIC (Original Song),Belfast,Music and Lyric by Van Morrison,True
MUSIC (Original Song),No Time to Die,Music and Lyric by Billie Eilish and Finneas O'Connell,True
MUSIC (Original Song),Four Good Days,Music and Lyric by Diane Warren,True
BEST PICTURE,Belfast,"Laura Berwick, Kenneth Branagh, Becca Kovacik and Tamar Thomas, Producers",True
BEST PICTURE,CODA,"Philippe Rousselet, Fabrice Gianfermi and Patrick Wachsberger, Producers",True
BEST PICTURE,Don't Look Up,"Adam McKay and Kevin Messick, Producers",True
BEST PICTURE,Drive My Car,"Teruhisa Yamamoto, Producer",True
BEST PICTURE,Dune,"Mary Parent, Denis Villeneuve and Cale Boyter, Producers",True
BEST PICTURE,King Richard,"Tim White, Trevor White and Will Smith, Producers",True
BEST PICTURE,Licorice Pizza,"Sara Murphy, Adam Somner and Paul Thomas Anderson, Producers",True
BEST PICTURE,Nightmare Alley,"Guillermo del Toro, J. Miles Dale and Bradley Cooper, Producers",True
BEST PICTURE,The Power of the Dog,"Jane Campion, Tanya Seghatchian, Emile Sherman, Iain Canning and Roger Frappier, Producers",True
BEST PICTURE,West Side Story,"Steven Spielberg and Kristie Macosko Krieger, Producers",True
ART DIRECTION,Dune,Production Design: Patrice Vermette; Set Decoration: Zsuzsanna Sipos,True
ART DIRECTION,Nightmare Alley,Production Design: Tamara Deverell; Set Decoration: Shane Vieau,True
ART DIRECTION,The Power of the Dog,Production Design: Grant Major; Set Decoration: Amber Richards,True
ART DIRECTION,The Tragedy of Macbeth,Production Design: Stefan Dechant; Set Decoration: Nancy Haigh,True
ART DIRECTION,West Side Story,Production Design: Adam Stockhausen; Set Decoration: Rena DeAngelo,True
SHORT FILM (Animated),Affairs of the Art,Joanna Quinn and Les Mills,True
SHORT FILM (Animated),Bestia,Hugo Covarrubias and Tevo Díaz,True
SHORT FILM (Animated),Boxballet,Anton Dyakov,True
SHORT FILM (Animated),Robin Robin,Dan Ojari and Mikey Please,True
SHORT FILM (Animated),The Windshield Wiper,Alberto Mielgo and Leo Sanchez,True
SHORT FILM (Live Action),Ala Kachuu - Take and Run,Maria Brendle and Nadine Lüchinger,True
SHORT FILM (Live Action),The Dress,Tadeusz Lysiak and Maciej Slesicki,True
SHORT FILM (Live Action),The Long Goodbye,Aneil Karia and Riz Ahmed,True
SHORT FILM (Live Action),On My Mind,Martin Strange-Hansen and Kim Magnusson,True
SHORT FILM (Live Action),Please Hold,K.D. Dávila and Levin Menekse,True
SOUND MIXING,Belfast,"Denise Yarde, Simon Chase, James Mather and Niv Adiri",True
SOUND MIXING,Dune,"Mac Ruth, Mark Mangini, Theo Green, Doug Hemphill and Ron Bartlett",True
SOUND MIXING,No Time to Die,"Simon Hayes, Oliver Tarney, James Harrison, Paul Massey and Mark Taylor",True
SOUND MIXING,The Power of the Dog,"Richard Flynn, Robert Mackenzie and Tara Webb",True
SOUND MIXING,West Side Story,"Tod A. Maitland, Gary Rydstrom, Brian Chumney, Andy Nelson and Shawn Murphy",True
VISUAL EFFECTS,Dune,"Paul Lambert, Tristan Myles, Brian Connor and Gerd Nefzer",True
VISUAL EFFECTS,Free Guy,"Swen Gillberg, Bryan Grill, Nikos Kalaitzidis and Dan Sudick",True
VISUAL EFFECTS,No Time to Die,"Charlie Noble, Joel Green, Jonathan Fawkner and Chris Corbould",True
VISUAL EFFECTS,Shang-Chi and the Legend of the Ten Rings,"Christopher Townsend, Joe Farrell, Sean Noel Walker and Dan Oliver",True
VISUAL EFFECTS,Spider-Man: No Way Home,"Kelly Port, Chris Waegner, Scott Edelstein and Dan Sudick",True
WRITING (Adapted Screenplay),CODA,Screenplay by Siân Heder,True
WRITING (Adapted Screenplay),Drive My Car,"Screenplay by Ryusuke Hamaguchi, Takamasa Oe",True
WRITING (Adapted Screenplay),Dune,Screenplay by Jon Spaihts and Denis Villeneuve and Eric Roth,True
WRITING (Adapted Screenplay),The Lost Daughter,Written by Maggie Gyllenhaal,True
WRITING (Adapted Screenplay),The Power of the Dog,Written by Jane Campion,True
WRITING (Original Screenplay),Belfast,Written by Kenneth Branagh,True
WRITING (Original Screenplay),Don't Look Up,Screenplay by Adam McKay; Story by Adam McKay & David Sirota,True
WRITING (Original Screenplay),King Richard,Written by Zach Baylin,True
WRITING (Original Screenplay),Licorice Pizza,Written by Paul Thomas Anderson,True
WRITING (Original Screenplay),The Worst Person in the World,"Written by Eskil Vogt, Joachim Trier",True
ACTOR IN A LEADING ROLE,Elvis,Austin Butler,True
ACTOR IN A LEADING ROLE,The Banshees of Inisherin,Colin Farrell,True
ACTOR IN A LEADING ROLE,The Whale,Brendan Fraser,True
ACTOR IN A LEADING ROLE,Aftersun,Paul Mescal,True
ACTOR IN A LEADING ROLE,Living,Bill Nighy,True
ACTOR IN A SUPPORTING ROLE,The Banshees of Inisherin,Brendan Gleeson,True
ACTOR IN A SUPPORTING ROLE,Causeway,Brian Tyree Henry,True
ACTOR IN A SUPPORTING ROLE,The Fabelmans,Judd Hirsch,True
ACTOR IN A SUPPORTING ROLE,The Banshees of Inisherin,Barry Keoghan,True
ACTOR IN A SUPPORTING ROLE,Everything Everywhere All at Once,Ke Huy Quan,True
ACTRESS IN A LEADING ROLE,Tár,Cate Blanchett,True
ACTRESS IN A LEADING ROLE,Blonde,Ana de Armas,True
ACTRESS IN A LEADING ROLE,To Leslie,Andrea Riseborough,True
ACTRESS IN A LEADING ROLE,The Fabelmans,Michelle Williams,True
ACTRESS IN A LEADING ROLE,Everything Everywhere All at Once,Michelle Yeoh,True
ACTRESS IN A SUPPORTING ROLE,Black Panther: Wakanda Forever,Angela Bassett,True
ACTRESS IN A SUPPORTING ROLE,The Whale,Hong Chau,True
ACTRESS IN A SUPPORTING ROLE,The Banshees of Inisherin,Kerry Condon,True
ACTRESS IN A SUPPORTING ROLE,Everything Everywhere All at Once,Jamie Lee Curtis,True
ACTRESS IN A SUPPORTING ROLE,Everything Everywhere All at Once,Stephanie Hsu,True
ANIMATED FEATURE FILM,Guillermo del Toro's Pinocchio,"Guillermo del Toro, Mark Gustafson, Gary Ungar and Alex Bulkley",True
ANIMATED FEATURE FILM,Marcel the Shell with Shoes On,"Dean Fleischer Camp, Elisabeth Holm, Andrew Goldman, Caroline Kaplan and Paul Mezey",True
ANIMATED FEATURE FILM,Puss in Boots: The Last Wish,Joel Crawford and Mark Swift,True
ANIMATED FEATURE FILM,The Sea Beast,Chris Williams and Jed Schlanger,True
ANIMATED FEATURE FILM,Turning Red,Domee Shi and Lindsey Collins,True
CINEMATOGRAPHY,All Quiet on the Western Front,James Friend,True
CINEMATOGRAPHY,"Bardo, False Chronicle of a Handful of Truths",Darius Khondji,True
CINEMATOGRAPHY,Elvis,Mandy Walker,True
CINEMATOGRAPHY,Empire of Light,Roger Deakins,True
CINEMATOGRAPHY,Tár,Florian Hoffmeister,True
COSTUME DESIGN,Babylon,Mary Zophres,True
COSTUME DESIGN,Black Panther: Wakanda Forever,Ruth Carter,True
COSTUME DESIGN,Elvis,Catherine Martin,True
COSTUME DESIGN,Everything Everywhere All at Once,Shirley Kurata,True
COSTUME DESIGN,Mrs. Harris Goes to Paris,Jenny Beavan,True
DIRECTING,The Banshees of Inisherin,Martin McDonagh,True
DIRECTING,Everything Everywhere All at Once,Daniel Kwan and Daniel Scheinert,True
DIRECTING,The Fabelmans,Steven Spielberg,True
DIRECTING,Tár,Todd Field,True
DIRECTING,Triangle of Sadness,Ruben Östlund,True
DOCUMENTARY (Feature),All That Breathes,"Shaunak Sen, Aman Mann and Teddy Leifer",True
DOCUMENTARY (Feature),All the Beauty and the Bloodshed,"Laura Poitras, Howard Gertler, John Lyons, Nan Goldin and Yoni Golijov",True
DOCUMENTARY (Feature),Fire of Love,"Sara Dosa, Shane Boris and Ina Fichman",True
DOCUMENTARY (Feature),A House Made of Splinters,Simon Lereng Wilmont and Monica Hellström,True
DOCUMENTARY (Feature),Navalny,"Daniel Roher, Odessa Rae, Diane Becker, Melanie Miller and Shane Boris",True
DOCUMENTARY (Short Subject),The Elephant Whisperers,Kartiki Gonsalves and Guneet Monga,True
DOCUMENTARY (Short Subject),Haulout,Evgenia Arbugaeva and Maxim Arbugaev,True
DOCUMENTARY (Short Subject),How Do You Measure a Year?,Jay Rosenblatt,True
DOCUMENTARY (Short Subject),The Martha Mitchell Effect,Anne Alvergue and Beth Levison,True
DOCUMENTARY (Short Subject),Stranger at the Gate,Joshua Seftel and Conall Jones,True
FILM EDITING,The Banshees of Inisherin,Mikkel E.G. Nielsen,True
FILM EDITING,Elvis,Matt Villa and Jonathan Redmond,True
FILM EDITING,Everything Everywhere All at Once,Paul Rogers,True
FILM EDITING,Tár,Monika Willi,True
FILM EDITING,Top Gun: Maverick,Eddie Hamilton,True
INTERNATIONAL FEATURE FILM,All Quiet on the Western Front,Germany,True
INTERNATIONAL FEATURE FILM,"Argentina, 1985",Argentina,True
INTERNATIONAL FEATURE FILM,Close,Belgium,True
INTERNATIONAL FEATURE FILM,EO,Poland,True
INTERNATIONAL FEATURE FILM,The Quiet Girl,Ireland,True
MAKEUP AND HAIRSTYLING,All Quiet on the Western Front,Heike Merker and Linda Eisenhamerová,True
MAKEUP AND HAIRSTYLING,The Batman,"Naomi Donne, Mike Marino and Mike Fontaine",True
MAKEUP AND HAIRSTYLING,Black Panther: Wakanda Forever,Camille Friend and Joel Harlow,True
MAKEUP AND HAIRSTYLING,Elvis,"Mark Coulier, Jason Baird and Aldo Signoretti",True
MAKEUP AND HAIRSTYLING,The Whale,"Adrien Morot, Judy Chin and Annemarie Bradley",True
MUSIC (Original Score),All Quiet on the Western Front,Volker Bertelmann,True
MUSIC (Original Score),Babylon,Justin Hurwitz,True
MUSIC (Original Score),The Banshees of Inisherin,Carter Burwell,True
MUSIC (Original Score),Everything Everywhere All at Once,Son Lux,True
MUSIC (Original Score),The Fabelmans,John Williams,True
MUSIC (Original Song),Tell It like a Woman,Music and Lyric by Diane Warren,True
MUSIC (Original Song),Top Gun: Maverick,Music and Lyric by Lady Gaga and BloodPop,True
MUSIC (Original Song),Black Panther: Wakanda Forever,"Music by Tems, Rihanna, Ryan Coogler and Ludwig Goransson; Lyric by Tems and Ryan Coogler",True
MUSIC (Original Song),RRR,Music by M.M. Keeravaani; Lyric by Chandrabose,True
MUSIC (Original Song),Everything Everywhere All at Once,"Music by Ryan Lott, David Byrne and Mitski; Lyric by Ryan Lott and David Byrne",True
BEST PICTURE,All Quiet on the Western Front,"Malte Grunert, Producer",True
BEST PICTURE,Avatar: The Way of Water,"James Cameron and Jon Landau, Producers",True
BEST PICTURE,The Banshees of Inisherin,"Graham Broadbent, Pete Czernin and Martin McDonagh, Producers",True
BEST PICTURE,Elvis,"Baz Luhrmann, Catherine Martin, Gail Berman, Patrick McCormick and Schuyler Weiss, Producers",True
BEST PICTURE,Everything Everywhere All at Once,"Daniel Kwan, Daniel Scheinert and Jonathan Wang, Producers",True
BEST PICTURE,The Fabelmans,"Kristie Macosko Krieger, Steven Spielberg and Tony Kushner, Producers",True
BEST PICTURE,Tár,"Todd Field, Alexandra Milchan and Scott Lambert, Producers",True
BEST PICTURE,Top Gun: Maverick,"Tom Cruise, Christopher McQuarrie, David Ellison and Jerry Bruckheimer, Producers",True
BEST PICTURE,Triangle of Sadness,"Erik Hemmendorff and Philippe Bober, Producers",True
BEST PICTURE,Women Talking,"Dede Gardner, Jeremy Kleiner and Frances McDormand, Producers",True
ART DIRECTION,All Quiet on the Western Front,Production Design: Christian M. Goldbeck; Set Decoration: Ernestine Hipper,True
ART DIRECTION,Avatar: The Way of Water,Production Design: Dylan Cole and Ben Procter; Set Decoration: Vanessa Cole,True
ART DIRECTION,Babylon,Production Design: Florencia Martin; Set Decoration: Anthony Carlino,True
ART DIRECTION,Elvis,Production Design: Catherine Martin and Karen Murphy; Set Decoration: Bev Dunn,True
ART DIRECTION,The Fabelmans,Production Design: Rick Carter; Set Decoration: Karen O'Hara,True
SHORT FILM (Animated),"The Boy, the Mole, the Fox and the Horse",Charlie Mackesy and Matthew Freud,True
SHORT FILM (Animated),The Flying Sailor,Amanda Forbis and Wendy Tilby,True
SHORT FILM (Animated),Ice Merchants,João Gonzalez and Bruno Caetano,True
SHORT FILM (Animated),My Year of Dicks,Sara Gunnarsdóttir and Pamela Ribon,True
SHORT FILM (Animated),An Ostrich Told Me the World Is Fake and I Think I Believe It,Lachlan Pendragon,True
SHORT FILM (Live Action),An Irish Goodbye,Tom Berkeley and Ross White,True
SHORT FILM (Live Action),Ivalu,Anders Walter and Rebecca Pruzan,True
SHORT FILM (Live Action),Le Pupille,Alice Rohrwacher and Alfonso Cuarón,True
SHORT FILM (Live Action),Night Ride,Eirik Tveiten and Gaute Lid Larssen,True
SHORT FILM (Live Action),The Red Suitcase,Cyrus Neshvad,True
SOUND MIXING,All Quiet on the Western Front,"Viktor Prášil, Frank Kruse, Markus Stemler, Lars Ginzel and Stefan Korte",True
SOUND MIXING,Avatar: The Way of Water,"Julian Howarth, Gwendolyn Yates Whittle, Dick Bernstein, Christopher Boyes, Gary Summers and Michael Hedges",True
SOUND MIXING,The Batman,"Stuart Wilson, William Files, Douglas Murray and Andy Nelson",True
SOUND MIXING,Elvis,"David Lee, Wayne Pashley, Andy Nelson and Michael Keller",True
SOUND MIXING,Top Gun: Maverick,"Mark Weingarten, James H. Mather, Al Nelson, Chris Burdon and Mark Taylor",True
VISUAL EFFECTS,All Quiet on the Western Front,"Frank Petzold, Viktor Müller, Markus Frank and Kamil Jafar",True
VISUAL EFFECTS,Avatar: The Way of Water,"Joe Letteri, Richard Baneham, Eric Saindon and Daniel Barrett",True
VISUAL EFFECTS,The Batman,"Dan Lemmon, Russell Earl, Anders Langlands and Dominic Tuohy",True
VISUAL EFFECTS,Black Panther: Wakanda Forever,"Geoffrey Baumann, Craig Hammack, R. Christopher White and Dan Sudick",True
VISUAL EFFECTS,Top Gun: Maverick,"Ryan Tudhope, Seth Hill, Bryan Litson and Scott R. Fisher",True
WRITING (Adapted Screenplay),All Quiet on the Western Front,"Screenplay - Edward Berger, Lesley Paterson & Ian Stokell",True
WRITING (Adapted Screenplay),Glass Onion: A Knives Out Mystery,Written by Rian Johnson,True
WRITING (Adapted Screenplay),Living,Written by Kazuo Ishiguro,True
WRITING (Adapted Screenplay),Top Gun: Maverick,Screenplay by Ehren Kruger and Eric Warren Singer and Christopher McQuarrie; Story by Peter Craig and Justin Marks,True
WRITING (Adapted Screenplay),Women Talking,Screenplay by Sarah Polley,True
WRITING (Original Screenplay),The Banshees of Inisherin,Written by Martin McDonagh,True
WRITING (Original Screenplay),Everything Everywhere All at Once,Written by Daniel Kwan & Daniel Scheinert,True
WRITING (Original Screenplay),The Fabelmans,Written by Steven Spielberg & Tony Kushner,True
WRITING (Original Screenplay),Tár,Written by Todd Field,True
WRITING (Original Screenplay),Triangle of Sadness,Written by Ruben Östlund,True
AWARD OF COMMENDATION,Welcome to Chechnya,nan,True
ACTOR IN A LEADING ROLE,Maestro,Bradley Cooper,True
ACTOR IN A LEADING ROLE,Rustin,Colman Domingo,True
ACTOR IN A LEADING ROLE,The Holdovers,Paul Giamatti,True
ACTOR IN A LEADING ROLE,Oppenheimer,Cillian Murphy,True
ACTOR IN A LEADING ROLE,American Fiction,Jeffrey Wright,True
ACTOR IN A SUPPORTING ROLE,American Fiction,Sterling K. Brown,True
ACTOR IN A SUPPORTING ROLE,Killers of the Flower Moon,Robert De Niro,True
ACTOR IN A SUPPORTING ROLE,Oppenheimer,Robert Downey Jr.,True
ACTOR IN A SUPPORTING ROLE,Barbie,Ryan Gosling,True
ACTOR IN A SUPPORTING ROLE,Poor Things,Mark Ruffalo,True
ACTRESS IN A LEADING ROLE,Nyad,Annette Bening,True
ACTRESS IN A LEADING ROLE,Killers of the Flower Moon,Lily Gladstone,True
ACTRESS IN A LEADING ROLE,Anatomy of a Fall,Sandra Hüller,True
ACTRESS IN A LEADING ROLE,Maestro,Carey Mulligan,True
ACTRESS IN A LEADING ROLE,Poor Things,Emma Stone,True
ACTRESS IN A SUPPORTING ROLE,Oppenheimer,Emily Blunt,True
ACTRESS IN A SUPPORTING ROLE,The Color Purple,Danielle Brooks,True
ACTRESS IN A SUPPORTING ROLE,Barbie,America Ferrera,True
ACTRESS IN A SUPPORTING ROLE,Nyad,Jodie Foster,True
ACTRESS IN A SUPPORTING ROLE,The Holdovers,Da'Vine Joy Randolph,True
ANIMATED FEATURE FILM,The Boy and the Heron,Hayao Miyazaki and Toshio Suzuki,True
ANIMATED FEATURE FILM,Elemental,Peter Sohn and Denise Ream,True
ANIMATED FEATURE FILM,Nimona,"Nick Bruno, Troy Quane, Karen Ryan and Julie Zackary",True
ANIMATED FEATURE FILM,Robot Dreams,"Pablo Berger, Ibon Cormenzana, Ignasi Estapé and Sandra Tapia Díaz",True
ANIMATED FEATURE FILM,Spider-Man: Across the Spider-Verse,"Kemp Powers, Justin K. Thompson, Phil Lord, Christopher Miller and Amy Pascal",True
CINEMATOGRAPHY,El Conde,Edward Lachman,True
CINEMATOGRAPHY,Killers of the Flower Moon,Rodrigo Prieto,True
CINEMATOGRAPHY,Maestro,Matthew Libatique,True
CINEMATOGRAPHY,Oppenheimer,Hoyte van Hoytema,True
CINEMATOGRAPHY,Poor Things,Robbie Ryan,True
COSTUME DESIGN,Barbie,Jacqueline Durran,True
COSTUME DESIGN,Killers of the Flower Moon,Jacqueline West,True
COSTUME DESIGN,Napoleon,Janty Yates and Dave Crossman,True
COSTUME DESIGN,Oppenheimer,Ellen Mirojnick,True
COSTUME DESIGN,Poor Things,Holly Waddington,True
DIRECTING,Anatomy of a Fall,Justine Triet,True
DIRECTING,Killers of the Flower Moon,Martin Scorsese,True
DIRECTING,Oppenheimer,Christopher Nolan,True
DIRECTING,Poor Things,Yorgos Lanthimos,True
DIRECTING,The Zone of Interest,Jonathan Glazer,True
DOCUMENTARY (Feature),Bobi Wine: The People's President,"Moses Bwayo, Christopher Sharp and John Battsek",True
DOCUMENTARY (Feature),The Eternal Memory,Maite Alberdi,True
DOCUMENTARY (Feature),Four Daughters,Kaouther Ben Hania and Nadim Cheikhrouha,True
DOCUMENTARY (Feature),To Kill a Tiger,"Nisha Pahuja, Cornelia Principe and David Oppenheim",True
DOCUMENTARY (Feature),20 Days in Mariupol,"Mstyslav Chernov, Michelle Mizner and Raney Aronson-Rath",True
DOCUMENTARY (Short Subject),The ABCs of Book Banning,Sheila Nevins and Trish Adlesic,True
DOCUMENTARY (Short Subject),The Barber of Little Rock,John Hoffman and Christine Turner,True
DOCUMENTARY (Short Subject),Island in Between,S. Leo Chiang and Jean Tsien,True
DOCUMENTARY (Short Subject),The Last Repair Shop,Ben Proudfoot and Kris Bowers,True
DOCUMENTARY (Short Subject),Nai Nai & Wài Pó,Sean Wang and Sam Davis,True
FILM EDITING,Anatomy of a Fall,Laurent Sénéchal,True
FILM EDITING,The Holdovers,Kevin Tent,True
FILM EDITING,Killers of the Flower Moon,Thelma Schoonmaker,True
FILM EDITING,Oppenheimer,Jennifer Lame,True
FILM EDITING,Poor Things,Yorgos Mavropsaridis,True
INTERNATIONAL FEATURE FILM,Io Capitano,Italy,True
INTERNATIONAL FEATURE FILM,Perfect Days,Japan,True
INTERNATIONAL FEATURE FILM,Society of the Snow,Spain,True
INTERNATIONAL FEATURE FILM,The Teachers' Lounge,Germany,True
INTERNATIONAL FEATURE FILM,The Zone of Interest,United Kingdom,True
MAKEUP AND HAIRSTYLING,Golda,"Karen Hartley Thomas, Suzi Battersby and Ashra Kelly-Blue",True
MAKEUP AND HAIRSTYLING,Maestro,"Kazu Hiro, Kay Georgiou and Lori McCoy-Bell",True
MAKEUP AND HAIRSTYLING,Oppenheimer,Luisa Abel,True
MAKEUP AND HAIRSTYLING,Poor Things,"Nadia Stacey, Mark Coulier and Josh Weston",True
MAKEUP AND HAIRSTYLING,Society of the Snow,"Ana López-Puigcerver, David Martí and Montse Ribé",True
MUSIC (Original Score),American Fiction,Laura Karpman,True
MUSIC (Original Score),Indiana Jones and the Dial of Destiny,John Williams,True
MUSIC (Original Score),Killers of the Flower Moon,Robbie Robertson,True
MUSIC (Original Score),Oppenheimer,Ludwig Göransson,True
MUSIC (Original Score),Poor Things,Jerskin Fendrix,True
MUSIC (Original Song),Flamin' Hot,Music and Lyric by Diane Warren,True
MUSIC (Original Song),Barbie,Music and Lyric by Mark Ronson and Andrew Wyatt,True
MUSIC (Original Song),American Symphony,Music and Lyric by Jon Batiste and Dan Wilson,True
MUSIC (Original Song),Killers of the Flower Moon,Music and Lyric by Scott George,True
MUSIC (Original Song),Barbie,Music and Lyric by Billie Eilish and Finneas O'Connell,True
BEST PICTURE,American Fiction,"Ben LeClair, Nikos Karamigios, Cord Jefferson and Jermaine Johnson, Producers",True
BEST PICTURE,Anatomy of a Fall,"Marie-Ange Luciani and David Thion, Producers",True
BEST PICTURE,Barbie,"David Heyman, Margot Robbie, Tom Ackerley and Robbie Brenner, Producers",True
BEST PICTURE,The Holdovers,"Mark Johnson, Producer",True
BEST PICTURE,Killers of the Flower Moon,"Dan Friedkin, Bradley Thomas, Martin Scorsese and Daniel Lupi, Producers",True
BEST PICTURE,Maestro,"Bradley Cooper, Steven Spielberg, Fred Berner, Amy Durning and Kristie Macosko Krieger, Producers",True
BEST PICTURE,Oppenheimer,"Emma Thomas, Charles Roven and Christopher Nolan, Producers",True
BEST PICTURE,Past Lives,"David Hinojosa, Christine Vachon and Pamela Koffler, Producers",True
BEST PICTURE,Poor Things,"Ed Guiney, Andrew Lowe, Yorgos Lanthimos and Emma Stone, Producers",True
BEST PICTURE,The Zone of Interest,"James Wilson, Producer",True
ART DIRECTION,Barbie,Production Design: Sarah Greenwood; Set Decoration: Katie Spencer,True
ART DIRECTION,Killers of the Flower Moon,Production Design: Jack Fisk; Set Decoration: Adam Willis,True
ART DIRECTION,Napoleon,Production Design: Arthur Max; Set Decoration: Elli Griff,True
ART DIRECTION,Oppenheimer,Production Design: Ruth De Jong; Set Decoration: Claire Kaufman,True
ART DIRECTION,Poor Things,Production Design: James Price and Shona Heath; Set Decoration: Zsuzsa Mihalek,True
SHORT FILM (Animated),Letter to a Pig,Tal Kantor and Amit R. Gicelter,True
SHORT FILM (Animated),Ninety-Five Senses,Jerusha Hess and Jared Hess,True
SHORT FILM (Animated),Our Uniform,Yegane Moghaddam,True
SHORT FILM (Animated),Pachyderme,Stéphanie Clément and Marc Rius,True
SHORT FILM (Animated),WAR IS OVER! Inspired by the Music of John & Yoko,Dave Mullins and Brad Booker,True
SHORT FILM (Live Action),The After,Misan Harriman and Nicky Bentham,True
SHORT FILM (Live Action),Invincible,Vincent René-Lortie and Samuel Caron,True
SHORT FILM (Live Action),Knight of Fortune,Lasse Lyskjær Noer and Christian Norlyk,True
SHORT FILM (Live Action),"Red, White and Blue",Nazrin Choudhury and Sara McFarlane,True
SHORT FILM (Live Action),The Wonderful Story of Henry Sugar,Wes Anderson and Steven Rales,True
SOUND MIXING,The Creator,"Ian Voigt, Erik Aadahl, Ethan Van der Ryn, Tom Ozanich and Dean Zupancic",True
SOUND MIXING,Maestro,"Steven A. Morrow, Richard King, Jason Ruder, Tom Ozanich and Dean Zupancic",True
SOUND MIXING,Mission: Impossible - Dead Reckoning Part One,"Chris Munro, James H. Mather, Chris Burdon and Mark Taylor",True
SOUND MIXING,Oppenheimer,"Willie Burton, Richard King, Gary A. Rizzo and Kevin O'Connell",True
SOUND MIXING,The Zone of Interest,Tarn Willers and Johnnie Burn,True
VISUAL EFFECTS,The Creator,"Jay Cooper, Ian Comley, Andrew Roberts and Neil Corbould",True
VISUAL EFFECTS,Godzilla Minus One,"Takashi Yamazaki, Kiyoko Shibuya, Masaki Takahashi and Tatsuji Nojima",True
VISUAL EFFECTS,Guardians of the Galaxy Vol. 3,"Stephane Ceretti, Alexis Wajsbrot, Guy Williams and Theo Bialek",True
VISUAL EFFECTS,Mission: Impossible - Dead Reckoning Part One,"Alex Wuttke, Simone Coco, Jeff Sutherland and Neil Corbould",True
VISUAL EFFECTS,Napoleon,"Charley Henley, Luc-Ewen Martin-Fenouillet, Simone Coco and Neil Corbould",True
WRITING (Adapted Screenplay),American Fiction,Written for the screen by Cord Jefferson,True
WRITING (Adapted Screenplay),Barbie,Written by Greta Gerwig & Noah Baumbach,True
WRITING (Adapted Screenplay),Oppenheimer,Written for the screen by Christopher Nolan,True
WRITING (Adapted Screenplay),Poor Things,Screenplay by Tony McNamara,True
WRITING (Adapted Screenplay),The Zone of Interest,Written by Jonathan Glazer,True
WRITING (Original Screenplay),Anatomy of a Fall,Screenplay - Justine Triet and Arthur Harari,True
WRITING (Original Screenplay),The Holdovers,Written by David Hemingson,True
WRITING (Original Screenplay),Maestro,Written by Bradley Cooper & Josh Singer,True
WRITING (Original Screenplay),May December,Screenplay by Samy Burch; Story by Samy Burch & Alex Mechanik,True
WRITING (Original Screenplay),Past Lives,Written by Celine Song,True
ACTOR IN A LEADING ROLE,The Brutalist,Adrien Brody,True
ACTOR IN A LEADING ROLE,A Complete Unknown,Timothée Chalamet,True
ACTOR IN A LEADING ROLE,Sing Sing,Colman Domingo,True
ACTOR IN A LEADING ROLE,Conclave,Ralph Fiennes,True
ACTOR IN A LEADING ROLE,The Apprentice,Sebastian Stan,True
ACTOR IN A SUPPORTING ROLE,Anora,Yura Borisov,True
ACTOR IN A SUPPORTING ROLE,A Real Pain,Kieran Culkin,True
ACTOR IN A SUPPORTING ROLE,A Complete Unknown,Edward Norton,True
ACTOR IN A SUPPORTING ROLE,The Brutalist,Guy Pearce,True
ACTOR IN A SUPPORTING ROLE,The Apprentice,Jeremy Strong,True
ACTRESS IN A LEADING ROLE,Wicked,Cynthia Erivo,True
ACTRESS IN A LEADING ROLE,Emilia Pérez,Karla Sofía Gascón,True
ACTRESS IN A LEADING ROLE,Anora,Mikey Madison,True
ACTRESS IN A LEADING ROLE,The Substance,Demi Moore,True
ACTRESS IN A LEADING ROLE,I'm Still Here,Fernanda Torres,True
ACTRESS IN A SUPPORTING ROLE,A Complete Unknown,Monica Barbaro,True
ACTRESS IN A SUPPORTING ROLE,Wicked,Ariana Grande,True
ACTRESS IN A SUPPORTING ROLE,The Brutalist,Felicity Jones,True
ACTRESS IN A SUPPORTING ROLE,Conclave,Isabella Rossellini,True
ACTRESS IN A SUPPORTING ROLE,Emilia Pérez,Zoe Saldaña,True
ANIMATED FEATURE FILM,Flow,"Gints Zilbalodis, Matiss Kaža, Ron Dyens and Gregory Zalcman",True
ANIMATED FEATURE FILM,Inside Out 2,Kelsey Mann and Mark Nielsen,True
ANIMATED FEATURE FILM,Memoir of a Snail,Adam Elliot and Liz Kearney,True
ANIMATED FEATURE FILM,Wallace & Gromit: Vengeance Most Fowl,"Nick Park, Merlin Crossingham and Richard Beek",True
ANIMATED FEATURE FILM,The Wild Robot,Chris Sanders and Jeff Hermann,True
SHORT FILM (Animated),Beautiful Men,Nicolas Keppens and Brecht Van Elslande,True
SHORT FILM (Animated),In the Shadow of the Cypress,Shirin Sohani and Hossein Molayemi,True
SHORT FILM (Animated),Magic Candies,Daisuke Nishio and Takashi Washio,True
SHORT FILM (Animated),Wander to Wonder,Nina Gantz and Stienette Bosklopper,True
SHORT FILM (Animated),Yuck!,Loïc Espuche and Juliette Marquet,True
CINEMATOGRAPHY,The Brutalist,Lol Crawley,True
CINEMATOGRAPHY,Dune: Part Two,Greig Fraser,True
CINEMATOGRAPHY,Emilia Pérez,Paul Guilhaume,True
CINEMATOGRAPHY,Maria,Ed Lachman,True
CINEMATOGRAPHY,Nosferatu,Jarin Blaschke,True
COSTUME DESIGN,A Complete Unknown,Arianne Phillips,True
COSTUME DESIGN,Conclave,Lisy Christl,True
COSTUME DESIGN,Gladiator II,Janty Yates and Dave Crossman,True
COSTUME DESIGN,Nosferatu,Linda Muir,True
COSTUME DESIGN,Wicked,Paul Tazewell,True
DIRECTING,Anora,Sean Baker,True
DIRECTING,The Brutalist,Brady Corbet,True
DIRECTING,A Complete Unknown,James Mangold,True
DIRECTING,Emilia Pérez,Jacques Audiard,True
DIRECTING,The Substance,Coralie Fargeat,True
DOCUMENTARY (Feature),Black Box Diaries,"Shiori Ito, Eric Nyari and Hanna Aqvilin",True
DOCUMENTARY (Feature),No Other Land,"Basel Adra, Rachel Szor, Hamdan Ballal and Yuval Abraham",True
DOCUMENTARY (Feature),Porcelain War,"Brendan Bellomo, Slava Leontyev, Aniela Sidorska and Paula DuPre' Pesmen",True
DOCUMENTARY (Feature),Soundtrack to a Coup d'Etat,"Johan Grimonprez, Daan Milius and Rémi Grellety",True
DOCUMENTARY (Feature),Sugarcane,"Julian Brave NoiseCat, Emily Kassie and Kellen Quinn",True
DOCUMENTARY (Short Subject),Death by Numbers,Kim A. Snyder and Janique L. Robillard,True
DOCUMENTARY (Short Subject),"I Am Ready, Warden",Smriti Mundhra and Maya Gnyp,True
DOCUMENTARY (Short Subject),Incident,Bill Morrison and Jamie Kalven,True
DOCUMENTARY (Short Subject),Instruments of a Beating Heart,Ema Ryan Yamazaki and Eric Nyari,True
DOCUMENTARY (Short Subject),The Only Girl in the Orchestra,Molly O'Brien and Lisa Remington,True
FILM EDITING,Anora,Sean Baker,True
FILM EDITING,The Brutalist,David Jancso,True
FILM EDITING,Conclave,Nick Emerson,True
FILM EDITING,Emilia Pérez,Juliette Welfling,True
FILM EDITING,Wicked,Myron Kerstein,True
INTERNATIONAL FEATURE FILM,Emilia Pérez,France,True
INTERNATIONAL FEATURE FILM,Flow,Latvia,True
INTERNATIONAL FEATURE FILM,The Girl with the Needle,Denmark,True
INTERNATIONAL FEATURE FILM,I'm Still Here,Brazil,True
INTERNATIONAL FEATURE FILM,The Seed of the Sacred Fig,Germany,True
MAKEUP AND HAIRSTYLING,A Different Man,"Mike Marino, David Presto and Crystal Jurado",True
MAKEUP AND HAIRSTYLING,Emilia Pérez,"Julia Floch Carbonel, Emmanuel Janvier and Jean-Christophe Spadaccini",True
MAKEUP AND HAIRSTYLING,Nosferatu,"David White, Traci Loader and Suzanne Stokes-Munton",True
MAKEUP AND HAIRSTYLING,The Substance,"Pierre-Olivier Persin, Stéphanie Guillon and Marilyne Scarselli",True
MAKEUP AND HAIRSTYLING,Wicked,"Frances Hannon, Laura Blount and Sarah Nuth",True
MUSIC (Original Score),The Brutalist,Daniel Blumberg,True
MUSIC (Original Score),Conclave,Volker Bertelmann,True
MUSIC (Original Score),Emilia Pérez,Clément Ducol and Camille,True
MUSIC (Original Score),Wicked,John Powell and Stephen Schwartz,True
MUSIC (Original Score),The Wild Robot,Kris Bowers,True
MUSIC (Original Song),Emilia Pérez,"Music by Clément Ducol and Camille; Lyric by Clément Ducol, Camille and Jacques Audiard",True
MUSIC (Original Song),The Six Triple Eight,Music and Lyric by Diane Warren,True
MUSIC (Original Song),Sing Sing,Music and Lyric by Abraham Alexander and Adrian Quesada,True
MUSIC (Original Song),Emilia Pérez,Music and Lyric by Camille and Clément Ducol,True
MUSIC (Original Song),Elton John: Never Too Late,"Music and Lyric by Elton John, Brandi Carlile, Andrew Watt and Bernie Taupin",True
BEST PICTURE,Anora,"Alex Coco, Samantha Quan and Sean Baker, Producers",True
BEST PICTURE,The Brutalist,"Nick Gordon, Brian Young, Andrew Morrison, D.J. Gugenheim and Brady Corbet, Producers",True
BEST PICTURE,A Complete Unknown,"Fred Berger, James Mangold and Alex Heineman, Producers",True
BEST PICTURE,Conclave,"Tessa Ross, Juliette Howell and Michael A. Jackman, Producers",True
BEST PICTURE,Dune: Part Two,"Mary Parent, Cale Boyter, Tanya Lapointe and Denis Villeneuve, Producers",True
BEST PICTURE,Emilia Pérez,"Pascal Caucheteux and Jacques Audiard, Producers",True
BEST PICTURE,I'm Still Here,"Maria Carlota Bruno and Rodrigo Teixeira, Producers",True
BEST PICTURE,Nickel Boys,"Dede Gardner, Jeremy Kleiner and Joslyn Barnes, Producers",True
BEST PICTURE,The Substance,"Coralie Fargeat and Tim Bevan & Eric Fellner, Producers",True
BEST PICTURE,Wicked,"Marc Platt, Producer",True
ART DIRECTION,The Brutalist,Production Design: Judy Becker; Set Decoration: Patricia Cuccia,True
ART DIRECTION,Conclave,Production Design: Suzie Davies; Set Decoration: Cynthia Sleiter,True
ART DIRECTION,Dune: Part Two,Production Design: Patrice Vermette; Set Decoration: Shane Vieau,True
ART DIRECTION,Nosferatu,Production Design: Craig Lathrop; Set Decoration: Beatrice Brentnerová,True
ART DIRECTION,Wicked,Production Design: Nathan Crowley; Set Decoration: Lee Sandales,True
SHORT FILM (Live Action),A Lien,Sam Cutler-Kreutz and David Cutler-Kreutz,True
SHORT FILM (Live Action),Anuja,Adam J. Graves and Suchitra Mattai,True
SHORT FILM (Live Action),I'm Not a Robot,Victoria Warmerdam and Trent,True
SHORT FILM (Live Action),The Last Ranger,Cindy Lee and Darwin Shaw,True
SHORT FILM (Live Action),The Man Who Could Not Remain Silent,Nebojša Slijepcevic and Danijel Pek,True
SOUND MIXING,A Complete Unknown,"Tod A. Maitland, Donald Sylvester, Ted Caplan, Paul Massey and David Giammarco",True
SOUND MIXING,Dune: Part Two,"Gareth John, Richard King, Ron Bartlett and Doug Hemphill",True
SOUND MIXING,Emilia Pérez,"Erwan Kerzanet, Aymeric Devoldère, Maxence Dussère, Cyril Holtz and Niels Barletta",True
SOUND MIXING,Wicked,"Simon Hayes, Nancy Nugent Title, Jack Dolman, Andy Nelson and John Marquis",True
SOUND MIXING,The Wild Robot,"Randy Thom, Brian Chumney, Gary A. Rizzo and Leff Lefferts",True
VISUAL EFFECTS,Alien: Romulus,"Eric Barba, Nelson Sepulveda-Fauser, Daniel Macarin and Shane Mahan",True
VISUAL EFFECTS,Better Man,"Luke Millar, David Clayton, Keith Herft and Peter Stubbs",True
VISUAL EFFECTS,Dune: Part Two,"Paul Lambert, Stephen James, Rhys Salcombe and Gerd Nefzer",True
VISUAL EFFECTS,Kingdom of the Planet of the Apes,"Erik Winquist, Stephen Unterfranz, Paul Story and Rodney Burke",True
VISUAL EFFECTS,Wicked,"Pablo Helman, Jonathan Fawkner, David Shirk and Paul Corbould",True
WRITING (Adapted Screenplay),A Complete Unknown,Screenplay by James Mangold and Jay Cocks,True
WRITING (Adapted Screenplay),Conclave,Screenplay by Peter Straughan,True
WRITING (Adapted Screenplay),Emilia Pérez,"Screenplay by Jacques Audiard; In collaboration with Thomas Bidegain, Léa Mysius and Nicolas Livecchi",True
WRITING (Adapted Screenplay),Nickel Boys,Screenplay by RaMell Ross & Joslyn Barnes,True
WRITING (Adapted Screenplay),Sing Sing,"Screenplay by Clint Bentley, Greg Kwedar; Story by Clint Bentley, Greg Kwedar, Clarence Maclin, John ""Divine G"" Whitfield",True
WRITING (Original Screenplay),Anora,Written by Sean Baker,True
WRITING (Original Screenplay),The Brutalist,"Written by Brady Corbet, Mona Fastvold",True
WRITING (Original Screenplay),A Real Pain,Written by Jesse Eisenberg,True
WRITING (Original Screenplay),September 5,"Written by Moritz Binder, Tim Fehlbaum; Co-Written by Alex David",True
WRITING (Original Screenplay),The Substance,Written by Coralie Fargeat,True
