,sum_sq,df,F,PR(>F)
C(Genre_primary),1.695657937601026,11.0,1.8704911929270338,0.04003845670009324
Residual,57.7707375743205,701.0,,
