,sum_sq,df,F,PR(>F)
C(Genre_primary),0.8047945167767422,6.0,1.6481073971723104,0.1312699766826808
Residual,55.586451860034764,683.0,,
eta_sq,0.014271621368306545,,,
