,sum_sq,df,F,PR(>F)
C(Certificate),2.2228872908101285,5.0,5.448370141988724,6.322640118033837e-05
Residual,55.650005151050365,682.0,,
eta_sq,0.038409818431716654,,,
