,sum_sq,df,F,PR(>F)
C(Certificate),2.44750147198223,8.0,3.777346670098016,0.00023747593739211766
Residual,57.018894039939276,704.0,,
