chi2,p_value,dof
236.3788211928647,6.32251343215119e-34,30
