chi2,p_value,dof
336.65329167513505,9.269149831573735e-31,88
